[2026-06-25 16:43:01] production.ERROR: No application encryption key has been specified. {"exception":"[object] (Illuminate\\Encryption\\MissingAppKeyException(code: 0): No application encryption key has been specified. at C:/Users/USER/Desktop/projet_tutore2/somagep/vendor/laravel/framework/src/Illuminate/Encryption/EncryptionServiceProvider.php:83)
[stacktrace]
#0 C:/Users/USER/Desktop/projet_tutore2/somagep/vendor/laravel/framework/src/Illuminate/Support/helpers.php(393): Illuminate/Encryption/EncryptionServiceProvider->{closure:Illuminate/Encryption/EncryptionServiceProvider::key():81}()
#1 C:/Users/USER/Desktop/projet_tutore2/somagep/vendor/laravel/framework/src/Illuminate/Encryption/EncryptionServiceProvider.php(81): tap()
#2 C:/Users/USER/Desktop/projet_tutore2/somagep/vendor/laravel/framework/src/Illuminate/Encryption/EncryptionServiceProvider.php(64): Illuminate/Encryption/EncryptionServiceProvider->key()
#3 C:/Users/USER/Desktop/projet_tutore2/somagep/vendor/laravel/framework/src/Illuminate/Encryption/EncryptionServiceProvider.php(32): Illuminate/Encryption/EncryptionServiceProvider->parseKey()
#4 C:/Users/USER/Desktop/projet_tutore2/somagep/vendor/laravel/framework/src/Illuminate/Container/Container.php(1118): Illuminate/Encryption/EncryptionServiceProvider->{closure:Illuminate/Encryption/EncryptionServiceProvider::registerEncrypter():29}()
#5 C:/Users/USER/Desktop/projet_tutore2/somagep/vendor/laravel/framework/src/Illuminate/Container/Container.php(936): Illuminate/Container/Container->build()
#6 C:/Users/USER/Desktop/projet_tutore2/somagep/vendor/laravel/framework/src/Illuminate/Foundation/Application.php(1078): Illuminate/Container/Container->resolve()
#7 C:/Users/USER/Desktop/projet_tutore2/somagep/vendor/laravel/framework/src/Illuminate/Container/Container.php(864): Illuminate/Foundation/Application->resolve()
#8 C:/Users/USER/Desktop/projet_tutore2/somagep/vendor/laravel/framework/src/Illuminate/Foundation/Application.php(1058): Illuminate/Container/Container->make()
#9 C:/Users/USER/Desktop/projet_tutore2/somagep/vendor/laravel/framework/src/Illuminate/Container/Container.php(1339): Illuminate/Foundation/Application->make()
#10 C:/Users/USER/Desktop/projet_tutore2/somagep/vendor/laravel/framework/src/Illuminate/Container/Container.php(1240): Illuminate/Container/Container->resolveClass()
#11 C:/Users/USER/Desktop/projet_tutore2/somagep/vendor/laravel/framework/src/Illuminate/Container/Container.php(1165): Illuminate/Container/Container->resolveDependencies()
#12 C:/Users/USER/Desktop/projet_tutore2/somagep/vendor/laravel/framework/src/Illuminate/Container/Container.php(936): Illuminate/Container/Container->build()
#13 C:/Users/USER/Desktop/projet_tutore2/somagep/vendor/laravel/framework/src/Illuminate/Foundation/Application.php(1078): Illuminate/Container/Container->resolve()
#14 C:/Users/USER/Desktop/projet_tutore2/somagep/vendor/laravel/framework/src/Illuminate/Container/Container.php(864): Illuminate/Foundation/Application->resolve()
#15 C:/Users/USER/Desktop/projet_tutore2/somagep/vendor/laravel/framework/src/Illuminate/Foundation/Application.php(1058): Illuminate/Container/Container->make()
#16 C:/Users/USER/Desktop/projet_tutore2/somagep/vendor/laravel/framework/src/Illuminate/Pipeline/Pipeline.php(208): Illuminate/Foundation/Application->make()
#17 C:/Users/USER/Desktop/projet_tutore2/somagep/vendor/laravel/framework/src/Illuminate/Pipeline/Pipeline.php(137): Illuminate/Pipeline/Pipeline->{closure:{closure:Illuminate/Pipeline/Pipeline::carry():194}:195}()
#18 C:/Users/USER/Desktop/projet_tutore2/somagep/vendor/laravel/framework/src/Illuminate/Routing/Router.php(821): Illuminate/Pipeline/Pipeline->then()
#19 C:/Users/USER/Desktop/projet_tutore2/somagep/vendor/laravel/framework/src/Illuminate/Routing/Router.php(800): Illuminate/Routing/Router->runRouteWithinStack()
#20 C:/Users/USER/Desktop/projet_tutore2/somagep/vendor/laravel/framework/src/Illuminate/Routing/Router.php(764): Illuminate/Routing/Router->runRoute()
#21 C:/Users/USER/Desktop/projet_tutore2/somagep/vendor/laravel/framework/src/Illuminate/Routing/Router.php(753): Illuminate/Routing/Router->dispatchToRoute()
#22 C:/Users/USER/Desktop/projet_tutore2/somagep/vendor/laravel/framework/src/Illuminate/Foundation/Http/Kernel.php(200): Illuminate/Routing/Router->dispatch()
#23 C:/Users/USER/Desktop/projet_tutore2/somagep/vendor/laravel/framework/src/Illuminate/Pipeline/Pipeline.php(180): Illuminate/Foundation/Http/Kernel->{closure:Illuminate/Foundation/Http/Kernel::dispatchToRouter():197}()
#24 C:/Users/USER/Desktop/projet_tutore2/somagep/vendor/laravel/framework/src/Illuminate/Foundation/Http/Middleware/TransformsRequest.php(21): Illuminate/Pipeline/Pipeline->{closure:Illuminate/Pipeline/Pipeline::prepareDestination():178}()
#25 C:/Users/USER/Desktop/projet_tutore2/somagep/vendor/laravel/framework/src/Illuminate/Foundation/Http/Middleware/ConvertEmptyStringsToNull.php(31): Illuminate/Foundation/Http/Middleware/TransformsRequest->handle()
#26 C:/Users/USER/Desktop/projet_tutore2/somagep/vendor/laravel/framework/src/Illuminate/Pipeline/Pipeline.php(219): Illuminate/Foundation/Http/Middleware/ConvertEmptyStringsToNull->handle()
#27 C:/Users/USER/Desktop/projet_tutore2/somagep/vendor/laravel/framework/src/Illuminate/Foundation/Http/Middleware/TransformsRequest.php(21): Illuminate/Pipeline/Pipeline->{closure:{closure:Illuminate/Pipeline/Pipeline::carry():194}:195}()
#28 C:/Users/USER/Desktop/projet_tutore2/somagep/vendor/laravel/framework/src/Illuminate/Foundation/Http/Middleware/TrimStrings.php(51): Illuminate/Foundation/Http/Middleware/TransformsRequest->handle()
#29 C:/Users/USER/Desktop/projet_tutore2/somagep/vendor/laravel/framework/src/Illuminate/Pipeline/Pipeline.php(219): Illuminate/Foundation/Http/Middleware/TrimStrings->handle()
#30 C:/Users/USER/Desktop/projet_tutore2/somagep/vendor/laravel/framework/src/Illuminate/Http/Middleware/ValidatePostSize.php(27): Illuminate/Pipeline/Pipeline->{closure:{closure:Illuminate/Pipeline/Pipeline::carry():194}:195}()
#31 C:/Users/USER/Desktop/projet_tutore2/somagep/vendor/laravel/framework/src/Illuminate/Pipeline/Pipeline.php(219): Illuminate/Http/Middleware/ValidatePostSize->handle()
#32 C:/Users/USER/Desktop/projet_tutore2/somagep/vendor/laravel/framework/src/Illuminate/Foundation/Http/Middleware/PreventRequestsDuringMaintenance.php(109): Illuminate/Pipeline/Pipeline->{closure:{closure:Illuminate/Pipeline/Pipeline::carry():194}:195}()
#33 C:/Users/USER/Desktop/projet_tutore2/somagep/vendor/laravel/framework/src/Illuminate/Pipeline/Pipeline.php(219): Illuminate/Foundation/Http/Middleware/PreventRequestsDuringMaintenance->handle()
#34 C:/Users/USER/Desktop/projet_tutore2/somagep/vendor/laravel/framework/src/Illuminate/Http/Middleware/HandleCors.php(61): Illuminate/Pipeline/Pipeline->{closure:{closure:Illuminate/Pipeline/Pipeline::carry():194}:195}()
#35 C:/Users/USER/Desktop/projet_tutore2/somagep/vendor/laravel/framework/src/Illuminate/Pipeline/Pipeline.php(219): Illuminate/Http/Middleware/HandleCors->handle()
#36 C:/Users/USER/Desktop/projet_tutore2/somagep/vendor/laravel/framework/src/Illuminate/Http/Middleware/TrustProxies.php(58): Illuminate/Pipeline/Pipeline->{closure:{closure:Illuminate/Pipeline/Pipeline::carry():194}:195}()
#37 C:/Users/USER/Desktop/projet_tutore2/somagep/vendor/laravel/framework/src/Illuminate/Pipeline/Pipeline.php(219): Illuminate/Http/Middleware/TrustProxies->handle()
#38 C:/Users/USER/Desktop/projet_tutore2/somagep/vendor/laravel/framework/src/Illuminate/Foundation/Http/Middleware/InvokeDeferredCallbacks.php(22): Illuminate/Pipeline/Pipeline->{closure:{closure:Illuminate/Pipeline/Pipeline::carry():194}:195}()
#39 C:/Users/USER/Desktop/projet_tutore2/somagep/vendor/laravel/framework/src/Illuminate/Pipeline/Pipeline.php(219): Illuminate/Foundation/Http/Middleware/InvokeDeferredCallbacks->handle()
#40 C:/Users/USER/Desktop/projet_tutore2/somagep/vendor/laravel/framework/src/Illuminate/Http/Middleware/ValidatePathEncoding.php(28): Illuminate/Pipeline/Pipeline->{closure:{closure:Illuminate/Pipeline/Pipeline::carry():194}:195}()
#41 C:/Users/USER/Desktop/projet_tutore2/somagep/vendor/laravel/framework/src/Illuminate/Pipeline/Pipeline.php(219): Illuminate/Http/Middleware/ValidatePathEncoding->handle()
#42 C:/Users/USER/Desktop/projet_tutore2/somagep/vendor/laravel/framework/src/Illuminate/Pipeline/Pipeline.php(137): Illuminate/Pipeline/Pipeline->{closure:{closure:Illuminate/Pipeline/Pipeline::carry():194}:195}()
#43 C:/Users/USER/Desktop/projet_tutore2/somagep/vendor/laravel/framework/src/Illuminate/Foundation/Http/Kernel.php(175): Illuminate/Pipeline/Pipeline->then()
#44 C:/Users/USER/Desktop/projet_tutore2/somagep/vendor/laravel/framework/src/Illuminate/Foundation/Http/Kernel.php(144): Illuminate/Foundation/Http/Kernel->sendRequestThroughRouter()
#45 C:/Users/USER/Desktop/projet_tutore2/somagep/vendor/laravel/framework/src/Illuminate/Foundation/Application.php(1220): Illuminate/Foundation/Http/Kernel->handle()
#46 C:/Users/USER/Desktop/projet_tutore2/somagep/public/index.php(20): Illuminate/Foundation/Application->handleRequest()
#47 C:/Users/USER/Desktop/projet_tutore2/somagep/vendor/laravel/framework/src/Illuminate/Foundation/resources/server.php(23): require_once('...')
#48 {main}
"} 
[2026-06-25 16:43:01] production.ERROR: No application encryption key has been specified. {"exception":"[object] (Illuminate\\Encryption\\MissingAppKeyException(code: 0): No application encryption key has been specified. at C:/Users/USER/Desktop/projet_tutore2/somagep/vendor/laravel/framework/src/Illuminate/Encryption/EncryptionServiceProvider.php:83)
[stacktrace]
#0 C:/Users/USER/Desktop/projet_tutore2/somagep/vendor/laravel/framework/src/Illuminate/Support/helpers.php(393): Illuminate/Encryption/EncryptionServiceProvider->{closure:Illuminate/Encryption/EncryptionServiceProvider::key():81}()
#1 C:/Users/USER/Desktop/projet_tutore2/somagep/vendor/laravel/framework/src/Illuminate/Encryption/EncryptionServiceProvider.php(81): tap()
#2 C:/Users/USER/Desktop/projet_tutore2/somagep/vendor/laravel/framework/src/Illuminate/Encryption/EncryptionServiceProvider.php(64): Illuminate/Encryption/EncryptionServiceProvider->key()
#3 C:/Users/USER/Desktop/projet_tutore2/somagep/vendor/laravel/framework/src/Illuminate/Encryption/EncryptionServiceProvider.php(32): Illuminate/Encryption/EncryptionServiceProvider->parseKey()
#4 C:/Users/USER/Desktop/projet_tutore2/somagep/vendor/laravel/framework/src/Illuminate/Container/Container.php(1118): Illuminate/Encryption/EncryptionServiceProvider->{closure:Illuminate/Encryption/EncryptionServiceProvider::registerEncrypter():29}()
#5 C:/Users/USER/Desktop/projet_tutore2/somagep/vendor/laravel/framework/src/Illuminate/Container/Container.php(936): Illuminate/Container/Container->build()
#6 C:/Users/USER/Desktop/projet_tutore2/somagep/vendor/laravel/framework/src/Illuminate/Foundation/Application.php(1078): Illuminate/Container/Container->resolve()
#7 C:/Users/USER/Desktop/projet_tutore2/somagep/vendor/laravel/framework/src/Illuminate/Container/Container.php(864): Illuminate/Foundation/Application->resolve()
#8 C:/Users/USER/Desktop/projet_tutore2/somagep/vendor/laravel/framework/src/Illuminate/Foundation/Application.php(1058): Illuminate/Container/Container->make()
#9 C:/Users/USER/Desktop/projet_tutore2/somagep/vendor/laravel/framework/src/Illuminate/Container/Container.php(1339): Illuminate/Foundation/Application->make()
#10 C:/Users/USER/Desktop/projet_tutore2/somagep/vendor/laravel/framework/src/Illuminate/Container/Container.php(1240): Illuminate/Container/Container->resolveClass()
#11 C:/Users/USER/Desktop/projet_tutore2/somagep/vendor/laravel/framework/src/Illuminate/Container/Container.php(1165): Illuminate/Container/Container->resolveDependencies()
#12 C:/Users/USER/Desktop/projet_tutore2/somagep/vendor/laravel/framework/src/Illuminate/Container/Container.php(936): Illuminate/Container/Container->build()
#13 C:/Users/USER/Desktop/projet_tutore2/somagep/vendor/laravel/framework/src/Illuminate/Foundation/Application.php(1078): Illuminate/Container/Container->resolve()
#14 C:/Users/USER/Desktop/projet_tutore2/somagep/vendor/laravel/framework/src/Illuminate/Container/Container.php(864): Illuminate/Foundation/Application->resolve()
#15 C:/Users/USER/Desktop/projet_tutore2/somagep/vendor/laravel/framework/src/Illuminate/Foundation/Application.php(1058): Illuminate/Container/Container->make()
#16 C:/Users/USER/Desktop/projet_tutore2/somagep/vendor/laravel/framework/src/Illuminate/Foundation/Http/Kernel.php(257): Illuminate/Foundation/Application->make()
#17 C:/Users/USER/Desktop/projet_tutore2/somagep/vendor/laravel/framework/src/Illuminate/Foundation/Http/Kernel.php(215): Illuminate/Foundation/Http/Kernel->terminateMiddleware()
#18 C:/Users/USER/Desktop/projet_tutore2/somagep/vendor/laravel/framework/src/Illuminate/Foundation/Application.php(1222): Illuminate/Foundation/Http/Kernel->terminate()
#19 C:/Users/USER/Desktop/projet_tutore2/somagep/public/index.php(20): Illuminate/Foundation/Application->handleRequest()
#20 C:/Users/USER/Desktop/projet_tutore2/somagep/vendor/laravel/framework/src/Illuminate/Foundation/resources/server.php(23): require_once('...')
#21 {main}
"} 
[2026-06-25 16:43:01] production.ERROR: Uncaught ErrorException: Cannot modify header information - headers already sent by (output started at C:\Users\USER\Desktop\projet_tutore2\somagep\vendor\symfony\http-foundation\Response.php:393) in C:\Users\USER\Desktop\projet_tutore2\somagep\vendor\symfony\http-foundation\Response.php:328
Stack trace:
#0 C:\Users\USER\Desktop\projet_tutore2\somagep\vendor\laravel\framework\src\Illuminate\Foundation\Bootstrap\HandleExceptions.php(263): Illuminate\Foundation\Bootstrap\HandleExceptions->handleError()
#1 [internal function]: Illuminate\Foundation\Bootstrap\HandleExceptions->{closure:Illuminate\Foundation\Bootstrap\HandleExceptions::forwardsTo():262}()
#2 C:\Users\USER\Desktop\projet_tutore2\somagep\vendor\symfony\http-foundation\Response.php(328): header()
#3 C:\Users\USER\Desktop\projet_tutore2\somagep\vendor\symfony\http-foundation\Response.php(407): Symfony\Component\HttpFoundation\Response->sendHeaders()
#4 C:\Users\USER\Desktop\projet_tutore2\somagep\vendor\laravel\framework\src\Illuminate\Foundation\Bootstrap\HandleExceptions.php(226): Symfony\Component\HttpFoundation\Response->send()
#5 C:\Users\USER\Desktop\projet_tutore2\somagep\vendor\laravel\framework\src\Illuminate\Foundation\Bootstrap\HandleExceptions.php(203): Illuminate\Foundation\Bootstrap\HandleExceptions->renderHttpResponse()
#6 C:\Users\USER\Desktop\projet_tutore2\somagep\vendor\laravel\framework\src\Illuminate\Foundation\Bootstrap\HandleExceptions.php(263): Illuminate\Foundation\Bootstrap\HandleExceptions->handleException()
#7 [internal function]: Illuminate\Foundation\Bootstrap\HandleExceptions->{closure:Illuminate\Foundation\Bootstrap\HandleExceptions::forwardsTo():262}()
#8 {main}
  thrown {"exception":"[object] (Symfony\\Component\\ErrorHandler\\Error\\FatalError(code: 0): Uncaught ErrorException: Cannot modify header information - headers already sent by (output started at C:\\Users\\USER\\Desktop\\projet_tutore2\\somagep\\vendor\\symfony\\http-foundation\\Response.php:393) in C:\\Users\\USER\\Desktop\\projet_tutore2\\somagep\\vendor\\symfony\\http-foundation\\Response.php:328
Stack trace:
#0 C:\\Users\\USER\\Desktop\\projet_tutore2\\somagep\\vendor\\laravel\\framework\\src\\Illuminate\\Foundation\\Bootstrap\\HandleExceptions.php(263): Illuminate\\Foundation\\Bootstrap\\HandleExceptions->handleError()
#1 [internal function]: Illuminate\\Foundation\\Bootstrap\\HandleExceptions->{closure:Illuminate\\Foundation\\Bootstrap\\HandleExceptions::forwardsTo():262}()
#2 C:\\Users\\USER\\Desktop\\projet_tutore2\\somagep\\vendor\\symfony\\http-foundation\\Response.php(328): header()
#3 C:\\Users\\USER\\Desktop\\projet_tutore2\\somagep\\vendor\\symfony\\http-foundation\\Response.php(407): Symfony\\Component\\HttpFoundation\\Response->sendHeaders()
#4 C:\\Users\\USER\\Desktop\\projet_tutore2\\somagep\\vendor\\laravel\\framework\\src\\Illuminate\\Foundation\\Bootstrap\\HandleExceptions.php(226): Symfony\\Component\\HttpFoundation\\Response->send()
#5 C:\\Users\\USER\\Desktop\\projet_tutore2\\somagep\\vendor\\laravel\\framework\\src\\Illuminate\\Foundation\\Bootstrap\\HandleExceptions.php(203): Illuminate\\Foundation\\Bootstrap\\HandleExceptions->renderHttpResponse()
#6 C:\\Users\\USER\\Desktop\\projet_tutore2\\somagep\\vendor\\laravel\\framework\\src\\Illuminate\\Foundation\\Bootstrap\\HandleExceptions.php(263): Illuminate\\Foundation\\Bootstrap\\HandleExceptions->handleException()
#7 [internal function]: Illuminate\\Foundation\\Bootstrap\\HandleExceptions->{closure:Illuminate\\Foundation\\Bootstrap\\HandleExceptions::forwardsTo():262}()
#8 {main}
  thrown at C:/Users/USER/Desktop/projet_tutore2/somagep/vendor/symfony/http-foundation/Response.php:328)
[stacktrace]
#0 {main}
"} 
[2026-06-25 16:43:15] production.ERROR: No application encryption key has been specified. {"exception":"[object] (Illuminate\\Encryption\\MissingAppKeyException(code: 0): No application encryption key has been specified. at C:/Users/USER/Desktop/projet_tutore2/somagep/vendor/laravel/framework/src/Illuminate/Encryption/EncryptionServiceProvider.php:83)
[stacktrace]
#0 C:/Users/USER/Desktop/projet_tutore2/somagep/vendor/laravel/framework/src/Illuminate/Support/helpers.php(393): Illuminate/Encryption/EncryptionServiceProvider->{closure:Illuminate/Encryption/EncryptionServiceProvider::key():81}()
#1 C:/Users/USER/Desktop/projet_tutore2/somagep/vendor/laravel/framework/src/Illuminate/Encryption/EncryptionServiceProvider.php(81): tap()
#2 C:/Users/USER/Desktop/projet_tutore2/somagep/vendor/laravel/framework/src/Illuminate/Encryption/EncryptionServiceProvider.php(64): Illuminate/Encryption/EncryptionServiceProvider->key()
#3 C:/Users/USER/Desktop/projet_tutore2/somagep/vendor/laravel/framework/src/Illuminate/Encryption/EncryptionServiceProvider.php(32): Illuminate/Encryption/EncryptionServiceProvider->parseKey()
#4 C:/Users/USER/Desktop/projet_tutore2/somagep/vendor/laravel/framework/src/Illuminate/Container/Container.php(1118): Illuminate/Encryption/EncryptionServiceProvider->{closure:Illuminate/Encryption/EncryptionServiceProvider::registerEncrypter():29}()
#5 C:/Users/USER/Desktop/projet_tutore2/somagep/vendor/laravel/framework/src/Illuminate/Container/Container.php(936): Illuminate/Container/Container->build()
#6 C:/Users/USER/Desktop/projet_tutore2/somagep/vendor/laravel/framework/src/Illuminate/Foundation/Application.php(1078): Illuminate/Container/Container->resolve()
#7 C:/Users/USER/Desktop/projet_tutore2/somagep/vendor/laravel/framework/src/Illuminate/Container/Container.php(864): Illuminate/Foundation/Application->resolve()
#8 C:/Users/USER/Desktop/projet_tutore2/somagep/vendor/laravel/framework/src/Illuminate/Foundation/Application.php(1058): Illuminate/Container/Container->make()
#9 C:/Users/USER/Desktop/projet_tutore2/somagep/vendor/laravel/framework/src/Illuminate/Container/Container.php(1339): Illuminate/Foundation/Application->make()
#10 C:/Users/USER/Desktop/projet_tutore2/somagep/vendor/laravel/framework/src/Illuminate/Container/Container.php(1240): Illuminate/Container/Container->resolveClass()
#11 C:/Users/USER/Desktop/projet_tutore2/somagep/vendor/laravel/framework/src/Illuminate/Container/Container.php(1165): Illuminate/Container/Container->resolveDependencies()
#12 C:/Users/USER/Desktop/projet_tutore2/somagep/vendor/laravel/framework/src/Illuminate/Container/Container.php(936): Illuminate/Container/Container->build()
#13 C:/Users/USER/Desktop/projet_tutore2/somagep/vendor/laravel/framework/src/Illuminate/Foundation/Application.php(1078): Illuminate/Container/Container->resolve()
#14 C:/Users/USER/Desktop/projet_tutore2/somagep/vendor/laravel/framework/src/Illuminate/Container/Container.php(864): Illuminate/Foundation/Application->resolve()
#15 C:/Users/USER/Desktop/projet_tutore2/somagep/vendor/laravel/framework/src/Illuminate/Foundation/Application.php(1058): Illuminate/Container/Container->make()
#16 C:/Users/USER/Desktop/projet_tutore2/somagep/vendor/laravel/framework/src/Illuminate/Pipeline/Pipeline.php(208): Illuminate/Foundation/Application->make()
#17 C:/Users/USER/Desktop/projet_tutore2/somagep/vendor/laravel/framework/src/Illuminate/Pipeline/Pipeline.php(137): Illuminate/Pipeline/Pipeline->{closure:{closure:Illuminate/Pipeline/Pipeline::carry():194}:195}()
#18 C:/Users/USER/Desktop/projet_tutore2/somagep/vendor/laravel/framework/src/Illuminate/Routing/Router.php(821): Illuminate/Pipeline/Pipeline->then()
#19 C:/Users/USER/Desktop/projet_tutore2/somagep/vendor/laravel/framework/src/Illuminate/Routing/Router.php(800): Illuminate/Routing/Router->runRouteWithinStack()
#20 C:/Users/USER/Desktop/projet_tutore2/somagep/vendor/laravel/framework/src/Illuminate/Routing/Router.php(764): Illuminate/Routing/Router->runRoute()
#21 C:/Users/USER/Desktop/projet_tutore2/somagep/vendor/laravel/framework/src/Illuminate/Routing/Router.php(753): Illuminate/Routing/Router->dispatchToRoute()
#22 C:/Users/USER/Desktop/projet_tutore2/somagep/vendor/laravel/framework/src/Illuminate/Foundation/Http/Kernel.php(200): Illuminate/Routing/Router->dispatch()
#23 C:/Users/USER/Desktop/projet_tutore2/somagep/vendor/laravel/framework/src/Illuminate/Pipeline/Pipeline.php(180): Illuminate/Foundation/Http/Kernel->{closure:Illuminate/Foundation/Http/Kernel::dispatchToRouter():197}()
#24 C:/Users/USER/Desktop/projet_tutore2/somagep/vendor/laravel/framework/src/Illuminate/Foundation/Http/Middleware/TransformsRequest.php(21): Illuminate/Pipeline/Pipeline->{closure:Illuminate/Pipeline/Pipeline::prepareDestination():178}()
#25 C:/Users/USER/Desktop/projet_tutore2/somagep/vendor/laravel/framework/src/Illuminate/Foundation/Http/Middleware/ConvertEmptyStringsToNull.php(31): Illuminate/Foundation/Http/Middleware/TransformsRequest->handle()
#26 C:/Users/USER/Desktop/projet_tutore2/somagep/vendor/laravel/framework/src/Illuminate/Pipeline/Pipeline.php(219): Illuminate/Foundation/Http/Middleware/ConvertEmptyStringsToNull->handle()
#27 C:/Users/USER/Desktop/projet_tutore2/somagep/vendor/laravel/framework/src/Illuminate/Foundation/Http/Middleware/TransformsRequest.php(21): Illuminate/Pipeline/Pipeline->{closure:{closure:Illuminate/Pipeline/Pipeline::carry():194}:195}()
#28 C:/Users/USER/Desktop/projet_tutore2/somagep/vendor/laravel/framework/src/Illuminate/Foundation/Http/Middleware/TrimStrings.php(51): Illuminate/Foundation/Http/Middleware/TransformsRequest->handle()
#29 C:/Users/USER/Desktop/projet_tutore2/somagep/vendor/laravel/framework/src/Illuminate/Pipeline/Pipeline.php(219): Illuminate/Foundation/Http/Middleware/TrimStrings->handle()
#30 C:/Users/USER/Desktop/projet_tutore2/somagep/vendor/laravel/framework/src/Illuminate/Http/Middleware/ValidatePostSize.php(27): Illuminate/Pipeline/Pipeline->{closure:{closure:Illuminate/Pipeline/Pipeline::carry():194}:195}()
#31 C:/Users/USER/Desktop/projet_tutore2/somagep/vendor/laravel/framework/src/Illuminate/Pipeline/Pipeline.php(219): Illuminate/Http/Middleware/ValidatePostSize->handle()
#32 C:/Users/USER/Desktop/projet_tutore2/somagep/vendor/laravel/framework/src/Illuminate/Foundation/Http/Middleware/PreventRequestsDuringMaintenance.php(109): Illuminate/Pipeline/Pipeline->{closure:{closure:Illuminate/Pipeline/Pipeline::carry():194}:195}()
#33 C:/Users/USER/Desktop/projet_tutore2/somagep/vendor/laravel/framework/src/Illuminate/Pipeline/Pipeline.php(219): Illuminate/Foundation/Http/Middleware/PreventRequestsDuringMaintenance->handle()
#34 C:/Users/USER/Desktop/projet_tutore2/somagep/vendor/laravel/framework/src/Illuminate/Http/Middleware/HandleCors.php(61): Illuminate/Pipeline/Pipeline->{closure:{closure:Illuminate/Pipeline/Pipeline::carry():194}:195}()
#35 C:/Users/USER/Desktop/projet_tutore2/somagep/vendor/laravel/framework/src/Illuminate/Pipeline/Pipeline.php(219): Illuminate/Http/Middleware/HandleCors->handle()
#36 C:/Users/USER/Desktop/projet_tutore2/somagep/vendor/laravel/framework/src/Illuminate/Http/Middleware/TrustProxies.php(58): Illuminate/Pipeline/Pipeline->{closure:{closure:Illuminate/Pipeline/Pipeline::carry():194}:195}()
#37 C:/Users/USER/Desktop/projet_tutore2/somagep/vendor/laravel/framework/src/Illuminate/Pipeline/Pipeline.php(219): Illuminate/Http/Middleware/TrustProxies->handle()
#38 C:/Users/USER/Desktop/projet_tutore2/somagep/vendor/laravel/framework/src/Illuminate/Foundation/Http/Middleware/InvokeDeferredCallbacks.php(22): Illuminate/Pipeline/Pipeline->{closure:{closure:Illuminate/Pipeline/Pipeline::carry():194}:195}()
#39 C:/Users/USER/Desktop/projet_tutore2/somagep/vendor/laravel/framework/src/Illuminate/Pipeline/Pipeline.php(219): Illuminate/Foundation/Http/Middleware/InvokeDeferredCallbacks->handle()
#40 C:/Users/USER/Desktop/projet_tutore2/somagep/vendor/laravel/framework/src/Illuminate/Http/Middleware/ValidatePathEncoding.php(28): Illuminate/Pipeline/Pipeline->{closure:{closure:Illuminate/Pipeline/Pipeline::carry():194}:195}()
#41 C:/Users/USER/Desktop/projet_tutore2/somagep/vendor/laravel/framework/src/Illuminate/Pipeline/Pipeline.php(219): Illuminate/Http/Middleware/ValidatePathEncoding->handle()
#42 C:/Users/USER/Desktop/projet_tutore2/somagep/vendor/laravel/framework/src/Illuminate/Pipeline/Pipeline.php(137): Illuminate/Pipeline/Pipeline->{closure:{closure:Illuminate/Pipeline/Pipeline::carry():194}:195}()
#43 C:/Users/USER/Desktop/projet_tutore2/somagep/vendor/laravel/framework/src/Illuminate/Foundation/Http/Kernel.php(175): Illuminate/Pipeline/Pipeline->then()
#44 C:/Users/USER/Desktop/projet_tutore2/somagep/vendor/laravel/framework/src/Illuminate/Foundation/Http/Kernel.php(144): Illuminate/Foundation/Http/Kernel->sendRequestThroughRouter()
#45 C:/Users/USER/Desktop/projet_tutore2/somagep/vendor/laravel/framework/src/Illuminate/Foundation/Application.php(1220): Illuminate/Foundation/Http/Kernel->handle()
#46 C:/Users/USER/Desktop/projet_tutore2/somagep/public/index.php(20): Illuminate/Foundation/Application->handleRequest()
#47 C:/Users/USER/Desktop/projet_tutore2/somagep/vendor/laravel/framework/src/Illuminate/Foundation/resources/server.php(23): require_once('...')
#48 {main}
"} 
[2026-06-25 16:43:15] production.ERROR: No application encryption key has been specified. {"exception":"[object] (Illuminate\\Encryption\\MissingAppKeyException(code: 0): No application encryption key has been specified. at C:/Users/USER/Desktop/projet_tutore2/somagep/vendor/laravel/framework/src/Illuminate/Encryption/EncryptionServiceProvider.php:83)
[stacktrace]
#0 C:/Users/USER/Desktop/projet_tutore2/somagep/vendor/laravel/framework/src/Illuminate/Support/helpers.php(393): Illuminate/Encryption/EncryptionServiceProvider->{closure:Illuminate/Encryption/EncryptionServiceProvider::key():81}()
#1 C:/Users/USER/Desktop/projet_tutore2/somagep/vendor/laravel/framework/src/Illuminate/Encryption/EncryptionServiceProvider.php(81): tap()
#2 C:/Users/USER/Desktop/projet_tutore2/somagep/vendor/laravel/framework/src/Illuminate/Encryption/EncryptionServiceProvider.php(64): Illuminate/Encryption/EncryptionServiceProvider->key()
#3 C:/Users/USER/Desktop/projet_tutore2/somagep/vendor/laravel/framework/src/Illuminate/Encryption/EncryptionServiceProvider.php(32): Illuminate/Encryption/EncryptionServiceProvider->parseKey()
#4 C:/Users/USER/Desktop/projet_tutore2/somagep/vendor/laravel/framework/src/Illuminate/Container/Container.php(1118): Illuminate/Encryption/EncryptionServiceProvider->{closure:Illuminate/Encryption/EncryptionServiceProvider::registerEncrypter():29}()
#5 C:/Users/USER/Desktop/projet_tutore2/somagep/vendor/laravel/framework/src/Illuminate/Container/Container.php(936): Illuminate/Container/Container->build()
#6 C:/Users/USER/Desktop/projet_tutore2/somagep/vendor/laravel/framework/src/Illuminate/Foundation/Application.php(1078): Illuminate/Container/Container->resolve()
#7 C:/Users/USER/Desktop/projet_tutore2/somagep/vendor/laravel/framework/src/Illuminate/Container/Container.php(864): Illuminate/Foundation/Application->resolve()
#8 C:/Users/USER/Desktop/projet_tutore2/somagep/vendor/laravel/framework/src/Illuminate/Foundation/Application.php(1058): Illuminate/Container/Container->make()
#9 C:/Users/USER/Desktop/projet_tutore2/somagep/vendor/laravel/framework/src/Illuminate/Container/Container.php(1339): Illuminate/Foundation/Application->make()
#10 C:/Users/USER/Desktop/projet_tutore2/somagep/vendor/laravel/framework/src/Illuminate/Container/Container.php(1240): Illuminate/Container/Container->resolveClass()
#11 C:/Users/USER/Desktop/projet_tutore2/somagep/vendor/laravel/framework/src/Illuminate/Container/Container.php(1165): Illuminate/Container/Container->resolveDependencies()
#12 C:/Users/USER/Desktop/projet_tutore2/somagep/vendor/laravel/framework/src/Illuminate/Container/Container.php(936): Illuminate/Container/Container->build()
#13 C:/Users/USER/Desktop/projet_tutore2/somagep/vendor/laravel/framework/src/Illuminate/Foundation/Application.php(1078): Illuminate/Container/Container->resolve()
#14 C:/Users/USER/Desktop/projet_tutore2/somagep/vendor/laravel/framework/src/Illuminate/Container/Container.php(864): Illuminate/Foundation/Application->resolve()
#15 C:/Users/USER/Desktop/projet_tutore2/somagep/vendor/laravel/framework/src/Illuminate/Foundation/Application.php(1058): Illuminate/Container/Container->make()
#16 C:/Users/USER/Desktop/projet_tutore2/somagep/vendor/laravel/framework/src/Illuminate/Foundation/Http/Kernel.php(257): Illuminate/Foundation/Application->make()
#17 C:/Users/USER/Desktop/projet_tutore2/somagep/vendor/laravel/framework/src/Illuminate/Foundation/Http/Kernel.php(215): Illuminate/Foundation/Http/Kernel->terminateMiddleware()
#18 C:/Users/USER/Desktop/projet_tutore2/somagep/vendor/laravel/framework/src/Illuminate/Foundation/Application.php(1222): Illuminate/Foundation/Http/Kernel->terminate()
#19 C:/Users/USER/Desktop/projet_tutore2/somagep/public/index.php(20): Illuminate/Foundation/Application->handleRequest()
#20 C:/Users/USER/Desktop/projet_tutore2/somagep/vendor/laravel/framework/src/Illuminate/Foundation/resources/server.php(23): require_once('...')
#21 {main}
"} 
[2026-06-25 16:43:15] production.ERROR: Uncaught ErrorException: Cannot modify header information - headers already sent by (output started at C:\Users\USER\Desktop\projet_tutore2\somagep\vendor\symfony\http-foundation\Response.php:393) in C:\Users\USER\Desktop\projet_tutore2\somagep\vendor\symfony\http-foundation\Response.php:328
Stack trace:
#0 C:\Users\USER\Desktop\projet_tutore2\somagep\vendor\laravel\framework\src\Illuminate\Foundation\Bootstrap\HandleExceptions.php(263): Illuminate\Foundation\Bootstrap\HandleExceptions->handleError()
#1 [internal function]: Illuminate\Foundation\Bootstrap\HandleExceptions->{closure:Illuminate\Foundation\Bootstrap\HandleExceptions::forwardsTo():262}()
#2 C:\Users\USER\Desktop\projet_tutore2\somagep\vendor\symfony\http-foundation\Response.php(328): header()
#3 C:\Users\USER\Desktop\projet_tutore2\somagep\vendor\symfony\http-foundation\Response.php(407): Symfony\Component\HttpFoundation\Response->sendHeaders()
#4 C:\Users\USER\Desktop\projet_tutore2\somagep\vendor\laravel\framework\src\Illuminate\Foundation\Bootstrap\HandleExceptions.php(226): Symfony\Component\HttpFoundation\Response->send()
#5 C:\Users\USER\Desktop\projet_tutore2\somagep\vendor\laravel\framework\src\Illuminate\Foundation\Bootstrap\HandleExceptions.php(203): Illuminate\Foundation\Bootstrap\HandleExceptions->renderHttpResponse()
#6 C:\Users\USER\Desktop\projet_tutore2\somagep\vendor\laravel\framework\src\Illuminate\Foundation\Bootstrap\HandleExceptions.php(263): Illuminate\Foundation\Bootstrap\HandleExceptions->handleException()
#7 [internal function]: Illuminate\Foundation\Bootstrap\HandleExceptions->{closure:Illuminate\Foundation\Bootstrap\HandleExceptions::forwardsTo():262}()
#8 {main}
  thrown {"exception":"[object] (Symfony\\Component\\ErrorHandler\\Error\\FatalError(code: 0): Uncaught ErrorException: Cannot modify header information - headers already sent by (output started at C:\\Users\\USER\\Desktop\\projet_tutore2\\somagep\\vendor\\symfony\\http-foundation\\Response.php:393) in C:\\Users\\USER\\Desktop\\projet_tutore2\\somagep\\vendor\\symfony\\http-foundation\\Response.php:328
Stack trace:
#0 C:\\Users\\USER\\Desktop\\projet_tutore2\\somagep\\vendor\\laravel\\framework\\src\\Illuminate\\Foundation\\Bootstrap\\HandleExceptions.php(263): Illuminate\\Foundation\\Bootstrap\\HandleExceptions->handleError()
#1 [internal function]: Illuminate\\Foundation\\Bootstrap\\HandleExceptions->{closure:Illuminate\\Foundation\\Bootstrap\\HandleExceptions::forwardsTo():262}()
#2 C:\\Users\\USER\\Desktop\\projet_tutore2\\somagep\\vendor\\symfony\\http-foundation\\Response.php(328): header()
#3 C:\\Users\\USER\\Desktop\\projet_tutore2\\somagep\\vendor\\symfony\\http-foundation\\Response.php(407): Symfony\\Component\\HttpFoundation\\Response->sendHeaders()
#4 C:\\Users\\USER\\Desktop\\projet_tutore2\\somagep\\vendor\\laravel\\framework\\src\\Illuminate\\Foundation\\Bootstrap\\HandleExceptions.php(226): Symfony\\Component\\HttpFoundation\\Response->send()
#5 C:\\Users\\USER\\Desktop\\projet_tutore2\\somagep\\vendor\\laravel\\framework\\src\\Illuminate\\Foundation\\Bootstrap\\HandleExceptions.php(203): Illuminate\\Foundation\\Bootstrap\\HandleExceptions->renderHttpResponse()
#6 C:\\Users\\USER\\Desktop\\projet_tutore2\\somagep\\vendor\\laravel\\framework\\src\\Illuminate\\Foundation\\Bootstrap\\HandleExceptions.php(263): Illuminate\\Foundation\\Bootstrap\\HandleExceptions->handleException()
#7 [internal function]: Illuminate\\Foundation\\Bootstrap\\HandleExceptions->{closure:Illuminate\\Foundation\\Bootstrap\\HandleExceptions::forwardsTo():262}()
#8 {main}
  thrown at C:/Users/USER/Desktop/projet_tutore2/somagep/vendor/symfony/http-foundation/Response.php:328)
[stacktrace]
#0 {main}
"} 
[2026-06-25 16:44:38] production.ERROR: could not find driver (Connection: sqlite, Database: C:\Users\USER\Desktop\projet_tutore2\somagep\database\database.sqlite, SQL: select exists (select 1 from "main".sqlite_master where name = 'migrations' and type = 'table') as "exists") {"exception":"[object] (Illuminate\\Database\\QueryException(code: 0): could not find driver (Connection: sqlite, Database: C:\\Users\\USER\\Desktop\\projet_tutore2\\somagep\\database\\database.sqlite, SQL: select exists (select 1 from \"main\".sqlite_master where name = 'migrations' and type = 'table') as \"exists\") at C:/Users/USER/Desktop/projet_tutore2/somagep/vendor/laravel/framework/src/Illuminate/Database/Connection.php:857)
[stacktrace]
#0 C:/Users/USER/Desktop/projet_tutore2/somagep/vendor/laravel/framework/src/Illuminate/Database/Connection.php(813): Illuminate/Database/Connection->runQueryCallback()
#1 C:/Users/USER/Desktop/projet_tutore2/somagep/vendor/laravel/framework/src/Illuminate/Database/Connection.php(426): Illuminate/Database/Connection->run()
#2 C:/Users/USER/Desktop/projet_tutore2/somagep/vendor/laravel/framework/src/Illuminate/Database/Connection.php(371): Illuminate/Database/Connection->select()
#3 C:/Users/USER/Desktop/projet_tutore2/somagep/vendor/laravel/framework/src/Illuminate/Database/Connection.php(388): Illuminate/Database/Connection->selectOne()
#4 C:/Users/USER/Desktop/projet_tutore2/somagep/vendor/laravel/framework/src/Illuminate/Database/Schema/Builder.php(176): Illuminate/Database/Connection->scalar()
#5 C:/Users/USER/Desktop/projet_tutore2/somagep/vendor/laravel/framework/src/Illuminate/Database/Migrations/DatabaseMigrationRepository.php(185): Illuminate/Database/Schema/Builder->hasTable()
#6 C:/Users/USER/Desktop/projet_tutore2/somagep/vendor/laravel/framework/src/Illuminate/Database/Migrations/Migrator.php(797): Illuminate/Database/Migrations/DatabaseMigrationRepository->repositoryExists()
#7 C:/Users/USER/Desktop/projet_tutore2/somagep/vendor/laravel/framework/src/Illuminate/Database/Console/Migrations/MigrateCommand.php(166): Illuminate/Database/Migrations/Migrator->repositoryExists()
#8 C:/Users/USER/Desktop/projet_tutore2/somagep/vendor/laravel/framework/src/Illuminate/Support/helpers.php(328): Illuminate/Database/Console/Migrations/MigrateCommand->{closure:Illuminate/Database/Console/Migrations/MigrateCommand::repositoryExists():166}()
#9 C:/Users/USER/Desktop/projet_tutore2/somagep/vendor/laravel/framework/src/Illuminate/Database/Console/Migrations/MigrateCommand.php(166): retry()
#10 C:/Users/USER/Desktop/projet_tutore2/somagep/vendor/laravel/framework/src/Illuminate/Database/Console/Migrations/MigrateCommand.php(142): Illuminate/Database/Console/Migrations/MigrateCommand->repositoryExists()
#11 C:/Users/USER/Desktop/projet_tutore2/somagep/vendor/laravel/framework/src/Illuminate/Database/Console/Migrations/MigrateCommand.php(112): Illuminate/Database/Console/Migrations/MigrateCommand->prepareDatabase()
#12 C:/Users/USER/Desktop/projet_tutore2/somagep/vendor/laravel/framework/src/Illuminate/Database/Migrations/Migrator.php(672): Illuminate/Database/Console/Migrations/MigrateCommand->{closure:Illuminate/Database/Console/Migrations/MigrateCommand::runMigrations():111}()
#13 C:/Users/USER/Desktop/projet_tutore2/somagep/vendor/laravel/framework/src/Illuminate/Database/Console/Migrations/MigrateCommand.php(111): Illuminate/Database/Migrations/Migrator->usingConnection()
#14 C:/Users/USER/Desktop/projet_tutore2/somagep/vendor/laravel/framework/src/Illuminate/Database/Console/Migrations/MigrateCommand.php(90): Illuminate/Database/Console/Migrations/MigrateCommand->runMigrations()
#15 C:/Users/USER/Desktop/projet_tutore2/somagep/vendor/laravel/framework/src/Illuminate/Container/BoundMethod.php(36): Illuminate/Database/Console/Migrations/MigrateCommand->handle()
#16 C:/Users/USER/Desktop/projet_tutore2/somagep/vendor/laravel/framework/src/Illuminate/Container/Util.php(43): Illuminate/Container/BoundMethod::{closure:Illuminate/Container/BoundMethod::call():35}()
#17 C:/Users/USER/Desktop/projet_tutore2/somagep/vendor/laravel/framework/src/Illuminate/Container/BoundMethod.php(96): Illuminate/Container/Util::unwrapIfClosure()
#18 C:/Users/USER/Desktop/projet_tutore2/somagep/vendor/laravel/framework/src/Illuminate/Container/BoundMethod.php(35): Illuminate/Container/BoundMethod::callBoundMethod()
#19 C:/Users/USER/Desktop/projet_tutore2/somagep/vendor/laravel/framework/src/Illuminate/Container/Container.php(799): Illuminate/Container/BoundMethod::call()
#20 C:/Users/USER/Desktop/projet_tutore2/somagep/vendor/laravel/framework/src/Illuminate/Console/Command.php(280): Illuminate/Container/Container->call()
#21 C:/Users/USER/Desktop/projet_tutore2/somagep/vendor/symfony/console/Command/Command.php(284): Illuminate/Console/Command->execute()
#22 C:/Users/USER/Desktop/projet_tutore2/somagep/vendor/laravel/framework/src/Illuminate/Console/Command.php(249): Symfony/Component/Console/Command/Command->run()
#23 C:/Users/USER/Desktop/projet_tutore2/somagep/vendor/symfony/console/Application.php(1144): Illuminate/Console/Command->run()
#24 C:/Users/USER/Desktop/projet_tutore2/somagep/vendor/symfony/console/Application.php(379): Symfony/Component/Console/Application->doRunCommand()
#25 C:/Users/USER/Desktop/projet_tutore2/somagep/vendor/symfony/console/Application.php(218): Symfony/Component/Console/Application->doRun()
#26 C:/Users/USER/Desktop/projet_tutore2/somagep/vendor/laravel/framework/src/Illuminate/Foundation/Console/Kernel.php(198): Symfony/Component/Console/Application->run()
#27 C:/Users/USER/Desktop/projet_tutore2/somagep/vendor/laravel/framework/src/Illuminate/Foundation/Application.php(1235): Illuminate/Foundation/Console/Kernel->handle()
#28 C:/Users/USER/Desktop/projet_tutore2/somagep/artisan(16): Illuminate/Foundation/Application->handleCommand()
#29 {main}

[previous exception] [object] (PDOException(code: 0): could not find driver at C:/Users/USER/Desktop/projet_tutore2/somagep/vendor/laravel/framework/src/Illuminate/Database/Connectors/Connector.php:67)
[stacktrace]
#0 C:/Users/USER/Desktop/projet_tutore2/somagep/vendor/laravel/framework/src/Illuminate/Database/Connectors/Connector.php(67): PDO::connect()
#1 C:/Users/USER/Desktop/projet_tutore2/somagep/vendor/laravel/framework/src/Illuminate/Database/Connectors/Connector.php(44): Illuminate/Database/Connectors/Connector->createPdoConnection()
#2 C:/Users/USER/Desktop/projet_tutore2/somagep/vendor/laravel/framework/src/Illuminate/Database/Connectors/SQLiteConnector.php(21): Illuminate/Database/Connectors/Connector->createConnection()
#3 C:/Users/USER/Desktop/projet_tutore2/somagep/vendor/laravel/framework/src/Illuminate/Database/Connectors/ConnectionFactory.php(259): Illuminate/Database/Connectors/SQLiteConnector->connect()
#4 [internal function]: Illuminate/Database/Connectors/ConnectionFactory->{closure:Illuminate/Database/Connectors/ConnectionFactory::createPdoResolverWithoutHosts():259}()
#5 C:/Users/USER/Desktop/projet_tutore2/somagep/vendor/laravel/framework/src/Illuminate/Database/Connection.php(1297): call_user_func()
#6 C:/Users/USER/Desktop/projet_tutore2/somagep/vendor/laravel/framework/src/Illuminate/Database/Connection.php(1335): Illuminate/Database/Connection->getPdo()
#7 C:/Users/USER/Desktop/projet_tutore2/somagep/vendor/laravel/framework/src/Illuminate/Database/Connection.php(542): Illuminate/Database/Connection->getReadPdo()
#8 C:/Users/USER/Desktop/projet_tutore2/somagep/vendor/laravel/framework/src/Illuminate/Database/Connection.php(435): Illuminate/Database/Connection->getPdoForSelect()
#9 C:/Users/USER/Desktop/projet_tutore2/somagep/vendor/laravel/framework/src/Illuminate/Database/Connection.php(846): Illuminate/Database/Connection->{closure:Illuminate/Database/Connection::select():426}()
#10 C:/Users/USER/Desktop/projet_tutore2/somagep/vendor/laravel/framework/src/Illuminate/Database/Connection.php(813): Illuminate/Database/Connection->runQueryCallback()
#11 C:/Users/USER/Desktop/projet_tutore2/somagep/vendor/laravel/framework/src/Illuminate/Database/Connection.php(426): Illuminate/Database/Connection->run()
#12 C:/Users/USER/Desktop/projet_tutore2/somagep/vendor/laravel/framework/src/Illuminate/Database/Connection.php(371): Illuminate/Database/Connection->select()
#13 C:/Users/USER/Desktop/projet_tutore2/somagep/vendor/laravel/framework/src/Illuminate/Database/Connection.php(388): Illuminate/Database/Connection->selectOne()
#14 C:/Users/USER/Desktop/projet_tutore2/somagep/vendor/laravel/framework/src/Illuminate/Database/Schema/Builder.php(176): Illuminate/Database/Connection->scalar()
#15 C:/Users/USER/Desktop/projet_tutore2/somagep/vendor/laravel/framework/src/Illuminate/Database/Migrations/DatabaseMigrationRepository.php(185): Illuminate/Database/Schema/Builder->hasTable()
#16 C:/Users/USER/Desktop/projet_tutore2/somagep/vendor/laravel/framework/src/Illuminate/Database/Migrations/Migrator.php(797): Illuminate/Database/Migrations/DatabaseMigrationRepository->repositoryExists()
#17 C:/Users/USER/Desktop/projet_tutore2/somagep/vendor/laravel/framework/src/Illuminate/Database/Console/Migrations/MigrateCommand.php(166): Illuminate/Database/Migrations/Migrator->repositoryExists()
#18 C:/Users/USER/Desktop/projet_tutore2/somagep/vendor/laravel/framework/src/Illuminate/Support/helpers.php(328): Illuminate/Database/Console/Migrations/MigrateCommand->{closure:Illuminate/Database/Console/Migrations/MigrateCommand::repositoryExists():166}()
#19 C:/Users/USER/Desktop/projet_tutore2/somagep/vendor/laravel/framework/src/Illuminate/Database/Console/Migrations/MigrateCommand.php(166): retry()
#20 C:/Users/USER/Desktop/projet_tutore2/somagep/vendor/laravel/framework/src/Illuminate/Database/Console/Migrations/MigrateCommand.php(142): Illuminate/Database/Console/Migrations/MigrateCommand->repositoryExists()
#21 C:/Users/USER/Desktop/projet_tutore2/somagep/vendor/laravel/framework/src/Illuminate/Database/Console/Migrations/MigrateCommand.php(112): Illuminate/Database/Console/Migrations/MigrateCommand->prepareDatabase()
#22 C:/Users/USER/Desktop/projet_tutore2/somagep/vendor/laravel/framework/src/Illuminate/Database/Migrations/Migrator.php(672): Illuminate/Database/Console/Migrations/MigrateCommand->{closure:Illuminate/Database/Console/Migrations/MigrateCommand::runMigrations():111}()
#23 C:/Users/USER/Desktop/projet_tutore2/somagep/vendor/laravel/framework/src/Illuminate/Database/Console/Migrations/MigrateCommand.php(111): Illuminate/Database/Migrations/Migrator->usingConnection()
#24 C:/Users/USER/Desktop/projet_tutore2/somagep/vendor/laravel/framework/src/Illuminate/Database/Console/Migrations/MigrateCommand.php(90): Illuminate/Database/Console/Migrations/MigrateCommand->runMigrations()
#25 C:/Users/USER/Desktop/projet_tutore2/somagep/vendor/laravel/framework/src/Illuminate/Container/BoundMethod.php(36): Illuminate/Database/Console/Migrations/MigrateCommand->handle()
#26 C:/Users/USER/Desktop/projet_tutore2/somagep/vendor/laravel/framework/src/Illuminate/Container/Util.php(43): Illuminate/Container/BoundMethod::{closure:Illuminate/Container/BoundMethod::call():35}()
#27 C:/Users/USER/Desktop/projet_tutore2/somagep/vendor/laravel/framework/src/Illuminate/Container/BoundMethod.php(96): Illuminate/Container/Util::unwrapIfClosure()
#28 C:/Users/USER/Desktop/projet_tutore2/somagep/vendor/laravel/framework/src/Illuminate/Container/BoundMethod.php(35): Illuminate/Container/BoundMethod::callBoundMethod()
#29 C:/Users/USER/Desktop/projet_tutore2/somagep/vendor/laravel/framework/src/Illuminate/Container/Container.php(799): Illuminate/Container/BoundMethod::call()
#30 C:/Users/USER/Desktop/projet_tutore2/somagep/vendor/laravel/framework/src/Illuminate/Console/Command.php(280): Illuminate/Container/Container->call()
#31 C:/Users/USER/Desktop/projet_tutore2/somagep/vendor/symfony/console/Command/Command.php(284): Illuminate/Console/Command->execute()
#32 C:/Users/USER/Desktop/projet_tutore2/somagep/vendor/laravel/framework/src/Illuminate/Console/Command.php(249): Symfony/Component/Console/Command/Command->run()
#33 C:/Users/USER/Desktop/projet_tutore2/somagep/vendor/symfony/console/Application.php(1144): Illuminate/Console/Command->run()
#34 C:/Users/USER/Desktop/projet_tutore2/somagep/vendor/symfony/console/Application.php(379): Symfony/Component/Console/Application->doRunCommand()
#35 C:/Users/USER/Desktop/projet_tutore2/somagep/vendor/symfony/console/Application.php(218): Symfony/Component/Console/Application->doRun()
#36 C:/Users/USER/Desktop/projet_tutore2/somagep/vendor/laravel/framework/src/Illuminate/Foundation/Console/Kernel.php(198): Symfony/Component/Console/Application->run()
#37 C:/Users/USER/Desktop/projet_tutore2/somagep/vendor/laravel/framework/src/Illuminate/Foundation/Application.php(1235): Illuminate/Foundation/Console/Kernel->handle()
#38 C:/Users/USER/Desktop/projet_tutore2/somagep/artisan(16): Illuminate/Foundation/Application->handleCommand()
#39 {main}
"} 
[2026-06-25 16:48:48] production.ERROR: could not find driver (Connection: sqlite, Database: C:\Users\USER\Desktop\projet_tutore2\somagep\database\database.sqlite, SQL: select exists (select 1 from "main".sqlite_master where name = 'migrations' and type = 'table') as "exists") {"exception":"[object] (Illuminate\\Database\\QueryException(code: 0): could not find driver (Connection: sqlite, Database: C:\\Users\\USER\\Desktop\\projet_tutore2\\somagep\\database\\database.sqlite, SQL: select exists (select 1 from \"main\".sqlite_master where name = 'migrations' and type = 'table') as \"exists\") at C:/Users/USER/Desktop/projet_tutore2/somagep/vendor/laravel/framework/src/Illuminate/Database/Connection.php:857)
[stacktrace]
#0 C:/Users/USER/Desktop/projet_tutore2/somagep/vendor/laravel/framework/src/Illuminate/Database/Connection.php(813): Illuminate/Database/Connection->runQueryCallback()
#1 C:/Users/USER/Desktop/projet_tutore2/somagep/vendor/laravel/framework/src/Illuminate/Database/Connection.php(426): Illuminate/Database/Connection->run()
#2 C:/Users/USER/Desktop/projet_tutore2/somagep/vendor/laravel/framework/src/Illuminate/Database/Connection.php(371): Illuminate/Database/Connection->select()
#3 C:/Users/USER/Desktop/projet_tutore2/somagep/vendor/laravel/framework/src/Illuminate/Database/Connection.php(388): Illuminate/Database/Connection->selectOne()
#4 C:/Users/USER/Desktop/projet_tutore2/somagep/vendor/laravel/framework/src/Illuminate/Database/Schema/Builder.php(176): Illuminate/Database/Connection->scalar()
#5 C:/Users/USER/Desktop/projet_tutore2/somagep/vendor/laravel/framework/src/Illuminate/Database/Migrations/DatabaseMigrationRepository.php(185): Illuminate/Database/Schema/Builder->hasTable()
#6 C:/Users/USER/Desktop/projet_tutore2/somagep/vendor/laravel/framework/src/Illuminate/Database/Migrations/Migrator.php(797): Illuminate/Database/Migrations/DatabaseMigrationRepository->repositoryExists()
#7 C:/Users/USER/Desktop/projet_tutore2/somagep/vendor/laravel/framework/src/Illuminate/Database/Console/Migrations/MigrateCommand.php(166): Illuminate/Database/Migrations/Migrator->repositoryExists()
#8 C:/Users/USER/Desktop/projet_tutore2/somagep/vendor/laravel/framework/src/Illuminate/Support/helpers.php(328): Illuminate/Database/Console/Migrations/MigrateCommand->{closure:Illuminate/Database/Console/Migrations/MigrateCommand::repositoryExists():166}()
#9 C:/Users/USER/Desktop/projet_tutore2/somagep/vendor/laravel/framework/src/Illuminate/Database/Console/Migrations/MigrateCommand.php(166): retry()
#10 C:/Users/USER/Desktop/projet_tutore2/somagep/vendor/laravel/framework/src/Illuminate/Database/Console/Migrations/MigrateCommand.php(142): Illuminate/Database/Console/Migrations/MigrateCommand->repositoryExists()
#11 C:/Users/USER/Desktop/projet_tutore2/somagep/vendor/laravel/framework/src/Illuminate/Database/Console/Migrations/MigrateCommand.php(112): Illuminate/Database/Console/Migrations/MigrateCommand->prepareDatabase()
#12 C:/Users/USER/Desktop/projet_tutore2/somagep/vendor/laravel/framework/src/Illuminate/Database/Migrations/Migrator.php(672): Illuminate/Database/Console/Migrations/MigrateCommand->{closure:Illuminate/Database/Console/Migrations/MigrateCommand::runMigrations():111}()
#13 C:/Users/USER/Desktop/projet_tutore2/somagep/vendor/laravel/framework/src/Illuminate/Database/Console/Migrations/MigrateCommand.php(111): Illuminate/Database/Migrations/Migrator->usingConnection()
#14 C:/Users/USER/Desktop/projet_tutore2/somagep/vendor/laravel/framework/src/Illuminate/Database/Console/Migrations/MigrateCommand.php(90): Illuminate/Database/Console/Migrations/MigrateCommand->runMigrations()
#15 C:/Users/USER/Desktop/projet_tutore2/somagep/vendor/laravel/framework/src/Illuminate/Container/BoundMethod.php(36): Illuminate/Database/Console/Migrations/MigrateCommand->handle()
#16 C:/Users/USER/Desktop/projet_tutore2/somagep/vendor/laravel/framework/src/Illuminate/Container/Util.php(43): Illuminate/Container/BoundMethod::{closure:Illuminate/Container/BoundMethod::call():35}()
#17 C:/Users/USER/Desktop/projet_tutore2/somagep/vendor/laravel/framework/src/Illuminate/Container/BoundMethod.php(96): Illuminate/Container/Util::unwrapIfClosure()
#18 C:/Users/USER/Desktop/projet_tutore2/somagep/vendor/laravel/framework/src/Illuminate/Container/BoundMethod.php(35): Illuminate/Container/BoundMethod::callBoundMethod()
#19 C:/Users/USER/Desktop/projet_tutore2/somagep/vendor/laravel/framework/src/Illuminate/Container/Container.php(799): Illuminate/Container/BoundMethod::call()
#20 C:/Users/USER/Desktop/projet_tutore2/somagep/vendor/laravel/framework/src/Illuminate/Console/Command.php(280): Illuminate/Container/Container->call()
#21 C:/Users/USER/Desktop/projet_tutore2/somagep/vendor/symfony/console/Command/Command.php(284): Illuminate/Console/Command->execute()
#22 C:/Users/USER/Desktop/projet_tutore2/somagep/vendor/laravel/framework/src/Illuminate/Console/Command.php(249): Symfony/Component/Console/Command/Command->run()
#23 C:/Users/USER/Desktop/projet_tutore2/somagep/vendor/symfony/console/Application.php(1144): Illuminate/Console/Command->run()
#24 C:/Users/USER/Desktop/projet_tutore2/somagep/vendor/symfony/console/Application.php(379): Symfony/Component/Console/Application->doRunCommand()
#25 C:/Users/USER/Desktop/projet_tutore2/somagep/vendor/symfony/console/Application.php(218): Symfony/Component/Console/Application->doRun()
#26 C:/Users/USER/Desktop/projet_tutore2/somagep/vendor/laravel/framework/src/Illuminate/Foundation/Console/Kernel.php(198): Symfony/Component/Console/Application->run()
#27 C:/Users/USER/Desktop/projet_tutore2/somagep/vendor/laravel/framework/src/Illuminate/Foundation/Application.php(1235): Illuminate/Foundation/Console/Kernel->handle()
#28 C:/Users/USER/Desktop/projet_tutore2/somagep/artisan(16): Illuminate/Foundation/Application->handleCommand()
#29 {main}

[previous exception] [object] (PDOException(code: 0): could not find driver at C:/Users/USER/Desktop/projet_tutore2/somagep/vendor/laravel/framework/src/Illuminate/Database/Connectors/Connector.php:67)
[stacktrace]
#0 C:/Users/USER/Desktop/projet_tutore2/somagep/vendor/laravel/framework/src/Illuminate/Database/Connectors/Connector.php(67): PDO::connect()
#1 C:/Users/USER/Desktop/projet_tutore2/somagep/vendor/laravel/framework/src/Illuminate/Database/Connectors/Connector.php(44): Illuminate/Database/Connectors/Connector->createPdoConnection()
#2 C:/Users/USER/Desktop/projet_tutore2/somagep/vendor/laravel/framework/src/Illuminate/Database/Connectors/SQLiteConnector.php(21): Illuminate/Database/Connectors/Connector->createConnection()
#3 C:/Users/USER/Desktop/projet_tutore2/somagep/vendor/laravel/framework/src/Illuminate/Database/Connectors/ConnectionFactory.php(259): Illuminate/Database/Connectors/SQLiteConnector->connect()
#4 [internal function]: Illuminate/Database/Connectors/ConnectionFactory->{closure:Illuminate/Database/Connectors/ConnectionFactory::createPdoResolverWithoutHosts():259}()
#5 C:/Users/USER/Desktop/projet_tutore2/somagep/vendor/laravel/framework/src/Illuminate/Database/Connection.php(1297): call_user_func()
#6 C:/Users/USER/Desktop/projet_tutore2/somagep/vendor/laravel/framework/src/Illuminate/Database/Connection.php(1335): Illuminate/Database/Connection->getPdo()
#7 C:/Users/USER/Desktop/projet_tutore2/somagep/vendor/laravel/framework/src/Illuminate/Database/Connection.php(542): Illuminate/Database/Connection->getReadPdo()
#8 C:/Users/USER/Desktop/projet_tutore2/somagep/vendor/laravel/framework/src/Illuminate/Database/Connection.php(435): Illuminate/Database/Connection->getPdoForSelect()
#9 C:/Users/USER/Desktop/projet_tutore2/somagep/vendor/laravel/framework/src/Illuminate/Database/Connection.php(846): Illuminate/Database/Connection->{closure:Illuminate/Database/Connection::select():426}()
#10 C:/Users/USER/Desktop/projet_tutore2/somagep/vendor/laravel/framework/src/Illuminate/Database/Connection.php(813): Illuminate/Database/Connection->runQueryCallback()
#11 C:/Users/USER/Desktop/projet_tutore2/somagep/vendor/laravel/framework/src/Illuminate/Database/Connection.php(426): Illuminate/Database/Connection->run()
#12 C:/Users/USER/Desktop/projet_tutore2/somagep/vendor/laravel/framework/src/Illuminate/Database/Connection.php(371): Illuminate/Database/Connection->select()
#13 C:/Users/USER/Desktop/projet_tutore2/somagep/vendor/laravel/framework/src/Illuminate/Database/Connection.php(388): Illuminate/Database/Connection->selectOne()
#14 C:/Users/USER/Desktop/projet_tutore2/somagep/vendor/laravel/framework/src/Illuminate/Database/Schema/Builder.php(176): Illuminate/Database/Connection->scalar()
#15 C:/Users/USER/Desktop/projet_tutore2/somagep/vendor/laravel/framework/src/Illuminate/Database/Migrations/DatabaseMigrationRepository.php(185): Illuminate/Database/Schema/Builder->hasTable()
#16 C:/Users/USER/Desktop/projet_tutore2/somagep/vendor/laravel/framework/src/Illuminate/Database/Migrations/Migrator.php(797): Illuminate/Database/Migrations/DatabaseMigrationRepository->repositoryExists()
#17 C:/Users/USER/Desktop/projet_tutore2/somagep/vendor/laravel/framework/src/Illuminate/Database/Console/Migrations/MigrateCommand.php(166): Illuminate/Database/Migrations/Migrator->repositoryExists()
#18 C:/Users/USER/Desktop/projet_tutore2/somagep/vendor/laravel/framework/src/Illuminate/Support/helpers.php(328): Illuminate/Database/Console/Migrations/MigrateCommand->{closure:Illuminate/Database/Console/Migrations/MigrateCommand::repositoryExists():166}()
#19 C:/Users/USER/Desktop/projet_tutore2/somagep/vendor/laravel/framework/src/Illuminate/Database/Console/Migrations/MigrateCommand.php(166): retry()
#20 C:/Users/USER/Desktop/projet_tutore2/somagep/vendor/laravel/framework/src/Illuminate/Database/Console/Migrations/MigrateCommand.php(142): Illuminate/Database/Console/Migrations/MigrateCommand->repositoryExists()
#21 C:/Users/USER/Desktop/projet_tutore2/somagep/vendor/laravel/framework/src/Illuminate/Database/Console/Migrations/MigrateCommand.php(112): Illuminate/Database/Console/Migrations/MigrateCommand->prepareDatabase()
#22 C:/Users/USER/Desktop/projet_tutore2/somagep/vendor/laravel/framework/src/Illuminate/Database/Migrations/Migrator.php(672): Illuminate/Database/Console/Migrations/MigrateCommand->{closure:Illuminate/Database/Console/Migrations/MigrateCommand::runMigrations():111}()
#23 C:/Users/USER/Desktop/projet_tutore2/somagep/vendor/laravel/framework/src/Illuminate/Database/Console/Migrations/MigrateCommand.php(111): Illuminate/Database/Migrations/Migrator->usingConnection()
#24 C:/Users/USER/Desktop/projet_tutore2/somagep/vendor/laravel/framework/src/Illuminate/Database/Console/Migrations/MigrateCommand.php(90): Illuminate/Database/Console/Migrations/MigrateCommand->runMigrations()
#25 C:/Users/USER/Desktop/projet_tutore2/somagep/vendor/laravel/framework/src/Illuminate/Container/BoundMethod.php(36): Illuminate/Database/Console/Migrations/MigrateCommand->handle()
#26 C:/Users/USER/Desktop/projet_tutore2/somagep/vendor/laravel/framework/src/Illuminate/Container/Util.php(43): Illuminate/Container/BoundMethod::{closure:Illuminate/Container/BoundMethod::call():35}()
#27 C:/Users/USER/Desktop/projet_tutore2/somagep/vendor/laravel/framework/src/Illuminate/Container/BoundMethod.php(96): Illuminate/Container/Util::unwrapIfClosure()
#28 C:/Users/USER/Desktop/projet_tutore2/somagep/vendor/laravel/framework/src/Illuminate/Container/BoundMethod.php(35): Illuminate/Container/BoundMethod::callBoundMethod()
#29 C:/Users/USER/Desktop/projet_tutore2/somagep/vendor/laravel/framework/src/Illuminate/Container/Container.php(799): Illuminate/Container/BoundMethod::call()
#30 C:/Users/USER/Desktop/projet_tutore2/somagep/vendor/laravel/framework/src/Illuminate/Console/Command.php(280): Illuminate/Container/Container->call()
#31 C:/Users/USER/Desktop/projet_tutore2/somagep/vendor/symfony/console/Command/Command.php(284): Illuminate/Console/Command->execute()
#32 C:/Users/USER/Desktop/projet_tutore2/somagep/vendor/laravel/framework/src/Illuminate/Console/Command.php(249): Symfony/Component/Console/Command/Command->run()
#33 C:/Users/USER/Desktop/projet_tutore2/somagep/vendor/symfony/console/Application.php(1144): Illuminate/Console/Command->run()
#34 C:/Users/USER/Desktop/projet_tutore2/somagep/vendor/symfony/console/Application.php(379): Symfony/Component/Console/Application->doRunCommand()
#35 C:/Users/USER/Desktop/projet_tutore2/somagep/vendor/symfony/console/Application.php(218): Symfony/Component/Console/Application->doRun()
#36 C:/Users/USER/Desktop/projet_tutore2/somagep/vendor/laravel/framework/src/Illuminate/Foundation/Console/Kernel.php(198): Symfony/Component/Console/Application->run()
#37 C:/Users/USER/Desktop/projet_tutore2/somagep/vendor/laravel/framework/src/Illuminate/Foundation/Application.php(1235): Illuminate/Foundation/Console/Kernel->handle()
#38 C:/Users/USER/Desktop/projet_tutore2/somagep/artisan(16): Illuminate/Foundation/Application->handleCommand()
#39 {main}
"} 
[2026-06-25 16:51:54] production.ERROR: could not find driver (Connection: sqlite, Database: C:\Users\USER\Desktop\projet_tutore2\somagep\database\database.sqlite, SQL: select exists (select 1 from "main".sqlite_master where name = 'migrations' and type = 'table') as "exists") {"exception":"[object] (Illuminate\\Database\\QueryException(code: 0): could not find driver (Connection: sqlite, Database: C:\\Users\\USER\\Desktop\\projet_tutore2\\somagep\\database\\database.sqlite, SQL: select exists (select 1 from \"main\".sqlite_master where name = 'migrations' and type = 'table') as \"exists\") at C:/Users/USER/Desktop/projet_tutore2/somagep/vendor/laravel/framework/src/Illuminate/Database/Connection.php:857)
[stacktrace]
#0 C:/Users/USER/Desktop/projet_tutore2/somagep/vendor/laravel/framework/src/Illuminate/Database/Connection.php(813): Illuminate/Database/Connection->runQueryCallback()
#1 C:/Users/USER/Desktop/projet_tutore2/somagep/vendor/laravel/framework/src/Illuminate/Database/Connection.php(426): Illuminate/Database/Connection->run()
#2 C:/Users/USER/Desktop/projet_tutore2/somagep/vendor/laravel/framework/src/Illuminate/Database/Connection.php(371): Illuminate/Database/Connection->select()
#3 C:/Users/USER/Desktop/projet_tutore2/somagep/vendor/laravel/framework/src/Illuminate/Database/Connection.php(388): Illuminate/Database/Connection->selectOne()
#4 C:/Users/USER/Desktop/projet_tutore2/somagep/vendor/laravel/framework/src/Illuminate/Database/Schema/Builder.php(176): Illuminate/Database/Connection->scalar()
#5 C:/Users/USER/Desktop/projet_tutore2/somagep/vendor/laravel/framework/src/Illuminate/Database/Migrations/DatabaseMigrationRepository.php(185): Illuminate/Database/Schema/Builder->hasTable()
#6 C:/Users/USER/Desktop/projet_tutore2/somagep/vendor/laravel/framework/src/Illuminate/Database/Migrations/Migrator.php(797): Illuminate/Database/Migrations/DatabaseMigrationRepository->repositoryExists()
#7 C:/Users/USER/Desktop/projet_tutore2/somagep/vendor/laravel/framework/src/Illuminate/Database/Console/Migrations/MigrateCommand.php(166): Illuminate/Database/Migrations/Migrator->repositoryExists()
#8 C:/Users/USER/Desktop/projet_tutore2/somagep/vendor/laravel/framework/src/Illuminate/Support/helpers.php(328): Illuminate/Database/Console/Migrations/MigrateCommand->{closure:Illuminate/Database/Console/Migrations/MigrateCommand::repositoryExists():166}()
#9 C:/Users/USER/Desktop/projet_tutore2/somagep/vendor/laravel/framework/src/Illuminate/Database/Console/Migrations/MigrateCommand.php(166): retry()
#10 C:/Users/USER/Desktop/projet_tutore2/somagep/vendor/laravel/framework/src/Illuminate/Database/Console/Migrations/MigrateCommand.php(142): Illuminate/Database/Console/Migrations/MigrateCommand->repositoryExists()
#11 C:/Users/USER/Desktop/projet_tutore2/somagep/vendor/laravel/framework/src/Illuminate/Database/Console/Migrations/MigrateCommand.php(112): Illuminate/Database/Console/Migrations/MigrateCommand->prepareDatabase()
#12 C:/Users/USER/Desktop/projet_tutore2/somagep/vendor/laravel/framework/src/Illuminate/Database/Migrations/Migrator.php(672): Illuminate/Database/Console/Migrations/MigrateCommand->{closure:Illuminate/Database/Console/Migrations/MigrateCommand::runMigrations():111}()
#13 C:/Users/USER/Desktop/projet_tutore2/somagep/vendor/laravel/framework/src/Illuminate/Database/Console/Migrations/MigrateCommand.php(111): Illuminate/Database/Migrations/Migrator->usingConnection()
#14 C:/Users/USER/Desktop/projet_tutore2/somagep/vendor/laravel/framework/src/Illuminate/Database/Console/Migrations/MigrateCommand.php(90): Illuminate/Database/Console/Migrations/MigrateCommand->runMigrations()
#15 C:/Users/USER/Desktop/projet_tutore2/somagep/vendor/laravel/framework/src/Illuminate/Container/BoundMethod.php(36): Illuminate/Database/Console/Migrations/MigrateCommand->handle()
#16 C:/Users/USER/Desktop/projet_tutore2/somagep/vendor/laravel/framework/src/Illuminate/Container/Util.php(43): Illuminate/Container/BoundMethod::{closure:Illuminate/Container/BoundMethod::call():35}()
#17 C:/Users/USER/Desktop/projet_tutore2/somagep/vendor/laravel/framework/src/Illuminate/Container/BoundMethod.php(96): Illuminate/Container/Util::unwrapIfClosure()
#18 C:/Users/USER/Desktop/projet_tutore2/somagep/vendor/laravel/framework/src/Illuminate/Container/BoundMethod.php(35): Illuminate/Container/BoundMethod::callBoundMethod()
#19 C:/Users/USER/Desktop/projet_tutore2/somagep/vendor/laravel/framework/src/Illuminate/Container/Container.php(799): Illuminate/Container/BoundMethod::call()
#20 C:/Users/USER/Desktop/projet_tutore2/somagep/vendor/laravel/framework/src/Illuminate/Console/Command.php(280): Illuminate/Container/Container->call()
#21 C:/Users/USER/Desktop/projet_tutore2/somagep/vendor/symfony/console/Command/Command.php(284): Illuminate/Console/Command->execute()
#22 C:/Users/USER/Desktop/projet_tutore2/somagep/vendor/laravel/framework/src/Illuminate/Console/Command.php(249): Symfony/Component/Console/Command/Command->run()
#23 C:/Users/USER/Desktop/projet_tutore2/somagep/vendor/symfony/console/Application.php(1144): Illuminate/Console/Command->run()
#24 C:/Users/USER/Desktop/projet_tutore2/somagep/vendor/symfony/console/Application.php(379): Symfony/Component/Console/Application->doRunCommand()
#25 C:/Users/USER/Desktop/projet_tutore2/somagep/vendor/symfony/console/Application.php(218): Symfony/Component/Console/Application->doRun()
#26 C:/Users/USER/Desktop/projet_tutore2/somagep/vendor/laravel/framework/src/Illuminate/Foundation/Console/Kernel.php(198): Symfony/Component/Console/Application->run()
#27 C:/Users/USER/Desktop/projet_tutore2/somagep/vendor/laravel/framework/src/Illuminate/Foundation/Application.php(1235): Illuminate/Foundation/Console/Kernel->handle()
#28 C:/Users/USER/Desktop/projet_tutore2/somagep/artisan(16): Illuminate/Foundation/Application->handleCommand()
#29 {main}

[previous exception] [object] (PDOException(code: 0): could not find driver at C:/Users/USER/Desktop/projet_tutore2/somagep/vendor/laravel/framework/src/Illuminate/Database/Connectors/Connector.php:67)
[stacktrace]
#0 C:/Users/USER/Desktop/projet_tutore2/somagep/vendor/laravel/framework/src/Illuminate/Database/Connectors/Connector.php(67): PDO::connect()
#1 C:/Users/USER/Desktop/projet_tutore2/somagep/vendor/laravel/framework/src/Illuminate/Database/Connectors/Connector.php(44): Illuminate/Database/Connectors/Connector->createPdoConnection()
#2 C:/Users/USER/Desktop/projet_tutore2/somagep/vendor/laravel/framework/src/Illuminate/Database/Connectors/SQLiteConnector.php(21): Illuminate/Database/Connectors/Connector->createConnection()
#3 C:/Users/USER/Desktop/projet_tutore2/somagep/vendor/laravel/framework/src/Illuminate/Database/Connectors/ConnectionFactory.php(259): Illuminate/Database/Connectors/SQLiteConnector->connect()
#4 [internal function]: Illuminate/Database/Connectors/ConnectionFactory->{closure:Illuminate/Database/Connectors/ConnectionFactory::createPdoResolverWithoutHosts():259}()
#5 C:/Users/USER/Desktop/projet_tutore2/somagep/vendor/laravel/framework/src/Illuminate/Database/Connection.php(1297): call_user_func()
#6 C:/Users/USER/Desktop/projet_tutore2/somagep/vendor/laravel/framework/src/Illuminate/Database/Connection.php(1335): Illuminate/Database/Connection->getPdo()
#7 C:/Users/USER/Desktop/projet_tutore2/somagep/vendor/laravel/framework/src/Illuminate/Database/Connection.php(542): Illuminate/Database/Connection->getReadPdo()
#8 C:/Users/USER/Desktop/projet_tutore2/somagep/vendor/laravel/framework/src/Illuminate/Database/Connection.php(435): Illuminate/Database/Connection->getPdoForSelect()
#9 C:/Users/USER/Desktop/projet_tutore2/somagep/vendor/laravel/framework/src/Illuminate/Database/Connection.php(846): Illuminate/Database/Connection->{closure:Illuminate/Database/Connection::select():426}()
#10 C:/Users/USER/Desktop/projet_tutore2/somagep/vendor/laravel/framework/src/Illuminate/Database/Connection.php(813): Illuminate/Database/Connection->runQueryCallback()
#11 C:/Users/USER/Desktop/projet_tutore2/somagep/vendor/laravel/framework/src/Illuminate/Database/Connection.php(426): Illuminate/Database/Connection->run()
#12 C:/Users/USER/Desktop/projet_tutore2/somagep/vendor/laravel/framework/src/Illuminate/Database/Connection.php(371): Illuminate/Database/Connection->select()
#13 C:/Users/USER/Desktop/projet_tutore2/somagep/vendor/laravel/framework/src/Illuminate/Database/Connection.php(388): Illuminate/Database/Connection->selectOne()
#14 C:/Users/USER/Desktop/projet_tutore2/somagep/vendor/laravel/framework/src/Illuminate/Database/Schema/Builder.php(176): Illuminate/Database/Connection->scalar()
#15 C:/Users/USER/Desktop/projet_tutore2/somagep/vendor/laravel/framework/src/Illuminate/Database/Migrations/DatabaseMigrationRepository.php(185): Illuminate/Database/Schema/Builder->hasTable()
#16 C:/Users/USER/Desktop/projet_tutore2/somagep/vendor/laravel/framework/src/Illuminate/Database/Migrations/Migrator.php(797): Illuminate/Database/Migrations/DatabaseMigrationRepository->repositoryExists()
#17 C:/Users/USER/Desktop/projet_tutore2/somagep/vendor/laravel/framework/src/Illuminate/Database/Console/Migrations/MigrateCommand.php(166): Illuminate/Database/Migrations/Migrator->repositoryExists()
#18 C:/Users/USER/Desktop/projet_tutore2/somagep/vendor/laravel/framework/src/Illuminate/Support/helpers.php(328): Illuminate/Database/Console/Migrations/MigrateCommand->{closure:Illuminate/Database/Console/Migrations/MigrateCommand::repositoryExists():166}()
#19 C:/Users/USER/Desktop/projet_tutore2/somagep/vendor/laravel/framework/src/Illuminate/Database/Console/Migrations/MigrateCommand.php(166): retry()
#20 C:/Users/USER/Desktop/projet_tutore2/somagep/vendor/laravel/framework/src/Illuminate/Database/Console/Migrations/MigrateCommand.php(142): Illuminate/Database/Console/Migrations/MigrateCommand->repositoryExists()
#21 C:/Users/USER/Desktop/projet_tutore2/somagep/vendor/laravel/framework/src/Illuminate/Database/Console/Migrations/MigrateCommand.php(112): Illuminate/Database/Console/Migrations/MigrateCommand->prepareDatabase()
#22 C:/Users/USER/Desktop/projet_tutore2/somagep/vendor/laravel/framework/src/Illuminate/Database/Migrations/Migrator.php(672): Illuminate/Database/Console/Migrations/MigrateCommand->{closure:Illuminate/Database/Console/Migrations/MigrateCommand::runMigrations():111}()
#23 C:/Users/USER/Desktop/projet_tutore2/somagep/vendor/laravel/framework/src/Illuminate/Database/Console/Migrations/MigrateCommand.php(111): Illuminate/Database/Migrations/Migrator->usingConnection()
#24 C:/Users/USER/Desktop/projet_tutore2/somagep/vendor/laravel/framework/src/Illuminate/Database/Console/Migrations/MigrateCommand.php(90): Illuminate/Database/Console/Migrations/MigrateCommand->runMigrations()
#25 C:/Users/USER/Desktop/projet_tutore2/somagep/vendor/laravel/framework/src/Illuminate/Container/BoundMethod.php(36): Illuminate/Database/Console/Migrations/MigrateCommand->handle()
#26 C:/Users/USER/Desktop/projet_tutore2/somagep/vendor/laravel/framework/src/Illuminate/Container/Util.php(43): Illuminate/Container/BoundMethod::{closure:Illuminate/Container/BoundMethod::call():35}()
#27 C:/Users/USER/Desktop/projet_tutore2/somagep/vendor/laravel/framework/src/Illuminate/Container/BoundMethod.php(96): Illuminate/Container/Util::unwrapIfClosure()
#28 C:/Users/USER/Desktop/projet_tutore2/somagep/vendor/laravel/framework/src/Illuminate/Container/BoundMethod.php(35): Illuminate/Container/BoundMethod::callBoundMethod()
#29 C:/Users/USER/Desktop/projet_tutore2/somagep/vendor/laravel/framework/src/Illuminate/Container/Container.php(799): Illuminate/Container/BoundMethod::call()
#30 C:/Users/USER/Desktop/projet_tutore2/somagep/vendor/laravel/framework/src/Illuminate/Console/Command.php(280): Illuminate/Container/Container->call()
#31 C:/Users/USER/Desktop/projet_tutore2/somagep/vendor/symfony/console/Command/Command.php(284): Illuminate/Console/Command->execute()
#32 C:/Users/USER/Desktop/projet_tutore2/somagep/vendor/laravel/framework/src/Illuminate/Console/Command.php(249): Symfony/Component/Console/Command/Command->run()
#33 C:/Users/USER/Desktop/projet_tutore2/somagep/vendor/symfony/console/Application.php(1144): Illuminate/Console/Command->run()
#34 C:/Users/USER/Desktop/projet_tutore2/somagep/vendor/symfony/console/Application.php(379): Symfony/Component/Console/Application->doRunCommand()
#35 C:/Users/USER/Desktop/projet_tutore2/somagep/vendor/symfony/console/Application.php(218): Symfony/Component/Console/Application->doRun()
#36 C:/Users/USER/Desktop/projet_tutore2/somagep/vendor/laravel/framework/src/Illuminate/Foundation/Console/Kernel.php(198): Symfony/Component/Console/Application->run()
#37 C:/Users/USER/Desktop/projet_tutore2/somagep/vendor/laravel/framework/src/Illuminate/Foundation/Application.php(1235): Illuminate/Foundation/Console/Kernel->handle()
#38 C:/Users/USER/Desktop/projet_tutore2/somagep/artisan(16): Illuminate/Foundation/Application->handleCommand()
#39 {main}
"} 
[2026-06-25 16:55:15] production.ERROR: could not find driver (Connection: sqlite, Database: C:\Users\USER\Desktop\projet_tutore2\somagep\database\database.sqlite, SQL: delete from "cache") {"exception":"[object] (Illuminate\\Database\\QueryException(code: 0): could not find driver (Connection: sqlite, Database: C:\\Users\\USER\\Desktop\\projet_tutore2\\somagep\\database\\database.sqlite, SQL: delete from \"cache\") at C:/Users/USER/Desktop/projet_tutore2/somagep/vendor/laravel/framework/src/Illuminate/Database/Connection.php:857)
[stacktrace]
#0 C:/Users/USER/Desktop/projet_tutore2/somagep/vendor/laravel/framework/src/Illuminate/Database/Connection.php(813): Illuminate/Database/Connection->runQueryCallback()
#1 C:/Users/USER/Desktop/projet_tutore2/somagep/vendor/laravel/framework/src/Illuminate/Database/Connection.php(614): Illuminate/Database/Connection->run()
#2 C:/Users/USER/Desktop/projet_tutore2/somagep/vendor/laravel/framework/src/Illuminate/Database/Connection.php(578): Illuminate/Database/Connection->affectingStatement()
#3 C:/Users/USER/Desktop/projet_tutore2/somagep/vendor/laravel/framework/src/Illuminate/Database/Query/Builder.php(4520): Illuminate/Database/Connection->delete()
#4 C:/Users/USER/Desktop/projet_tutore2/somagep/vendor/laravel/framework/src/Illuminate/Cache/DatabaseStore.php(450): Illuminate/Database/Query/Builder->delete()
#5 C:/Users/USER/Desktop/projet_tutore2/somagep/vendor/laravel/framework/src/Illuminate/Cache/Repository.php(1071): Illuminate/Cache/DatabaseStore->flush()
#6 C:/Users/USER/Desktop/projet_tutore2/somagep/vendor/laravel/framework/src/Illuminate/Cache/Console/ClearCommand.php(80): Illuminate/Cache/Repository->__call()
#7 C:/Users/USER/Desktop/projet_tutore2/somagep/vendor/laravel/framework/src/Illuminate/Container/BoundMethod.php(36): Illuminate/Cache/Console/ClearCommand->handle()
#8 C:/Users/USER/Desktop/projet_tutore2/somagep/vendor/laravel/framework/src/Illuminate/Container/Util.php(43): Illuminate/Container/BoundMethod::{closure:Illuminate/Container/BoundMethod::call():35}()
#9 C:/Users/USER/Desktop/projet_tutore2/somagep/vendor/laravel/framework/src/Illuminate/Container/BoundMethod.php(96): Illuminate/Container/Util::unwrapIfClosure()
#10 C:/Users/USER/Desktop/projet_tutore2/somagep/vendor/laravel/framework/src/Illuminate/Container/BoundMethod.php(35): Illuminate/Container/BoundMethod::callBoundMethod()
#11 C:/Users/USER/Desktop/projet_tutore2/somagep/vendor/laravel/framework/src/Illuminate/Container/Container.php(799): Illuminate/Container/BoundMethod::call()
#12 C:/Users/USER/Desktop/projet_tutore2/somagep/vendor/laravel/framework/src/Illuminate/Console/Command.php(280): Illuminate/Container/Container->call()
#13 C:/Users/USER/Desktop/projet_tutore2/somagep/vendor/symfony/console/Command/Command.php(284): Illuminate/Console/Command->execute()
#14 C:/Users/USER/Desktop/projet_tutore2/somagep/vendor/laravel/framework/src/Illuminate/Console/Command.php(249): Symfony/Component/Console/Command/Command->run()
#15 C:/Users/USER/Desktop/projet_tutore2/somagep/vendor/symfony/console/Application.php(1144): Illuminate/Console/Command->run()
#16 C:/Users/USER/Desktop/projet_tutore2/somagep/vendor/symfony/console/Application.php(379): Symfony/Component/Console/Application->doRunCommand()
#17 C:/Users/USER/Desktop/projet_tutore2/somagep/vendor/symfony/console/Application.php(218): Symfony/Component/Console/Application->doRun()
#18 C:/Users/USER/Desktop/projet_tutore2/somagep/vendor/laravel/framework/src/Illuminate/Foundation/Console/Kernel.php(198): Symfony/Component/Console/Application->run()
#19 C:/Users/USER/Desktop/projet_tutore2/somagep/vendor/laravel/framework/src/Illuminate/Foundation/Application.php(1235): Illuminate/Foundation/Console/Kernel->handle()
#20 C:/Users/USER/Desktop/projet_tutore2/somagep/artisan(16): Illuminate/Foundation/Application->handleCommand()
#21 {main}

[previous exception] [object] (PDOException(code: 0): could not find driver at C:/Users/USER/Desktop/projet_tutore2/somagep/vendor/laravel/framework/src/Illuminate/Database/Connectors/Connector.php:67)
[stacktrace]
#0 C:/Users/USER/Desktop/projet_tutore2/somagep/vendor/laravel/framework/src/Illuminate/Database/Connectors/Connector.php(67): PDO::connect()
#1 C:/Users/USER/Desktop/projet_tutore2/somagep/vendor/laravel/framework/src/Illuminate/Database/Connectors/Connector.php(44): Illuminate/Database/Connectors/Connector->createPdoConnection()
#2 C:/Users/USER/Desktop/projet_tutore2/somagep/vendor/laravel/framework/src/Illuminate/Database/Connectors/SQLiteConnector.php(21): Illuminate/Database/Connectors/Connector->createConnection()
#3 C:/Users/USER/Desktop/projet_tutore2/somagep/vendor/laravel/framework/src/Illuminate/Database/Connectors/ConnectionFactory.php(259): Illuminate/Database/Connectors/SQLiteConnector->connect()
#4 [internal function]: Illuminate/Database/Connectors/ConnectionFactory->{closure:Illuminate/Database/Connectors/ConnectionFactory::createPdoResolverWithoutHosts():259}()
#5 C:/Users/USER/Desktop/projet_tutore2/somagep/vendor/laravel/framework/src/Illuminate/Database/Connection.php(1297): call_user_func()
#6 C:/Users/USER/Desktop/projet_tutore2/somagep/vendor/laravel/framework/src/Illuminate/Database/Connection.php(622): Illuminate/Database/Connection->getPdo()
#7 C:/Users/USER/Desktop/projet_tutore2/somagep/vendor/laravel/framework/src/Illuminate/Database/Connection.php(846): Illuminate/Database/Connection->{closure:Illuminate/Database/Connection::affectingStatement():614}()
#8 C:/Users/USER/Desktop/projet_tutore2/somagep/vendor/laravel/framework/src/Illuminate/Database/Connection.php(813): Illuminate/Database/Connection->runQueryCallback()
#9 C:/Users/USER/Desktop/projet_tutore2/somagep/vendor/laravel/framework/src/Illuminate/Database/Connection.php(614): Illuminate/Database/Connection->run()
#10 C:/Users/USER/Desktop/projet_tutore2/somagep/vendor/laravel/framework/src/Illuminate/Database/Connection.php(578): Illuminate/Database/Connection->affectingStatement()
#11 C:/Users/USER/Desktop/projet_tutore2/somagep/vendor/laravel/framework/src/Illuminate/Database/Query/Builder.php(4520): Illuminate/Database/Connection->delete()
#12 C:/Users/USER/Desktop/projet_tutore2/somagep/vendor/laravel/framework/src/Illuminate/Cache/DatabaseStore.php(450): Illuminate/Database/Query/Builder->delete()
#13 C:/Users/USER/Desktop/projet_tutore2/somagep/vendor/laravel/framework/src/Illuminate/Cache/Repository.php(1071): Illuminate/Cache/DatabaseStore->flush()
#14 C:/Users/USER/Desktop/projet_tutore2/somagep/vendor/laravel/framework/src/Illuminate/Cache/Console/ClearCommand.php(80): Illuminate/Cache/Repository->__call()
#15 C:/Users/USER/Desktop/projet_tutore2/somagep/vendor/laravel/framework/src/Illuminate/Container/BoundMethod.php(36): Illuminate/Cache/Console/ClearCommand->handle()
#16 C:/Users/USER/Desktop/projet_tutore2/somagep/vendor/laravel/framework/src/Illuminate/Container/Util.php(43): Illuminate/Container/BoundMethod::{closure:Illuminate/Container/BoundMethod::call():35}()
#17 C:/Users/USER/Desktop/projet_tutore2/somagep/vendor/laravel/framework/src/Illuminate/Container/BoundMethod.php(96): Illuminate/Container/Util::unwrapIfClosure()
#18 C:/Users/USER/Desktop/projet_tutore2/somagep/vendor/laravel/framework/src/Illuminate/Container/BoundMethod.php(35): Illuminate/Container/BoundMethod::callBoundMethod()
#19 C:/Users/USER/Desktop/projet_tutore2/somagep/vendor/laravel/framework/src/Illuminate/Container/Container.php(799): Illuminate/Container/BoundMethod::call()
#20 C:/Users/USER/Desktop/projet_tutore2/somagep/vendor/laravel/framework/src/Illuminate/Console/Command.php(280): Illuminate/Container/Container->call()
#21 C:/Users/USER/Desktop/projet_tutore2/somagep/vendor/symfony/console/Command/Command.php(284): Illuminate/Console/Command->execute()
#22 C:/Users/USER/Desktop/projet_tutore2/somagep/vendor/laravel/framework/src/Illuminate/Console/Command.php(249): Symfony/Component/Console/Command/Command->run()
#23 C:/Users/USER/Desktop/projet_tutore2/somagep/vendor/symfony/console/Application.php(1144): Illuminate/Console/Command->run()
#24 C:/Users/USER/Desktop/projet_tutore2/somagep/vendor/symfony/console/Application.php(379): Symfony/Component/Console/Application->doRunCommand()
#25 C:/Users/USER/Desktop/projet_tutore2/somagep/vendor/symfony/console/Application.php(218): Symfony/Component/Console/Application->doRun()
#26 C:/Users/USER/Desktop/projet_tutore2/somagep/vendor/laravel/framework/src/Illuminate/Foundation/Console/Kernel.php(198): Symfony/Component/Console/Application->run()
#27 C:/Users/USER/Desktop/projet_tutore2/somagep/vendor/laravel/framework/src/Illuminate/Foundation/Application.php(1235): Illuminate/Foundation/Console/Kernel->handle()
#28 C:/Users/USER/Desktop/projet_tutore2/somagep/artisan(16): Illuminate/Foundation/Application->handleCommand()
#29 {main}
"} 
[2026-06-25 16:55:19] production.ERROR: could not find driver (Connection: sqlite, Database: C:\Users\USER\Desktop\projet_tutore2\somagep\database\database.sqlite, SQL: delete from "cache") {"exception":"[object] (Illuminate\\Database\\QueryException(code: 0): could not find driver (Connection: sqlite, Database: C:\\Users\\USER\\Desktop\\projet_tutore2\\somagep\\database\\database.sqlite, SQL: delete from \"cache\") at C:/Users/USER/Desktop/projet_tutore2/somagep/vendor/laravel/framework/src/Illuminate/Database/Connection.php:857)
[stacktrace]
#0 C:/Users/USER/Desktop/projet_tutore2/somagep/vendor/laravel/framework/src/Illuminate/Database/Connection.php(813): Illuminate/Database/Connection->runQueryCallback()
#1 C:/Users/USER/Desktop/projet_tutore2/somagep/vendor/laravel/framework/src/Illuminate/Database/Connection.php(614): Illuminate/Database/Connection->run()
#2 C:/Users/USER/Desktop/projet_tutore2/somagep/vendor/laravel/framework/src/Illuminate/Database/Connection.php(578): Illuminate/Database/Connection->affectingStatement()
#3 C:/Users/USER/Desktop/projet_tutore2/somagep/vendor/laravel/framework/src/Illuminate/Database/Query/Builder.php(4520): Illuminate/Database/Connection->delete()
#4 C:/Users/USER/Desktop/projet_tutore2/somagep/vendor/laravel/framework/src/Illuminate/Cache/DatabaseStore.php(450): Illuminate/Database/Query/Builder->delete()
#5 C:/Users/USER/Desktop/projet_tutore2/somagep/vendor/laravel/framework/src/Illuminate/Cache/Repository.php(1071): Illuminate/Cache/DatabaseStore->flush()
#6 C:/Users/USER/Desktop/projet_tutore2/somagep/vendor/laravel/framework/src/Illuminate/Cache/Console/ClearCommand.php(80): Illuminate/Cache/Repository->__call()
#7 C:/Users/USER/Desktop/projet_tutore2/somagep/vendor/laravel/framework/src/Illuminate/Container/BoundMethod.php(36): Illuminate/Cache/Console/ClearCommand->handle()
#8 C:/Users/USER/Desktop/projet_tutore2/somagep/vendor/laravel/framework/src/Illuminate/Container/Util.php(43): Illuminate/Container/BoundMethod::{closure:Illuminate/Container/BoundMethod::call():35}()
#9 C:/Users/USER/Desktop/projet_tutore2/somagep/vendor/laravel/framework/src/Illuminate/Container/BoundMethod.php(96): Illuminate/Container/Util::unwrapIfClosure()
#10 C:/Users/USER/Desktop/projet_tutore2/somagep/vendor/laravel/framework/src/Illuminate/Container/BoundMethod.php(35): Illuminate/Container/BoundMethod::callBoundMethod()
#11 C:/Users/USER/Desktop/projet_tutore2/somagep/vendor/laravel/framework/src/Illuminate/Container/Container.php(799): Illuminate/Container/BoundMethod::call()
#12 C:/Users/USER/Desktop/projet_tutore2/somagep/vendor/laravel/framework/src/Illuminate/Console/Command.php(280): Illuminate/Container/Container->call()
#13 C:/Users/USER/Desktop/projet_tutore2/somagep/vendor/symfony/console/Command/Command.php(284): Illuminate/Console/Command->execute()
#14 C:/Users/USER/Desktop/projet_tutore2/somagep/vendor/laravel/framework/src/Illuminate/Console/Command.php(249): Symfony/Component/Console/Command/Command->run()
#15 C:/Users/USER/Desktop/projet_tutore2/somagep/vendor/symfony/console/Application.php(1144): Illuminate/Console/Command->run()
#16 C:/Users/USER/Desktop/projet_tutore2/somagep/vendor/symfony/console/Application.php(379): Symfony/Component/Console/Application->doRunCommand()
#17 C:/Users/USER/Desktop/projet_tutore2/somagep/vendor/symfony/console/Application.php(218): Symfony/Component/Console/Application->doRun()
#18 C:/Users/USER/Desktop/projet_tutore2/somagep/vendor/laravel/framework/src/Illuminate/Foundation/Console/Kernel.php(198): Symfony/Component/Console/Application->run()
#19 C:/Users/USER/Desktop/projet_tutore2/somagep/vendor/laravel/framework/src/Illuminate/Foundation/Application.php(1235): Illuminate/Foundation/Console/Kernel->handle()
#20 C:/Users/USER/Desktop/projet_tutore2/somagep/artisan(16): Illuminate/Foundation/Application->handleCommand()
#21 {main}

[previous exception] [object] (PDOException(code: 0): could not find driver at C:/Users/USER/Desktop/projet_tutore2/somagep/vendor/laravel/framework/src/Illuminate/Database/Connectors/Connector.php:67)
[stacktrace]
#0 C:/Users/USER/Desktop/projet_tutore2/somagep/vendor/laravel/framework/src/Illuminate/Database/Connectors/Connector.php(67): PDO::connect()
#1 C:/Users/USER/Desktop/projet_tutore2/somagep/vendor/laravel/framework/src/Illuminate/Database/Connectors/Connector.php(44): Illuminate/Database/Connectors/Connector->createPdoConnection()
#2 C:/Users/USER/Desktop/projet_tutore2/somagep/vendor/laravel/framework/src/Illuminate/Database/Connectors/SQLiteConnector.php(21): Illuminate/Database/Connectors/Connector->createConnection()
#3 C:/Users/USER/Desktop/projet_tutore2/somagep/vendor/laravel/framework/src/Illuminate/Database/Connectors/ConnectionFactory.php(259): Illuminate/Database/Connectors/SQLiteConnector->connect()
#4 [internal function]: Illuminate/Database/Connectors/ConnectionFactory->{closure:Illuminate/Database/Connectors/ConnectionFactory::createPdoResolverWithoutHosts():259}()
#5 C:/Users/USER/Desktop/projet_tutore2/somagep/vendor/laravel/framework/src/Illuminate/Database/Connection.php(1297): call_user_func()
#6 C:/Users/USER/Desktop/projet_tutore2/somagep/vendor/laravel/framework/src/Illuminate/Database/Connection.php(622): Illuminate/Database/Connection->getPdo()
#7 C:/Users/USER/Desktop/projet_tutore2/somagep/vendor/laravel/framework/src/Illuminate/Database/Connection.php(846): Illuminate/Database/Connection->{closure:Illuminate/Database/Connection::affectingStatement():614}()
#8 C:/Users/USER/Desktop/projet_tutore2/somagep/vendor/laravel/framework/src/Illuminate/Database/Connection.php(813): Illuminate/Database/Connection->runQueryCallback()
#9 C:/Users/USER/Desktop/projet_tutore2/somagep/vendor/laravel/framework/src/Illuminate/Database/Connection.php(614): Illuminate/Database/Connection->run()
#10 C:/Users/USER/Desktop/projet_tutore2/somagep/vendor/laravel/framework/src/Illuminate/Database/Connection.php(578): Illuminate/Database/Connection->affectingStatement()
#11 C:/Users/USER/Desktop/projet_tutore2/somagep/vendor/laravel/framework/src/Illuminate/Database/Query/Builder.php(4520): Illuminate/Database/Connection->delete()
#12 C:/Users/USER/Desktop/projet_tutore2/somagep/vendor/laravel/framework/src/Illuminate/Cache/DatabaseStore.php(450): Illuminate/Database/Query/Builder->delete()
#13 C:/Users/USER/Desktop/projet_tutore2/somagep/vendor/laravel/framework/src/Illuminate/Cache/Repository.php(1071): Illuminate/Cache/DatabaseStore->flush()
#14 C:/Users/USER/Desktop/projet_tutore2/somagep/vendor/laravel/framework/src/Illuminate/Cache/Console/ClearCommand.php(80): Illuminate/Cache/Repository->__call()
#15 C:/Users/USER/Desktop/projet_tutore2/somagep/vendor/laravel/framework/src/Illuminate/Container/BoundMethod.php(36): Illuminate/Cache/Console/ClearCommand->handle()
#16 C:/Users/USER/Desktop/projet_tutore2/somagep/vendor/laravel/framework/src/Illuminate/Container/Util.php(43): Illuminate/Container/BoundMethod::{closure:Illuminate/Container/BoundMethod::call():35}()
#17 C:/Users/USER/Desktop/projet_tutore2/somagep/vendor/laravel/framework/src/Illuminate/Container/BoundMethod.php(96): Illuminate/Container/Util::unwrapIfClosure()
#18 C:/Users/USER/Desktop/projet_tutore2/somagep/vendor/laravel/framework/src/Illuminate/Container/BoundMethod.php(35): Illuminate/Container/BoundMethod::callBoundMethod()
#19 C:/Users/USER/Desktop/projet_tutore2/somagep/vendor/laravel/framework/src/Illuminate/Container/Container.php(799): Illuminate/Container/BoundMethod::call()
#20 C:/Users/USER/Desktop/projet_tutore2/somagep/vendor/laravel/framework/src/Illuminate/Console/Command.php(280): Illuminate/Container/Container->call()
#21 C:/Users/USER/Desktop/projet_tutore2/somagep/vendor/symfony/console/Command/Command.php(284): Illuminate/Console/Command->execute()
#22 C:/Users/USER/Desktop/projet_tutore2/somagep/vendor/laravel/framework/src/Illuminate/Console/Command.php(249): Symfony/Component/Console/Command/Command->run()
#23 C:/Users/USER/Desktop/projet_tutore2/somagep/vendor/symfony/console/Application.php(1144): Illuminate/Console/Command->run()
#24 C:/Users/USER/Desktop/projet_tutore2/somagep/vendor/symfony/console/Application.php(379): Symfony/Component/Console/Application->doRunCommand()
#25 C:/Users/USER/Desktop/projet_tutore2/somagep/vendor/symfony/console/Application.php(218): Symfony/Component/Console/Application->doRun()
#26 C:/Users/USER/Desktop/projet_tutore2/somagep/vendor/laravel/framework/src/Illuminate/Foundation/Console/Kernel.php(198): Symfony/Component/Console/Application->run()
#27 C:/Users/USER/Desktop/projet_tutore2/somagep/vendor/laravel/framework/src/Illuminate/Foundation/Application.php(1235): Illuminate/Foundation/Console/Kernel->handle()
#28 C:/Users/USER/Desktop/projet_tutore2/somagep/artisan(16): Illuminate/Foundation/Application->handleCommand()
#29 {main}
"} 
[2026-06-25 16:56:29] production.ERROR: could not find driver (Connection: sqlite, Database: C:\Users\USER\Desktop\projet_tutore2\somagep\database\database.sqlite, SQL: select exists (select 1 from "main".sqlite_master where name = 'migrations' and type = 'table') as "exists") {"exception":"[object] (Illuminate\\Database\\QueryException(code: 0): could not find driver (Connection: sqlite, Database: C:\\Users\\USER\\Desktop\\projet_tutore2\\somagep\\database\\database.sqlite, SQL: select exists (select 1 from \"main\".sqlite_master where name = 'migrations' and type = 'table') as \"exists\") at C:/Users/USER/Desktop/projet_tutore2/somagep/vendor/laravel/framework/src/Illuminate/Database/Connection.php:857)
[stacktrace]
#0 C:/Users/USER/Desktop/projet_tutore2/somagep/vendor/laravel/framework/src/Illuminate/Database/Connection.php(813): Illuminate/Database/Connection->runQueryCallback()
#1 C:/Users/USER/Desktop/projet_tutore2/somagep/vendor/laravel/framework/src/Illuminate/Database/Connection.php(426): Illuminate/Database/Connection->run()
#2 C:/Users/USER/Desktop/projet_tutore2/somagep/vendor/laravel/framework/src/Illuminate/Database/Connection.php(371): Illuminate/Database/Connection->select()
#3 C:/Users/USER/Desktop/projet_tutore2/somagep/vendor/laravel/framework/src/Illuminate/Database/Connection.php(388): Illuminate/Database/Connection->selectOne()
#4 C:/Users/USER/Desktop/projet_tutore2/somagep/vendor/laravel/framework/src/Illuminate/Database/Schema/Builder.php(176): Illuminate/Database/Connection->scalar()
#5 C:/Users/USER/Desktop/projet_tutore2/somagep/vendor/laravel/framework/src/Illuminate/Database/Migrations/DatabaseMigrationRepository.php(185): Illuminate/Database/Schema/Builder->hasTable()
#6 C:/Users/USER/Desktop/projet_tutore2/somagep/vendor/laravel/framework/src/Illuminate/Database/Migrations/Migrator.php(797): Illuminate/Database/Migrations/DatabaseMigrationRepository->repositoryExists()
#7 C:/Users/USER/Desktop/projet_tutore2/somagep/vendor/laravel/framework/src/Illuminate/Database/Console/Migrations/MigrateCommand.php(166): Illuminate/Database/Migrations/Migrator->repositoryExists()
#8 C:/Users/USER/Desktop/projet_tutore2/somagep/vendor/laravel/framework/src/Illuminate/Support/helpers.php(328): Illuminate/Database/Console/Migrations/MigrateCommand->{closure:Illuminate/Database/Console/Migrations/MigrateCommand::repositoryExists():166}()
#9 C:/Users/USER/Desktop/projet_tutore2/somagep/vendor/laravel/framework/src/Illuminate/Database/Console/Migrations/MigrateCommand.php(166): retry()
#10 C:/Users/USER/Desktop/projet_tutore2/somagep/vendor/laravel/framework/src/Illuminate/Database/Console/Migrations/MigrateCommand.php(142): Illuminate/Database/Console/Migrations/MigrateCommand->repositoryExists()
#11 C:/Users/USER/Desktop/projet_tutore2/somagep/vendor/laravel/framework/src/Illuminate/Database/Console/Migrations/MigrateCommand.php(112): Illuminate/Database/Console/Migrations/MigrateCommand->prepareDatabase()
#12 C:/Users/USER/Desktop/projet_tutore2/somagep/vendor/laravel/framework/src/Illuminate/Database/Migrations/Migrator.php(672): Illuminate/Database/Console/Migrations/MigrateCommand->{closure:Illuminate/Database/Console/Migrations/MigrateCommand::runMigrations():111}()
#13 C:/Users/USER/Desktop/projet_tutore2/somagep/vendor/laravel/framework/src/Illuminate/Database/Console/Migrations/MigrateCommand.php(111): Illuminate/Database/Migrations/Migrator->usingConnection()
#14 C:/Users/USER/Desktop/projet_tutore2/somagep/vendor/laravel/framework/src/Illuminate/Database/Console/Migrations/MigrateCommand.php(90): Illuminate/Database/Console/Migrations/MigrateCommand->runMigrations()
#15 C:/Users/USER/Desktop/projet_tutore2/somagep/vendor/laravel/framework/src/Illuminate/Container/BoundMethod.php(36): Illuminate/Database/Console/Migrations/MigrateCommand->handle()
#16 C:/Users/USER/Desktop/projet_tutore2/somagep/vendor/laravel/framework/src/Illuminate/Container/Util.php(43): Illuminate/Container/BoundMethod::{closure:Illuminate/Container/BoundMethod::call():35}()
#17 C:/Users/USER/Desktop/projet_tutore2/somagep/vendor/laravel/framework/src/Illuminate/Container/BoundMethod.php(96): Illuminate/Container/Util::unwrapIfClosure()
#18 C:/Users/USER/Desktop/projet_tutore2/somagep/vendor/laravel/framework/src/Illuminate/Container/BoundMethod.php(35): Illuminate/Container/BoundMethod::callBoundMethod()
#19 C:/Users/USER/Desktop/projet_tutore2/somagep/vendor/laravel/framework/src/Illuminate/Container/Container.php(799): Illuminate/Container/BoundMethod::call()
#20 C:/Users/USER/Desktop/projet_tutore2/somagep/vendor/laravel/framework/src/Illuminate/Console/Command.php(280): Illuminate/Container/Container->call()
#21 C:/Users/USER/Desktop/projet_tutore2/somagep/vendor/symfony/console/Command/Command.php(284): Illuminate/Console/Command->execute()
#22 C:/Users/USER/Desktop/projet_tutore2/somagep/vendor/laravel/framework/src/Illuminate/Console/Command.php(249): Symfony/Component/Console/Command/Command->run()
#23 C:/Users/USER/Desktop/projet_tutore2/somagep/vendor/symfony/console/Application.php(1144): Illuminate/Console/Command->run()
#24 C:/Users/USER/Desktop/projet_tutore2/somagep/vendor/symfony/console/Application.php(379): Symfony/Component/Console/Application->doRunCommand()
#25 C:/Users/USER/Desktop/projet_tutore2/somagep/vendor/symfony/console/Application.php(218): Symfony/Component/Console/Application->doRun()
#26 C:/Users/USER/Desktop/projet_tutore2/somagep/vendor/laravel/framework/src/Illuminate/Foundation/Console/Kernel.php(198): Symfony/Component/Console/Application->run()
#27 C:/Users/USER/Desktop/projet_tutore2/somagep/vendor/laravel/framework/src/Illuminate/Foundation/Application.php(1235): Illuminate/Foundation/Console/Kernel->handle()
#28 C:/Users/USER/Desktop/projet_tutore2/somagep/artisan(16): Illuminate/Foundation/Application->handleCommand()
#29 {main}

[previous exception] [object] (PDOException(code: 0): could not find driver at C:/Users/USER/Desktop/projet_tutore2/somagep/vendor/laravel/framework/src/Illuminate/Database/Connectors/Connector.php:67)
[stacktrace]
#0 C:/Users/USER/Desktop/projet_tutore2/somagep/vendor/laravel/framework/src/Illuminate/Database/Connectors/Connector.php(67): PDO::connect()
#1 C:/Users/USER/Desktop/projet_tutore2/somagep/vendor/laravel/framework/src/Illuminate/Database/Connectors/Connector.php(44): Illuminate/Database/Connectors/Connector->createPdoConnection()
#2 C:/Users/USER/Desktop/projet_tutore2/somagep/vendor/laravel/framework/src/Illuminate/Database/Connectors/SQLiteConnector.php(21): Illuminate/Database/Connectors/Connector->createConnection()
#3 C:/Users/USER/Desktop/projet_tutore2/somagep/vendor/laravel/framework/src/Illuminate/Database/Connectors/ConnectionFactory.php(259): Illuminate/Database/Connectors/SQLiteConnector->connect()
#4 [internal function]: Illuminate/Database/Connectors/ConnectionFactory->{closure:Illuminate/Database/Connectors/ConnectionFactory::createPdoResolverWithoutHosts():259}()
#5 C:/Users/USER/Desktop/projet_tutore2/somagep/vendor/laravel/framework/src/Illuminate/Database/Connection.php(1297): call_user_func()
#6 C:/Users/USER/Desktop/projet_tutore2/somagep/vendor/laravel/framework/src/Illuminate/Database/Connection.php(1335): Illuminate/Database/Connection->getPdo()
#7 C:/Users/USER/Desktop/projet_tutore2/somagep/vendor/laravel/framework/src/Illuminate/Database/Connection.php(542): Illuminate/Database/Connection->getReadPdo()
#8 C:/Users/USER/Desktop/projet_tutore2/somagep/vendor/laravel/framework/src/Illuminate/Database/Connection.php(435): Illuminate/Database/Connection->getPdoForSelect()
#9 C:/Users/USER/Desktop/projet_tutore2/somagep/vendor/laravel/framework/src/Illuminate/Database/Connection.php(846): Illuminate/Database/Connection->{closure:Illuminate/Database/Connection::select():426}()
#10 C:/Users/USER/Desktop/projet_tutore2/somagep/vendor/laravel/framework/src/Illuminate/Database/Connection.php(813): Illuminate/Database/Connection->runQueryCallback()
#11 C:/Users/USER/Desktop/projet_tutore2/somagep/vendor/laravel/framework/src/Illuminate/Database/Connection.php(426): Illuminate/Database/Connection->run()
#12 C:/Users/USER/Desktop/projet_tutore2/somagep/vendor/laravel/framework/src/Illuminate/Database/Connection.php(371): Illuminate/Database/Connection->select()
#13 C:/Users/USER/Desktop/projet_tutore2/somagep/vendor/laravel/framework/src/Illuminate/Database/Connection.php(388): Illuminate/Database/Connection->selectOne()
#14 C:/Users/USER/Desktop/projet_tutore2/somagep/vendor/laravel/framework/src/Illuminate/Database/Schema/Builder.php(176): Illuminate/Database/Connection->scalar()
#15 C:/Users/USER/Desktop/projet_tutore2/somagep/vendor/laravel/framework/src/Illuminate/Database/Migrations/DatabaseMigrationRepository.php(185): Illuminate/Database/Schema/Builder->hasTable()
#16 C:/Users/USER/Desktop/projet_tutore2/somagep/vendor/laravel/framework/src/Illuminate/Database/Migrations/Migrator.php(797): Illuminate/Database/Migrations/DatabaseMigrationRepository->repositoryExists()
#17 C:/Users/USER/Desktop/projet_tutore2/somagep/vendor/laravel/framework/src/Illuminate/Database/Console/Migrations/MigrateCommand.php(166): Illuminate/Database/Migrations/Migrator->repositoryExists()
#18 C:/Users/USER/Desktop/projet_tutore2/somagep/vendor/laravel/framework/src/Illuminate/Support/helpers.php(328): Illuminate/Database/Console/Migrations/MigrateCommand->{closure:Illuminate/Database/Console/Migrations/MigrateCommand::repositoryExists():166}()
#19 C:/Users/USER/Desktop/projet_tutore2/somagep/vendor/laravel/framework/src/Illuminate/Database/Console/Migrations/MigrateCommand.php(166): retry()
#20 C:/Users/USER/Desktop/projet_tutore2/somagep/vendor/laravel/framework/src/Illuminate/Database/Console/Migrations/MigrateCommand.php(142): Illuminate/Database/Console/Migrations/MigrateCommand->repositoryExists()
#21 C:/Users/USER/Desktop/projet_tutore2/somagep/vendor/laravel/framework/src/Illuminate/Database/Console/Migrations/MigrateCommand.php(112): Illuminate/Database/Console/Migrations/MigrateCommand->prepareDatabase()
#22 C:/Users/USER/Desktop/projet_tutore2/somagep/vendor/laravel/framework/src/Illuminate/Database/Migrations/Migrator.php(672): Illuminate/Database/Console/Migrations/MigrateCommand->{closure:Illuminate/Database/Console/Migrations/MigrateCommand::runMigrations():111}()
#23 C:/Users/USER/Desktop/projet_tutore2/somagep/vendor/laravel/framework/src/Illuminate/Database/Console/Migrations/MigrateCommand.php(111): Illuminate/Database/Migrations/Migrator->usingConnection()
#24 C:/Users/USER/Desktop/projet_tutore2/somagep/vendor/laravel/framework/src/Illuminate/Database/Console/Migrations/MigrateCommand.php(90): Illuminate/Database/Console/Migrations/MigrateCommand->runMigrations()
#25 C:/Users/USER/Desktop/projet_tutore2/somagep/vendor/laravel/framework/src/Illuminate/Container/BoundMethod.php(36): Illuminate/Database/Console/Migrations/MigrateCommand->handle()
#26 C:/Users/USER/Desktop/projet_tutore2/somagep/vendor/laravel/framework/src/Illuminate/Container/Util.php(43): Illuminate/Container/BoundMethod::{closure:Illuminate/Container/BoundMethod::call():35}()
#27 C:/Users/USER/Desktop/projet_tutore2/somagep/vendor/laravel/framework/src/Illuminate/Container/BoundMethod.php(96): Illuminate/Container/Util::unwrapIfClosure()
#28 C:/Users/USER/Desktop/projet_tutore2/somagep/vendor/laravel/framework/src/Illuminate/Container/BoundMethod.php(35): Illuminate/Container/BoundMethod::callBoundMethod()
#29 C:/Users/USER/Desktop/projet_tutore2/somagep/vendor/laravel/framework/src/Illuminate/Container/Container.php(799): Illuminate/Container/BoundMethod::call()
#30 C:/Users/USER/Desktop/projet_tutore2/somagep/vendor/laravel/framework/src/Illuminate/Console/Command.php(280): Illuminate/Container/Container->call()
#31 C:/Users/USER/Desktop/projet_tutore2/somagep/vendor/symfony/console/Command/Command.php(284): Illuminate/Console/Command->execute()
#32 C:/Users/USER/Desktop/projet_tutore2/somagep/vendor/laravel/framework/src/Illuminate/Console/Command.php(249): Symfony/Component/Console/Command/Command->run()
#33 C:/Users/USER/Desktop/projet_tutore2/somagep/vendor/symfony/console/Application.php(1144): Illuminate/Console/Command->run()
#34 C:/Users/USER/Desktop/projet_tutore2/somagep/vendor/symfony/console/Application.php(379): Symfony/Component/Console/Application->doRunCommand()
#35 C:/Users/USER/Desktop/projet_tutore2/somagep/vendor/symfony/console/Application.php(218): Symfony/Component/Console/Application->doRun()
#36 C:/Users/USER/Desktop/projet_tutore2/somagep/vendor/laravel/framework/src/Illuminate/Foundation/Console/Kernel.php(198): Symfony/Component/Console/Application->run()
#37 C:/Users/USER/Desktop/projet_tutore2/somagep/vendor/laravel/framework/src/Illuminate/Foundation/Application.php(1235): Illuminate/Foundation/Console/Kernel->handle()
#38 C:/Users/USER/Desktop/projet_tutore2/somagep/artisan(16): Illuminate/Foundation/Application->handleCommand()
#39 {main}
"} 
[2026-06-25 16:58:06] production.ERROR: Command "migratecls" is not defined.

Did you mean one of these?
    migrate
    migrate:fresh
    migrate:install
    migrate:refresh
    migrate:reset
    migrate:rollback
    migrate:status {"exception":"[object] (Symfony\\Component\\Console\\Exception\\CommandNotFoundException(code: 0): Command \"migratecls\" is not defined.

Did you mean one of these?
    migrate
    migrate:fresh
    migrate:install
    migrate:refresh
    migrate:reset
    migrate:rollback
    migrate:status at C:/Users/USER/Desktop/projet_tutore2/somagep/vendor/symfony/console/Application.php:785)
[stacktrace]
#0 C:/Users/USER/Desktop/projet_tutore2/somagep/vendor/symfony/console/Application.php(321): Symfony/Component/Console/Application->find()
#1 C:/Users/USER/Desktop/projet_tutore2/somagep/vendor/symfony/console/Application.php(218): Symfony/Component/Console/Application->doRun()
#2 C:/Users/USER/Desktop/projet_tutore2/somagep/vendor/laravel/framework/src/Illuminate/Foundation/Console/Kernel.php(198): Symfony/Component/Console/Application->run()
#3 C:/Users/USER/Desktop/projet_tutore2/somagep/vendor/laravel/framework/src/Illuminate/Foundation/Application.php(1235): Illuminate/Foundation/Console/Kernel->handle()
#4 C:/Users/USER/Desktop/projet_tutore2/somagep/artisan(16): Illuminate/Foundation/Application->handleCommand()
#5 {main}
"} 
[2026-06-25 16:58:21] production.ERROR: could not find driver (Connection: sqlite, Database: C:\Users\USER\Desktop\projet_tutore2\somagep\database\database.sqlite, SQL: select exists (select 1 from "main".sqlite_master where name = 'migrations' and type = 'table') as "exists") {"exception":"[object] (Illuminate\\Database\\QueryException(code: 0): could not find driver (Connection: sqlite, Database: C:\\Users\\USER\\Desktop\\projet_tutore2\\somagep\\database\\database.sqlite, SQL: select exists (select 1 from \"main\".sqlite_master where name = 'migrations' and type = 'table') as \"exists\") at C:/Users/USER/Desktop/projet_tutore2/somagep/vendor/laravel/framework/src/Illuminate/Database/Connection.php:857)
[stacktrace]
#0 C:/Users/USER/Desktop/projet_tutore2/somagep/vendor/laravel/framework/src/Illuminate/Database/Connection.php(813): Illuminate/Database/Connection->runQueryCallback()
#1 C:/Users/USER/Desktop/projet_tutore2/somagep/vendor/laravel/framework/src/Illuminate/Database/Connection.php(426): Illuminate/Database/Connection->run()
#2 C:/Users/USER/Desktop/projet_tutore2/somagep/vendor/laravel/framework/src/Illuminate/Database/Connection.php(371): Illuminate/Database/Connection->select()
#3 C:/Users/USER/Desktop/projet_tutore2/somagep/vendor/laravel/framework/src/Illuminate/Database/Connection.php(388): Illuminate/Database/Connection->selectOne()
#4 C:/Users/USER/Desktop/projet_tutore2/somagep/vendor/laravel/framework/src/Illuminate/Database/Schema/Builder.php(176): Illuminate/Database/Connection->scalar()
#5 C:/Users/USER/Desktop/projet_tutore2/somagep/vendor/laravel/framework/src/Illuminate/Database/Migrations/DatabaseMigrationRepository.php(185): Illuminate/Database/Schema/Builder->hasTable()
#6 C:/Users/USER/Desktop/projet_tutore2/somagep/vendor/laravel/framework/src/Illuminate/Database/Migrations/Migrator.php(797): Illuminate/Database/Migrations/DatabaseMigrationRepository->repositoryExists()
#7 C:/Users/USER/Desktop/projet_tutore2/somagep/vendor/laravel/framework/src/Illuminate/Database/Console/Migrations/MigrateCommand.php(166): Illuminate/Database/Migrations/Migrator->repositoryExists()
#8 C:/Users/USER/Desktop/projet_tutore2/somagep/vendor/laravel/framework/src/Illuminate/Support/helpers.php(328): Illuminate/Database/Console/Migrations/MigrateCommand->{closure:Illuminate/Database/Console/Migrations/MigrateCommand::repositoryExists():166}()
#9 C:/Users/USER/Desktop/projet_tutore2/somagep/vendor/laravel/framework/src/Illuminate/Database/Console/Migrations/MigrateCommand.php(166): retry()
#10 C:/Users/USER/Desktop/projet_tutore2/somagep/vendor/laravel/framework/src/Illuminate/Database/Console/Migrations/MigrateCommand.php(142): Illuminate/Database/Console/Migrations/MigrateCommand->repositoryExists()
#11 C:/Users/USER/Desktop/projet_tutore2/somagep/vendor/laravel/framework/src/Illuminate/Database/Console/Migrations/MigrateCommand.php(112): Illuminate/Database/Console/Migrations/MigrateCommand->prepareDatabase()
#12 C:/Users/USER/Desktop/projet_tutore2/somagep/vendor/laravel/framework/src/Illuminate/Database/Migrations/Migrator.php(672): Illuminate/Database/Console/Migrations/MigrateCommand->{closure:Illuminate/Database/Console/Migrations/MigrateCommand::runMigrations():111}()
#13 C:/Users/USER/Desktop/projet_tutore2/somagep/vendor/laravel/framework/src/Illuminate/Database/Console/Migrations/MigrateCommand.php(111): Illuminate/Database/Migrations/Migrator->usingConnection()
#14 C:/Users/USER/Desktop/projet_tutore2/somagep/vendor/laravel/framework/src/Illuminate/Database/Console/Migrations/MigrateCommand.php(90): Illuminate/Database/Console/Migrations/MigrateCommand->runMigrations()
#15 C:/Users/USER/Desktop/projet_tutore2/somagep/vendor/laravel/framework/src/Illuminate/Container/BoundMethod.php(36): Illuminate/Database/Console/Migrations/MigrateCommand->handle()
#16 C:/Users/USER/Desktop/projet_tutore2/somagep/vendor/laravel/framework/src/Illuminate/Container/Util.php(43): Illuminate/Container/BoundMethod::{closure:Illuminate/Container/BoundMethod::call():35}()
#17 C:/Users/USER/Desktop/projet_tutore2/somagep/vendor/laravel/framework/src/Illuminate/Container/BoundMethod.php(96): Illuminate/Container/Util::unwrapIfClosure()
#18 C:/Users/USER/Desktop/projet_tutore2/somagep/vendor/laravel/framework/src/Illuminate/Container/BoundMethod.php(35): Illuminate/Container/BoundMethod::callBoundMethod()
#19 C:/Users/USER/Desktop/projet_tutore2/somagep/vendor/laravel/framework/src/Illuminate/Container/Container.php(799): Illuminate/Container/BoundMethod::call()
#20 C:/Users/USER/Desktop/projet_tutore2/somagep/vendor/laravel/framework/src/Illuminate/Console/Command.php(280): Illuminate/Container/Container->call()
#21 C:/Users/USER/Desktop/projet_tutore2/somagep/vendor/symfony/console/Command/Command.php(284): Illuminate/Console/Command->execute()
#22 C:/Users/USER/Desktop/projet_tutore2/somagep/vendor/laravel/framework/src/Illuminate/Console/Command.php(249): Symfony/Component/Console/Command/Command->run()
#23 C:/Users/USER/Desktop/projet_tutore2/somagep/vendor/symfony/console/Application.php(1144): Illuminate/Console/Command->run()
#24 C:/Users/USER/Desktop/projet_tutore2/somagep/vendor/symfony/console/Application.php(379): Symfony/Component/Console/Application->doRunCommand()
#25 C:/Users/USER/Desktop/projet_tutore2/somagep/vendor/symfony/console/Application.php(218): Symfony/Component/Console/Application->doRun()
#26 C:/Users/USER/Desktop/projet_tutore2/somagep/vendor/laravel/framework/src/Illuminate/Foundation/Console/Kernel.php(198): Symfony/Component/Console/Application->run()
#27 C:/Users/USER/Desktop/projet_tutore2/somagep/vendor/laravel/framework/src/Illuminate/Foundation/Application.php(1235): Illuminate/Foundation/Console/Kernel->handle()
#28 C:/Users/USER/Desktop/projet_tutore2/somagep/artisan(16): Illuminate/Foundation/Application->handleCommand()
#29 {main}

[previous exception] [object] (PDOException(code: 0): could not find driver at C:/Users/USER/Desktop/projet_tutore2/somagep/vendor/laravel/framework/src/Illuminate/Database/Connectors/Connector.php:67)
[stacktrace]
#0 C:/Users/USER/Desktop/projet_tutore2/somagep/vendor/laravel/framework/src/Illuminate/Database/Connectors/Connector.php(67): PDO::connect()
#1 C:/Users/USER/Desktop/projet_tutore2/somagep/vendor/laravel/framework/src/Illuminate/Database/Connectors/Connector.php(44): Illuminate/Database/Connectors/Connector->createPdoConnection()
#2 C:/Users/USER/Desktop/projet_tutore2/somagep/vendor/laravel/framework/src/Illuminate/Database/Connectors/SQLiteConnector.php(21): Illuminate/Database/Connectors/Connector->createConnection()
#3 C:/Users/USER/Desktop/projet_tutore2/somagep/vendor/laravel/framework/src/Illuminate/Database/Connectors/ConnectionFactory.php(259): Illuminate/Database/Connectors/SQLiteConnector->connect()
#4 [internal function]: Illuminate/Database/Connectors/ConnectionFactory->{closure:Illuminate/Database/Connectors/ConnectionFactory::createPdoResolverWithoutHosts():259}()
#5 C:/Users/USER/Desktop/projet_tutore2/somagep/vendor/laravel/framework/src/Illuminate/Database/Connection.php(1297): call_user_func()
#6 C:/Users/USER/Desktop/projet_tutore2/somagep/vendor/laravel/framework/src/Illuminate/Database/Connection.php(1335): Illuminate/Database/Connection->getPdo()
#7 C:/Users/USER/Desktop/projet_tutore2/somagep/vendor/laravel/framework/src/Illuminate/Database/Connection.php(542): Illuminate/Database/Connection->getReadPdo()
#8 C:/Users/USER/Desktop/projet_tutore2/somagep/vendor/laravel/framework/src/Illuminate/Database/Connection.php(435): Illuminate/Database/Connection->getPdoForSelect()
#9 C:/Users/USER/Desktop/projet_tutore2/somagep/vendor/laravel/framework/src/Illuminate/Database/Connection.php(846): Illuminate/Database/Connection->{closure:Illuminate/Database/Connection::select():426}()
#10 C:/Users/USER/Desktop/projet_tutore2/somagep/vendor/laravel/framework/src/Illuminate/Database/Connection.php(813): Illuminate/Database/Connection->runQueryCallback()
#11 C:/Users/USER/Desktop/projet_tutore2/somagep/vendor/laravel/framework/src/Illuminate/Database/Connection.php(426): Illuminate/Database/Connection->run()
#12 C:/Users/USER/Desktop/projet_tutore2/somagep/vendor/laravel/framework/src/Illuminate/Database/Connection.php(371): Illuminate/Database/Connection->select()
#13 C:/Users/USER/Desktop/projet_tutore2/somagep/vendor/laravel/framework/src/Illuminate/Database/Connection.php(388): Illuminate/Database/Connection->selectOne()
#14 C:/Users/USER/Desktop/projet_tutore2/somagep/vendor/laravel/framework/src/Illuminate/Database/Schema/Builder.php(176): Illuminate/Database/Connection->scalar()
#15 C:/Users/USER/Desktop/projet_tutore2/somagep/vendor/laravel/framework/src/Illuminate/Database/Migrations/DatabaseMigrationRepository.php(185): Illuminate/Database/Schema/Builder->hasTable()
#16 C:/Users/USER/Desktop/projet_tutore2/somagep/vendor/laravel/framework/src/Illuminate/Database/Migrations/Migrator.php(797): Illuminate/Database/Migrations/DatabaseMigrationRepository->repositoryExists()
#17 C:/Users/USER/Desktop/projet_tutore2/somagep/vendor/laravel/framework/src/Illuminate/Database/Console/Migrations/MigrateCommand.php(166): Illuminate/Database/Migrations/Migrator->repositoryExists()
#18 C:/Users/USER/Desktop/projet_tutore2/somagep/vendor/laravel/framework/src/Illuminate/Support/helpers.php(328): Illuminate/Database/Console/Migrations/MigrateCommand->{closure:Illuminate/Database/Console/Migrations/MigrateCommand::repositoryExists():166}()
#19 C:/Users/USER/Desktop/projet_tutore2/somagep/vendor/laravel/framework/src/Illuminate/Database/Console/Migrations/MigrateCommand.php(166): retry()
#20 C:/Users/USER/Desktop/projet_tutore2/somagep/vendor/laravel/framework/src/Illuminate/Database/Console/Migrations/MigrateCommand.php(142): Illuminate/Database/Console/Migrations/MigrateCommand->repositoryExists()
#21 C:/Users/USER/Desktop/projet_tutore2/somagep/vendor/laravel/framework/src/Illuminate/Database/Console/Migrations/MigrateCommand.php(112): Illuminate/Database/Console/Migrations/MigrateCommand->prepareDatabase()
#22 C:/Users/USER/Desktop/projet_tutore2/somagep/vendor/laravel/framework/src/Illuminate/Database/Migrations/Migrator.php(672): Illuminate/Database/Console/Migrations/MigrateCommand->{closure:Illuminate/Database/Console/Migrations/MigrateCommand::runMigrations():111}()
#23 C:/Users/USER/Desktop/projet_tutore2/somagep/vendor/laravel/framework/src/Illuminate/Database/Console/Migrations/MigrateCommand.php(111): Illuminate/Database/Migrations/Migrator->usingConnection()
#24 C:/Users/USER/Desktop/projet_tutore2/somagep/vendor/laravel/framework/src/Illuminate/Database/Console/Migrations/MigrateCommand.php(90): Illuminate/Database/Console/Migrations/MigrateCommand->runMigrations()
#25 C:/Users/USER/Desktop/projet_tutore2/somagep/vendor/laravel/framework/src/Illuminate/Container/BoundMethod.php(36): Illuminate/Database/Console/Migrations/MigrateCommand->handle()
#26 C:/Users/USER/Desktop/projet_tutore2/somagep/vendor/laravel/framework/src/Illuminate/Container/Util.php(43): Illuminate/Container/BoundMethod::{closure:Illuminate/Container/BoundMethod::call():35}()
#27 C:/Users/USER/Desktop/projet_tutore2/somagep/vendor/laravel/framework/src/Illuminate/Container/BoundMethod.php(96): Illuminate/Container/Util::unwrapIfClosure()
#28 C:/Users/USER/Desktop/projet_tutore2/somagep/vendor/laravel/framework/src/Illuminate/Container/BoundMethod.php(35): Illuminate/Container/BoundMethod::callBoundMethod()
#29 C:/Users/USER/Desktop/projet_tutore2/somagep/vendor/laravel/framework/src/Illuminate/Container/Container.php(799): Illuminate/Container/BoundMethod::call()
#30 C:/Users/USER/Desktop/projet_tutore2/somagep/vendor/laravel/framework/src/Illuminate/Console/Command.php(280): Illuminate/Container/Container->call()
#31 C:/Users/USER/Desktop/projet_tutore2/somagep/vendor/symfony/console/Command/Command.php(284): Illuminate/Console/Command->execute()
#32 C:/Users/USER/Desktop/projet_tutore2/somagep/vendor/laravel/framework/src/Illuminate/Console/Command.php(249): Symfony/Component/Console/Command/Command->run()
#33 C:/Users/USER/Desktop/projet_tutore2/somagep/vendor/symfony/console/Application.php(1144): Illuminate/Console/Command->run()
#34 C:/Users/USER/Desktop/projet_tutore2/somagep/vendor/symfony/console/Application.php(379): Symfony/Component/Console/Application->doRunCommand()
#35 C:/Users/USER/Desktop/projet_tutore2/somagep/vendor/symfony/console/Application.php(218): Symfony/Component/Console/Application->doRun()
#36 C:/Users/USER/Desktop/projet_tutore2/somagep/vendor/laravel/framework/src/Illuminate/Foundation/Console/Kernel.php(198): Symfony/Component/Console/Application->run()
#37 C:/Users/USER/Desktop/projet_tutore2/somagep/vendor/laravel/framework/src/Illuminate/Foundation/Application.php(1235): Illuminate/Foundation/Console/Kernel->handle()
#38 C:/Users/USER/Desktop/projet_tutore2/somagep/artisan(16): Illuminate/Foundation/Application->handleCommand()
#39 {main}
"} 
[2026-06-25 17:01:54] production.ERROR: could not find driver (Connection: sqlite, Database: C:\Users\USER\Desktop\projet_tutore2\somagep\database\database.sqlite, SQL: delete from "cache") {"exception":"[object] (Illuminate\\Database\\QueryException(code: 0): could not find driver (Connection: sqlite, Database: C:\\Users\\USER\\Desktop\\projet_tutore2\\somagep\\database\\database.sqlite, SQL: delete from \"cache\") at C:/Users/USER/Desktop/projet_tutore2/somagep/vendor/laravel/framework/src/Illuminate/Database/Connection.php:857)
[stacktrace]
#0 C:/Users/USER/Desktop/projet_tutore2/somagep/vendor/laravel/framework/src/Illuminate/Database/Connection.php(813): Illuminate/Database/Connection->runQueryCallback()
#1 C:/Users/USER/Desktop/projet_tutore2/somagep/vendor/laravel/framework/src/Illuminate/Database/Connection.php(614): Illuminate/Database/Connection->run()
#2 C:/Users/USER/Desktop/projet_tutore2/somagep/vendor/laravel/framework/src/Illuminate/Database/Connection.php(578): Illuminate/Database/Connection->affectingStatement()
#3 C:/Users/USER/Desktop/projet_tutore2/somagep/vendor/laravel/framework/src/Illuminate/Database/Query/Builder.php(4520): Illuminate/Database/Connection->delete()
#4 C:/Users/USER/Desktop/projet_tutore2/somagep/vendor/laravel/framework/src/Illuminate/Cache/DatabaseStore.php(450): Illuminate/Database/Query/Builder->delete()
#5 C:/Users/USER/Desktop/projet_tutore2/somagep/vendor/laravel/framework/src/Illuminate/Cache/Repository.php(1071): Illuminate/Cache/DatabaseStore->flush()
#6 C:/Users/USER/Desktop/projet_tutore2/somagep/vendor/laravel/framework/src/Illuminate/Cache/Console/ClearCommand.php(80): Illuminate/Cache/Repository->__call()
#7 C:/Users/USER/Desktop/projet_tutore2/somagep/vendor/laravel/framework/src/Illuminate/Container/BoundMethod.php(36): Illuminate/Cache/Console/ClearCommand->handle()
#8 C:/Users/USER/Desktop/projet_tutore2/somagep/vendor/laravel/framework/src/Illuminate/Container/Util.php(43): Illuminate/Container/BoundMethod::{closure:Illuminate/Container/BoundMethod::call():35}()
#9 C:/Users/USER/Desktop/projet_tutore2/somagep/vendor/laravel/framework/src/Illuminate/Container/BoundMethod.php(96): Illuminate/Container/Util::unwrapIfClosure()
#10 C:/Users/USER/Desktop/projet_tutore2/somagep/vendor/laravel/framework/src/Illuminate/Container/BoundMethod.php(35): Illuminate/Container/BoundMethod::callBoundMethod()
#11 C:/Users/USER/Desktop/projet_tutore2/somagep/vendor/laravel/framework/src/Illuminate/Container/Container.php(799): Illuminate/Container/BoundMethod::call()
#12 C:/Users/USER/Desktop/projet_tutore2/somagep/vendor/laravel/framework/src/Illuminate/Console/Command.php(280): Illuminate/Container/Container->call()
#13 C:/Users/USER/Desktop/projet_tutore2/somagep/vendor/symfony/console/Command/Command.php(284): Illuminate/Console/Command->execute()
#14 C:/Users/USER/Desktop/projet_tutore2/somagep/vendor/laravel/framework/src/Illuminate/Console/Command.php(249): Symfony/Component/Console/Command/Command->run()
#15 C:/Users/USER/Desktop/projet_tutore2/somagep/vendor/symfony/console/Application.php(1144): Illuminate/Console/Command->run()
#16 C:/Users/USER/Desktop/projet_tutore2/somagep/vendor/symfony/console/Application.php(379): Symfony/Component/Console/Application->doRunCommand()
#17 C:/Users/USER/Desktop/projet_tutore2/somagep/vendor/symfony/console/Application.php(218): Symfony/Component/Console/Application->doRun()
#18 C:/Users/USER/Desktop/projet_tutore2/somagep/vendor/laravel/framework/src/Illuminate/Foundation/Console/Kernel.php(198): Symfony/Component/Console/Application->run()
#19 C:/Users/USER/Desktop/projet_tutore2/somagep/vendor/laravel/framework/src/Illuminate/Foundation/Application.php(1235): Illuminate/Foundation/Console/Kernel->handle()
#20 C:/Users/USER/Desktop/projet_tutore2/somagep/artisan(16): Illuminate/Foundation/Application->handleCommand()
#21 {main}

[previous exception] [object] (PDOException(code: 0): could not find driver at C:/Users/USER/Desktop/projet_tutore2/somagep/vendor/laravel/framework/src/Illuminate/Database/Connectors/Connector.php:67)
[stacktrace]
#0 C:/Users/USER/Desktop/projet_tutore2/somagep/vendor/laravel/framework/src/Illuminate/Database/Connectors/Connector.php(67): PDO::connect()
#1 C:/Users/USER/Desktop/projet_tutore2/somagep/vendor/laravel/framework/src/Illuminate/Database/Connectors/Connector.php(44): Illuminate/Database/Connectors/Connector->createPdoConnection()
#2 C:/Users/USER/Desktop/projet_tutore2/somagep/vendor/laravel/framework/src/Illuminate/Database/Connectors/SQLiteConnector.php(21): Illuminate/Database/Connectors/Connector->createConnection()
#3 C:/Users/USER/Desktop/projet_tutore2/somagep/vendor/laravel/framework/src/Illuminate/Database/Connectors/ConnectionFactory.php(259): Illuminate/Database/Connectors/SQLiteConnector->connect()
#4 [internal function]: Illuminate/Database/Connectors/ConnectionFactory->{closure:Illuminate/Database/Connectors/ConnectionFactory::createPdoResolverWithoutHosts():259}()
#5 C:/Users/USER/Desktop/projet_tutore2/somagep/vendor/laravel/framework/src/Illuminate/Database/Connection.php(1297): call_user_func()
#6 C:/Users/USER/Desktop/projet_tutore2/somagep/vendor/laravel/framework/src/Illuminate/Database/Connection.php(622): Illuminate/Database/Connection->getPdo()
#7 C:/Users/USER/Desktop/projet_tutore2/somagep/vendor/laravel/framework/src/Illuminate/Database/Connection.php(846): Illuminate/Database/Connection->{closure:Illuminate/Database/Connection::affectingStatement():614}()
#8 C:/Users/USER/Desktop/projet_tutore2/somagep/vendor/laravel/framework/src/Illuminate/Database/Connection.php(813): Illuminate/Database/Connection->runQueryCallback()
#9 C:/Users/USER/Desktop/projet_tutore2/somagep/vendor/laravel/framework/src/Illuminate/Database/Connection.php(614): Illuminate/Database/Connection->run()
#10 C:/Users/USER/Desktop/projet_tutore2/somagep/vendor/laravel/framework/src/Illuminate/Database/Connection.php(578): Illuminate/Database/Connection->affectingStatement()
#11 C:/Users/USER/Desktop/projet_tutore2/somagep/vendor/laravel/framework/src/Illuminate/Database/Query/Builder.php(4520): Illuminate/Database/Connection->delete()
#12 C:/Users/USER/Desktop/projet_tutore2/somagep/vendor/laravel/framework/src/Illuminate/Cache/DatabaseStore.php(450): Illuminate/Database/Query/Builder->delete()
#13 C:/Users/USER/Desktop/projet_tutore2/somagep/vendor/laravel/framework/src/Illuminate/Cache/Repository.php(1071): Illuminate/Cache/DatabaseStore->flush()
#14 C:/Users/USER/Desktop/projet_tutore2/somagep/vendor/laravel/framework/src/Illuminate/Cache/Console/ClearCommand.php(80): Illuminate/Cache/Repository->__call()
#15 C:/Users/USER/Desktop/projet_tutore2/somagep/vendor/laravel/framework/src/Illuminate/Container/BoundMethod.php(36): Illuminate/Cache/Console/ClearCommand->handle()
#16 C:/Users/USER/Desktop/projet_tutore2/somagep/vendor/laravel/framework/src/Illuminate/Container/Util.php(43): Illuminate/Container/BoundMethod::{closure:Illuminate/Container/BoundMethod::call():35}()
#17 C:/Users/USER/Desktop/projet_tutore2/somagep/vendor/laravel/framework/src/Illuminate/Container/BoundMethod.php(96): Illuminate/Container/Util::unwrapIfClosure()
#18 C:/Users/USER/Desktop/projet_tutore2/somagep/vendor/laravel/framework/src/Illuminate/Container/BoundMethod.php(35): Illuminate/Container/BoundMethod::callBoundMethod()
#19 C:/Users/USER/Desktop/projet_tutore2/somagep/vendor/laravel/framework/src/Illuminate/Container/Container.php(799): Illuminate/Container/BoundMethod::call()
#20 C:/Users/USER/Desktop/projet_tutore2/somagep/vendor/laravel/framework/src/Illuminate/Console/Command.php(280): Illuminate/Container/Container->call()
#21 C:/Users/USER/Desktop/projet_tutore2/somagep/vendor/symfony/console/Command/Command.php(284): Illuminate/Console/Command->execute()
#22 C:/Users/USER/Desktop/projet_tutore2/somagep/vendor/laravel/framework/src/Illuminate/Console/Command.php(249): Symfony/Component/Console/Command/Command->run()
#23 C:/Users/USER/Desktop/projet_tutore2/somagep/vendor/symfony/console/Application.php(1144): Illuminate/Console/Command->run()
#24 C:/Users/USER/Desktop/projet_tutore2/somagep/vendor/symfony/console/Application.php(379): Symfony/Component/Console/Application->doRunCommand()
#25 C:/Users/USER/Desktop/projet_tutore2/somagep/vendor/symfony/console/Application.php(218): Symfony/Component/Console/Application->doRun()
#26 C:/Users/USER/Desktop/projet_tutore2/somagep/vendor/laravel/framework/src/Illuminate/Foundation/Console/Kernel.php(198): Symfony/Component/Console/Application->run()
#27 C:/Users/USER/Desktop/projet_tutore2/somagep/vendor/laravel/framework/src/Illuminate/Foundation/Application.php(1235): Illuminate/Foundation/Console/Kernel->handle()
#28 C:/Users/USER/Desktop/projet_tutore2/somagep/artisan(16): Illuminate/Foundation/Application->handleCommand()
#29 {main}
"} 
[2026-06-25 17:05:03] production.ERROR: could not find driver (Connection: sqlite, Database: C:\Users\USER\Desktop\projet_tutore2\somagep\database\database.sqlite, SQL: select exists (select 1 from "main".sqlite_master where name = 'migrations' and type = 'table') as "exists") {"exception":"[object] (Illuminate\\Database\\QueryException(code: 0): could not find driver (Connection: sqlite, Database: C:\\Users\\USER\\Desktop\\projet_tutore2\\somagep\\database\\database.sqlite, SQL: select exists (select 1 from \"main\".sqlite_master where name = 'migrations' and type = 'table') as \"exists\") at C:/Users/USER/Desktop/projet_tutore2/somagep/vendor/laravel/framework/src/Illuminate/Database/Connection.php:857)
[stacktrace]
#0 C:/Users/USER/Desktop/projet_tutore2/somagep/vendor/laravel/framework/src/Illuminate/Database/Connection.php(813): Illuminate/Database/Connection->runQueryCallback()
#1 C:/Users/USER/Desktop/projet_tutore2/somagep/vendor/laravel/framework/src/Illuminate/Database/Connection.php(426): Illuminate/Database/Connection->run()
#2 C:/Users/USER/Desktop/projet_tutore2/somagep/vendor/laravel/framework/src/Illuminate/Database/Connection.php(371): Illuminate/Database/Connection->select()
#3 C:/Users/USER/Desktop/projet_tutore2/somagep/vendor/laravel/framework/src/Illuminate/Database/Connection.php(388): Illuminate/Database/Connection->selectOne()
#4 C:/Users/USER/Desktop/projet_tutore2/somagep/vendor/laravel/framework/src/Illuminate/Database/Schema/Builder.php(176): Illuminate/Database/Connection->scalar()
#5 C:/Users/USER/Desktop/projet_tutore2/somagep/vendor/laravel/framework/src/Illuminate/Database/Migrations/DatabaseMigrationRepository.php(185): Illuminate/Database/Schema/Builder->hasTable()
#6 C:/Users/USER/Desktop/projet_tutore2/somagep/vendor/laravel/framework/src/Illuminate/Database/Migrations/Migrator.php(797): Illuminate/Database/Migrations/DatabaseMigrationRepository->repositoryExists()
#7 C:/Users/USER/Desktop/projet_tutore2/somagep/vendor/laravel/framework/src/Illuminate/Database/Console/Migrations/MigrateCommand.php(166): Illuminate/Database/Migrations/Migrator->repositoryExists()
#8 C:/Users/USER/Desktop/projet_tutore2/somagep/vendor/laravel/framework/src/Illuminate/Support/helpers.php(328): Illuminate/Database/Console/Migrations/MigrateCommand->{closure:Illuminate/Database/Console/Migrations/MigrateCommand::repositoryExists():166}()
#9 C:/Users/USER/Desktop/projet_tutore2/somagep/vendor/laravel/framework/src/Illuminate/Database/Console/Migrations/MigrateCommand.php(166): retry()
#10 C:/Users/USER/Desktop/projet_tutore2/somagep/vendor/laravel/framework/src/Illuminate/Database/Console/Migrations/MigrateCommand.php(142): Illuminate/Database/Console/Migrations/MigrateCommand->repositoryExists()
#11 C:/Users/USER/Desktop/projet_tutore2/somagep/vendor/laravel/framework/src/Illuminate/Database/Console/Migrations/MigrateCommand.php(112): Illuminate/Database/Console/Migrations/MigrateCommand->prepareDatabase()
#12 C:/Users/USER/Desktop/projet_tutore2/somagep/vendor/laravel/framework/src/Illuminate/Database/Migrations/Migrator.php(672): Illuminate/Database/Console/Migrations/MigrateCommand->{closure:Illuminate/Database/Console/Migrations/MigrateCommand::runMigrations():111}()
#13 C:/Users/USER/Desktop/projet_tutore2/somagep/vendor/laravel/framework/src/Illuminate/Database/Console/Migrations/MigrateCommand.php(111): Illuminate/Database/Migrations/Migrator->usingConnection()
#14 C:/Users/USER/Desktop/projet_tutore2/somagep/vendor/laravel/framework/src/Illuminate/Database/Console/Migrations/MigrateCommand.php(90): Illuminate/Database/Console/Migrations/MigrateCommand->runMigrations()
#15 C:/Users/USER/Desktop/projet_tutore2/somagep/vendor/laravel/framework/src/Illuminate/Container/BoundMethod.php(36): Illuminate/Database/Console/Migrations/MigrateCommand->handle()
#16 C:/Users/USER/Desktop/projet_tutore2/somagep/vendor/laravel/framework/src/Illuminate/Container/Util.php(43): Illuminate/Container/BoundMethod::{closure:Illuminate/Container/BoundMethod::call():35}()
#17 C:/Users/USER/Desktop/projet_tutore2/somagep/vendor/laravel/framework/src/Illuminate/Container/BoundMethod.php(96): Illuminate/Container/Util::unwrapIfClosure()
#18 C:/Users/USER/Desktop/projet_tutore2/somagep/vendor/laravel/framework/src/Illuminate/Container/BoundMethod.php(35): Illuminate/Container/BoundMethod::callBoundMethod()
#19 C:/Users/USER/Desktop/projet_tutore2/somagep/vendor/laravel/framework/src/Illuminate/Container/Container.php(799): Illuminate/Container/BoundMethod::call()
#20 C:/Users/USER/Desktop/projet_tutore2/somagep/vendor/laravel/framework/src/Illuminate/Console/Command.php(280): Illuminate/Container/Container->call()
#21 C:/Users/USER/Desktop/projet_tutore2/somagep/vendor/symfony/console/Command/Command.php(284): Illuminate/Console/Command->execute()
#22 C:/Users/USER/Desktop/projet_tutore2/somagep/vendor/laravel/framework/src/Illuminate/Console/Command.php(249): Symfony/Component/Console/Command/Command->run()
#23 C:/Users/USER/Desktop/projet_tutore2/somagep/vendor/symfony/console/Application.php(1144): Illuminate/Console/Command->run()
#24 C:/Users/USER/Desktop/projet_tutore2/somagep/vendor/symfony/console/Application.php(379): Symfony/Component/Console/Application->doRunCommand()
#25 C:/Users/USER/Desktop/projet_tutore2/somagep/vendor/symfony/console/Application.php(218): Symfony/Component/Console/Application->doRun()
#26 C:/Users/USER/Desktop/projet_tutore2/somagep/vendor/laravel/framework/src/Illuminate/Foundation/Console/Kernel.php(198): Symfony/Component/Console/Application->run()
#27 C:/Users/USER/Desktop/projet_tutore2/somagep/vendor/laravel/framework/src/Illuminate/Foundation/Application.php(1235): Illuminate/Foundation/Console/Kernel->handle()
#28 C:/Users/USER/Desktop/projet_tutore2/somagep/artisan(16): Illuminate/Foundation/Application->handleCommand()
#29 {main}

[previous exception] [object] (PDOException(code: 0): could not find driver at C:/Users/USER/Desktop/projet_tutore2/somagep/vendor/laravel/framework/src/Illuminate/Database/Connectors/Connector.php:67)
[stacktrace]
#0 C:/Users/USER/Desktop/projet_tutore2/somagep/vendor/laravel/framework/src/Illuminate/Database/Connectors/Connector.php(67): PDO::connect()
#1 C:/Users/USER/Desktop/projet_tutore2/somagep/vendor/laravel/framework/src/Illuminate/Database/Connectors/Connector.php(44): Illuminate/Database/Connectors/Connector->createPdoConnection()
#2 C:/Users/USER/Desktop/projet_tutore2/somagep/vendor/laravel/framework/src/Illuminate/Database/Connectors/SQLiteConnector.php(21): Illuminate/Database/Connectors/Connector->createConnection()
#3 C:/Users/USER/Desktop/projet_tutore2/somagep/vendor/laravel/framework/src/Illuminate/Database/Connectors/ConnectionFactory.php(259): Illuminate/Database/Connectors/SQLiteConnector->connect()
#4 [internal function]: Illuminate/Database/Connectors/ConnectionFactory->{closure:Illuminate/Database/Connectors/ConnectionFactory::createPdoResolverWithoutHosts():259}()
#5 C:/Users/USER/Desktop/projet_tutore2/somagep/vendor/laravel/framework/src/Illuminate/Database/Connection.php(1297): call_user_func()
#6 C:/Users/USER/Desktop/projet_tutore2/somagep/vendor/laravel/framework/src/Illuminate/Database/Connection.php(1335): Illuminate/Database/Connection->getPdo()
#7 C:/Users/USER/Desktop/projet_tutore2/somagep/vendor/laravel/framework/src/Illuminate/Database/Connection.php(542): Illuminate/Database/Connection->getReadPdo()
#8 C:/Users/USER/Desktop/projet_tutore2/somagep/vendor/laravel/framework/src/Illuminate/Database/Connection.php(435): Illuminate/Database/Connection->getPdoForSelect()
#9 C:/Users/USER/Desktop/projet_tutore2/somagep/vendor/laravel/framework/src/Illuminate/Database/Connection.php(846): Illuminate/Database/Connection->{closure:Illuminate/Database/Connection::select():426}()
#10 C:/Users/USER/Desktop/projet_tutore2/somagep/vendor/laravel/framework/src/Illuminate/Database/Connection.php(813): Illuminate/Database/Connection->runQueryCallback()
#11 C:/Users/USER/Desktop/projet_tutore2/somagep/vendor/laravel/framework/src/Illuminate/Database/Connection.php(426): Illuminate/Database/Connection->run()
#12 C:/Users/USER/Desktop/projet_tutore2/somagep/vendor/laravel/framework/src/Illuminate/Database/Connection.php(371): Illuminate/Database/Connection->select()
#13 C:/Users/USER/Desktop/projet_tutore2/somagep/vendor/laravel/framework/src/Illuminate/Database/Connection.php(388): Illuminate/Database/Connection->selectOne()
#14 C:/Users/USER/Desktop/projet_tutore2/somagep/vendor/laravel/framework/src/Illuminate/Database/Schema/Builder.php(176): Illuminate/Database/Connection->scalar()
#15 C:/Users/USER/Desktop/projet_tutore2/somagep/vendor/laravel/framework/src/Illuminate/Database/Migrations/DatabaseMigrationRepository.php(185): Illuminate/Database/Schema/Builder->hasTable()
#16 C:/Users/USER/Desktop/projet_tutore2/somagep/vendor/laravel/framework/src/Illuminate/Database/Migrations/Migrator.php(797): Illuminate/Database/Migrations/DatabaseMigrationRepository->repositoryExists()
#17 C:/Users/USER/Desktop/projet_tutore2/somagep/vendor/laravel/framework/src/Illuminate/Database/Console/Migrations/MigrateCommand.php(166): Illuminate/Database/Migrations/Migrator->repositoryExists()
#18 C:/Users/USER/Desktop/projet_tutore2/somagep/vendor/laravel/framework/src/Illuminate/Support/helpers.php(328): Illuminate/Database/Console/Migrations/MigrateCommand->{closure:Illuminate/Database/Console/Migrations/MigrateCommand::repositoryExists():166}()
#19 C:/Users/USER/Desktop/projet_tutore2/somagep/vendor/laravel/framework/src/Illuminate/Database/Console/Migrations/MigrateCommand.php(166): retry()
#20 C:/Users/USER/Desktop/projet_tutore2/somagep/vendor/laravel/framework/src/Illuminate/Database/Console/Migrations/MigrateCommand.php(142): Illuminate/Database/Console/Migrations/MigrateCommand->repositoryExists()
#21 C:/Users/USER/Desktop/projet_tutore2/somagep/vendor/laravel/framework/src/Illuminate/Database/Console/Migrations/MigrateCommand.php(112): Illuminate/Database/Console/Migrations/MigrateCommand->prepareDatabase()
#22 C:/Users/USER/Desktop/projet_tutore2/somagep/vendor/laravel/framework/src/Illuminate/Database/Migrations/Migrator.php(672): Illuminate/Database/Console/Migrations/MigrateCommand->{closure:Illuminate/Database/Console/Migrations/MigrateCommand::runMigrations():111}()
#23 C:/Users/USER/Desktop/projet_tutore2/somagep/vendor/laravel/framework/src/Illuminate/Database/Console/Migrations/MigrateCommand.php(111): Illuminate/Database/Migrations/Migrator->usingConnection()
#24 C:/Users/USER/Desktop/projet_tutore2/somagep/vendor/laravel/framework/src/Illuminate/Database/Console/Migrations/MigrateCommand.php(90): Illuminate/Database/Console/Migrations/MigrateCommand->runMigrations()
#25 C:/Users/USER/Desktop/projet_tutore2/somagep/vendor/laravel/framework/src/Illuminate/Container/BoundMethod.php(36): Illuminate/Database/Console/Migrations/MigrateCommand->handle()
#26 C:/Users/USER/Desktop/projet_tutore2/somagep/vendor/laravel/framework/src/Illuminate/Container/Util.php(43): Illuminate/Container/BoundMethod::{closure:Illuminate/Container/BoundMethod::call():35}()
#27 C:/Users/USER/Desktop/projet_tutore2/somagep/vendor/laravel/framework/src/Illuminate/Container/BoundMethod.php(96): Illuminate/Container/Util::unwrapIfClosure()
#28 C:/Users/USER/Desktop/projet_tutore2/somagep/vendor/laravel/framework/src/Illuminate/Container/BoundMethod.php(35): Illuminate/Container/BoundMethod::callBoundMethod()
#29 C:/Users/USER/Desktop/projet_tutore2/somagep/vendor/laravel/framework/src/Illuminate/Container/Container.php(799): Illuminate/Container/BoundMethod::call()
#30 C:/Users/USER/Desktop/projet_tutore2/somagep/vendor/laravel/framework/src/Illuminate/Console/Command.php(280): Illuminate/Container/Container->call()
#31 C:/Users/USER/Desktop/projet_tutore2/somagep/vendor/symfony/console/Command/Command.php(284): Illuminate/Console/Command->execute()
#32 C:/Users/USER/Desktop/projet_tutore2/somagep/vendor/laravel/framework/src/Illuminate/Console/Command.php(249): Symfony/Component/Console/Command/Command->run()
#33 C:/Users/USER/Desktop/projet_tutore2/somagep/vendor/symfony/console/Application.php(1144): Illuminate/Console/Command->run()
#34 C:/Users/USER/Desktop/projet_tutore2/somagep/vendor/symfony/console/Application.php(379): Symfony/Component/Console/Application->doRunCommand()
#35 C:/Users/USER/Desktop/projet_tutore2/somagep/vendor/symfony/console/Application.php(218): Symfony/Component/Console/Application->doRun()
#36 C:/Users/USER/Desktop/projet_tutore2/somagep/vendor/laravel/framework/src/Illuminate/Foundation/Console/Kernel.php(198): Symfony/Component/Console/Application->run()
#37 C:/Users/USER/Desktop/projet_tutore2/somagep/vendor/laravel/framework/src/Illuminate/Foundation/Application.php(1235): Illuminate/Foundation/Console/Kernel->handle()
#38 C:/Users/USER/Desktop/projet_tutore2/somagep/artisan(16): Illuminate/Foundation/Application->handleCommand()
#39 {main}
"} 
[2026-06-25 17:10:56] production.ERROR: No application encryption key has been specified. {"exception":"[object] (Illuminate\\Encryption\\MissingAppKeyException(code: 0): No application encryption key has been specified. at C:/Users/USER/Desktop/projet_tutore2/somagep/vendor/laravel/framework/src/Illuminate/Encryption/EncryptionServiceProvider.php:83)
[stacktrace]
#0 C:/Users/USER/Desktop/projet_tutore2/somagep/vendor/laravel/framework/src/Illuminate/Support/helpers.php(393): Illuminate/Encryption/EncryptionServiceProvider->{closure:Illuminate/Encryption/EncryptionServiceProvider::key():81}()
#1 C:/Users/USER/Desktop/projet_tutore2/somagep/vendor/laravel/framework/src/Illuminate/Encryption/EncryptionServiceProvider.php(81): tap()
#2 C:/Users/USER/Desktop/projet_tutore2/somagep/vendor/laravel/framework/src/Illuminate/Encryption/EncryptionServiceProvider.php(64): Illuminate/Encryption/EncryptionServiceProvider->key()
#3 C:/Users/USER/Desktop/projet_tutore2/somagep/vendor/laravel/framework/src/Illuminate/Encryption/EncryptionServiceProvider.php(32): Illuminate/Encryption/EncryptionServiceProvider->parseKey()
#4 C:/Users/USER/Desktop/projet_tutore2/somagep/vendor/laravel/framework/src/Illuminate/Container/Container.php(1118): Illuminate/Encryption/EncryptionServiceProvider->{closure:Illuminate/Encryption/EncryptionServiceProvider::registerEncrypter():29}()
#5 C:/Users/USER/Desktop/projet_tutore2/somagep/vendor/laravel/framework/src/Illuminate/Container/Container.php(936): Illuminate/Container/Container->build()
#6 C:/Users/USER/Desktop/projet_tutore2/somagep/vendor/laravel/framework/src/Illuminate/Foundation/Application.php(1078): Illuminate/Container/Container->resolve()
#7 C:/Users/USER/Desktop/projet_tutore2/somagep/vendor/laravel/framework/src/Illuminate/Container/Container.php(864): Illuminate/Foundation/Application->resolve()
#8 C:/Users/USER/Desktop/projet_tutore2/somagep/vendor/laravel/framework/src/Illuminate/Foundation/Application.php(1058): Illuminate/Container/Container->make()
#9 C:/Users/USER/Desktop/projet_tutore2/somagep/vendor/laravel/framework/src/Illuminate/Container/Container.php(1339): Illuminate/Foundation/Application->make()
#10 C:/Users/USER/Desktop/projet_tutore2/somagep/vendor/laravel/framework/src/Illuminate/Container/Container.php(1240): Illuminate/Container/Container->resolveClass()
#11 C:/Users/USER/Desktop/projet_tutore2/somagep/vendor/laravel/framework/src/Illuminate/Container/Container.php(1165): Illuminate/Container/Container->resolveDependencies()
#12 C:/Users/USER/Desktop/projet_tutore2/somagep/vendor/laravel/framework/src/Illuminate/Container/Container.php(936): Illuminate/Container/Container->build()
#13 C:/Users/USER/Desktop/projet_tutore2/somagep/vendor/laravel/framework/src/Illuminate/Foundation/Application.php(1078): Illuminate/Container/Container->resolve()
#14 C:/Users/USER/Desktop/projet_tutore2/somagep/vendor/laravel/framework/src/Illuminate/Container/Container.php(864): Illuminate/Foundation/Application->resolve()
#15 C:/Users/USER/Desktop/projet_tutore2/somagep/vendor/laravel/framework/src/Illuminate/Foundation/Application.php(1058): Illuminate/Container/Container->make()
#16 C:/Users/USER/Desktop/projet_tutore2/somagep/vendor/laravel/framework/src/Illuminate/Pipeline/Pipeline.php(208): Illuminate/Foundation/Application->make()
#17 C:/Users/USER/Desktop/projet_tutore2/somagep/vendor/laravel/framework/src/Illuminate/Pipeline/Pipeline.php(137): Illuminate/Pipeline/Pipeline->{closure:{closure:Illuminate/Pipeline/Pipeline::carry():194}:195}()
#18 C:/Users/USER/Desktop/projet_tutore2/somagep/vendor/laravel/framework/src/Illuminate/Routing/Router.php(821): Illuminate/Pipeline/Pipeline->then()
#19 C:/Users/USER/Desktop/projet_tutore2/somagep/vendor/laravel/framework/src/Illuminate/Routing/Router.php(800): Illuminate/Routing/Router->runRouteWithinStack()
#20 C:/Users/USER/Desktop/projet_tutore2/somagep/vendor/laravel/framework/src/Illuminate/Routing/Router.php(764): Illuminate/Routing/Router->runRoute()
#21 C:/Users/USER/Desktop/projet_tutore2/somagep/vendor/laravel/framework/src/Illuminate/Routing/Router.php(753): Illuminate/Routing/Router->dispatchToRoute()
#22 C:/Users/USER/Desktop/projet_tutore2/somagep/vendor/laravel/framework/src/Illuminate/Foundation/Http/Kernel.php(200): Illuminate/Routing/Router->dispatch()
#23 C:/Users/USER/Desktop/projet_tutore2/somagep/vendor/laravel/framework/src/Illuminate/Pipeline/Pipeline.php(180): Illuminate/Foundation/Http/Kernel->{closure:Illuminate/Foundation/Http/Kernel::dispatchToRouter():197}()
#24 C:/Users/USER/Desktop/projet_tutore2/somagep/vendor/laravel/framework/src/Illuminate/Foundation/Http/Middleware/TransformsRequest.php(21): Illuminate/Pipeline/Pipeline->{closure:Illuminate/Pipeline/Pipeline::prepareDestination():178}()
#25 C:/Users/USER/Desktop/projet_tutore2/somagep/vendor/laravel/framework/src/Illuminate/Foundation/Http/Middleware/ConvertEmptyStringsToNull.php(31): Illuminate/Foundation/Http/Middleware/TransformsRequest->handle()
#26 C:/Users/USER/Desktop/projet_tutore2/somagep/vendor/laravel/framework/src/Illuminate/Pipeline/Pipeline.php(219): Illuminate/Foundation/Http/Middleware/ConvertEmptyStringsToNull->handle()
#27 C:/Users/USER/Desktop/projet_tutore2/somagep/vendor/laravel/framework/src/Illuminate/Foundation/Http/Middleware/TransformsRequest.php(21): Illuminate/Pipeline/Pipeline->{closure:{closure:Illuminate/Pipeline/Pipeline::carry():194}:195}()
#28 C:/Users/USER/Desktop/projet_tutore2/somagep/vendor/laravel/framework/src/Illuminate/Foundation/Http/Middleware/TrimStrings.php(51): Illuminate/Foundation/Http/Middleware/TransformsRequest->handle()
#29 C:/Users/USER/Desktop/projet_tutore2/somagep/vendor/laravel/framework/src/Illuminate/Pipeline/Pipeline.php(219): Illuminate/Foundation/Http/Middleware/TrimStrings->handle()
#30 C:/Users/USER/Desktop/projet_tutore2/somagep/vendor/laravel/framework/src/Illuminate/Http/Middleware/ValidatePostSize.php(27): Illuminate/Pipeline/Pipeline->{closure:{closure:Illuminate/Pipeline/Pipeline::carry():194}:195}()
#31 C:/Users/USER/Desktop/projet_tutore2/somagep/vendor/laravel/framework/src/Illuminate/Pipeline/Pipeline.php(219): Illuminate/Http/Middleware/ValidatePostSize->handle()
#32 C:/Users/USER/Desktop/projet_tutore2/somagep/vendor/laravel/framework/src/Illuminate/Foundation/Http/Middleware/PreventRequestsDuringMaintenance.php(109): Illuminate/Pipeline/Pipeline->{closure:{closure:Illuminate/Pipeline/Pipeline::carry():194}:195}()
#33 C:/Users/USER/Desktop/projet_tutore2/somagep/vendor/laravel/framework/src/Illuminate/Pipeline/Pipeline.php(219): Illuminate/Foundation/Http/Middleware/PreventRequestsDuringMaintenance->handle()
#34 C:/Users/USER/Desktop/projet_tutore2/somagep/vendor/laravel/framework/src/Illuminate/Http/Middleware/HandleCors.php(61): Illuminate/Pipeline/Pipeline->{closure:{closure:Illuminate/Pipeline/Pipeline::carry():194}:195}()
#35 C:/Users/USER/Desktop/projet_tutore2/somagep/vendor/laravel/framework/src/Illuminate/Pipeline/Pipeline.php(219): Illuminate/Http/Middleware/HandleCors->handle()
#36 C:/Users/USER/Desktop/projet_tutore2/somagep/vendor/laravel/framework/src/Illuminate/Http/Middleware/TrustProxies.php(58): Illuminate/Pipeline/Pipeline->{closure:{closure:Illuminate/Pipeline/Pipeline::carry():194}:195}()
#37 C:/Users/USER/Desktop/projet_tutore2/somagep/vendor/laravel/framework/src/Illuminate/Pipeline/Pipeline.php(219): Illuminate/Http/Middleware/TrustProxies->handle()
#38 C:/Users/USER/Desktop/projet_tutore2/somagep/vendor/laravel/framework/src/Illuminate/Foundation/Http/Middleware/InvokeDeferredCallbacks.php(22): Illuminate/Pipeline/Pipeline->{closure:{closure:Illuminate/Pipeline/Pipeline::carry():194}:195}()
#39 C:/Users/USER/Desktop/projet_tutore2/somagep/vendor/laravel/framework/src/Illuminate/Pipeline/Pipeline.php(219): Illuminate/Foundation/Http/Middleware/InvokeDeferredCallbacks->handle()
#40 C:/Users/USER/Desktop/projet_tutore2/somagep/vendor/laravel/framework/src/Illuminate/Http/Middleware/ValidatePathEncoding.php(28): Illuminate/Pipeline/Pipeline->{closure:{closure:Illuminate/Pipeline/Pipeline::carry():194}:195}()
#41 C:/Users/USER/Desktop/projet_tutore2/somagep/vendor/laravel/framework/src/Illuminate/Pipeline/Pipeline.php(219): Illuminate/Http/Middleware/ValidatePathEncoding->handle()
#42 C:/Users/USER/Desktop/projet_tutore2/somagep/vendor/laravel/framework/src/Illuminate/Pipeline/Pipeline.php(137): Illuminate/Pipeline/Pipeline->{closure:{closure:Illuminate/Pipeline/Pipeline::carry():194}:195}()
#43 C:/Users/USER/Desktop/projet_tutore2/somagep/vendor/laravel/framework/src/Illuminate/Foundation/Http/Kernel.php(175): Illuminate/Pipeline/Pipeline->then()
#44 C:/Users/USER/Desktop/projet_tutore2/somagep/vendor/laravel/framework/src/Illuminate/Foundation/Http/Kernel.php(144): Illuminate/Foundation/Http/Kernel->sendRequestThroughRouter()
#45 C:/Users/USER/Desktop/projet_tutore2/somagep/vendor/laravel/framework/src/Illuminate/Foundation/Application.php(1220): Illuminate/Foundation/Http/Kernel->handle()
#46 C:/Users/USER/Desktop/projet_tutore2/somagep/public/index.php(20): Illuminate/Foundation/Application->handleRequest()
#47 C:/Users/USER/Desktop/projet_tutore2/somagep/vendor/laravel/framework/src/Illuminate/Foundation/resources/server.php(23): require_once('...')
#48 {main}
"} 
[2026-06-25 17:10:56] production.ERROR: No application encryption key has been specified. {"exception":"[object] (Illuminate\\Encryption\\MissingAppKeyException(code: 0): No application encryption key has been specified. at C:/Users/USER/Desktop/projet_tutore2/somagep/vendor/laravel/framework/src/Illuminate/Encryption/EncryptionServiceProvider.php:83)
[stacktrace]
#0 C:/Users/USER/Desktop/projet_tutore2/somagep/vendor/laravel/framework/src/Illuminate/Support/helpers.php(393): Illuminate/Encryption/EncryptionServiceProvider->{closure:Illuminate/Encryption/EncryptionServiceProvider::key():81}()
#1 C:/Users/USER/Desktop/projet_tutore2/somagep/vendor/laravel/framework/src/Illuminate/Encryption/EncryptionServiceProvider.php(81): tap()
#2 C:/Users/USER/Desktop/projet_tutore2/somagep/vendor/laravel/framework/src/Illuminate/Encryption/EncryptionServiceProvider.php(64): Illuminate/Encryption/EncryptionServiceProvider->key()
#3 C:/Users/USER/Desktop/projet_tutore2/somagep/vendor/laravel/framework/src/Illuminate/Encryption/EncryptionServiceProvider.php(32): Illuminate/Encryption/EncryptionServiceProvider->parseKey()
#4 C:/Users/USER/Desktop/projet_tutore2/somagep/vendor/laravel/framework/src/Illuminate/Container/Container.php(1118): Illuminate/Encryption/EncryptionServiceProvider->{closure:Illuminate/Encryption/EncryptionServiceProvider::registerEncrypter():29}()
#5 C:/Users/USER/Desktop/projet_tutore2/somagep/vendor/laravel/framework/src/Illuminate/Container/Container.php(936): Illuminate/Container/Container->build()
#6 C:/Users/USER/Desktop/projet_tutore2/somagep/vendor/laravel/framework/src/Illuminate/Foundation/Application.php(1078): Illuminate/Container/Container->resolve()
#7 C:/Users/USER/Desktop/projet_tutore2/somagep/vendor/laravel/framework/src/Illuminate/Container/Container.php(864): Illuminate/Foundation/Application->resolve()
#8 C:/Users/USER/Desktop/projet_tutore2/somagep/vendor/laravel/framework/src/Illuminate/Foundation/Application.php(1058): Illuminate/Container/Container->make()
#9 C:/Users/USER/Desktop/projet_tutore2/somagep/vendor/laravel/framework/src/Illuminate/Container/Container.php(1339): Illuminate/Foundation/Application->make()
#10 C:/Users/USER/Desktop/projet_tutore2/somagep/vendor/laravel/framework/src/Illuminate/Container/Container.php(1240): Illuminate/Container/Container->resolveClass()
#11 C:/Users/USER/Desktop/projet_tutore2/somagep/vendor/laravel/framework/src/Illuminate/Container/Container.php(1165): Illuminate/Container/Container->resolveDependencies()
#12 C:/Users/USER/Desktop/projet_tutore2/somagep/vendor/laravel/framework/src/Illuminate/Container/Container.php(936): Illuminate/Container/Container->build()
#13 C:/Users/USER/Desktop/projet_tutore2/somagep/vendor/laravel/framework/src/Illuminate/Foundation/Application.php(1078): Illuminate/Container/Container->resolve()
#14 C:/Users/USER/Desktop/projet_tutore2/somagep/vendor/laravel/framework/src/Illuminate/Container/Container.php(864): Illuminate/Foundation/Application->resolve()
#15 C:/Users/USER/Desktop/projet_tutore2/somagep/vendor/laravel/framework/src/Illuminate/Foundation/Application.php(1058): Illuminate/Container/Container->make()
#16 C:/Users/USER/Desktop/projet_tutore2/somagep/vendor/laravel/framework/src/Illuminate/Foundation/Http/Kernel.php(257): Illuminate/Foundation/Application->make()
#17 C:/Users/USER/Desktop/projet_tutore2/somagep/vendor/laravel/framework/src/Illuminate/Foundation/Http/Kernel.php(215): Illuminate/Foundation/Http/Kernel->terminateMiddleware()
#18 C:/Users/USER/Desktop/projet_tutore2/somagep/vendor/laravel/framework/src/Illuminate/Foundation/Application.php(1222): Illuminate/Foundation/Http/Kernel->terminate()
#19 C:/Users/USER/Desktop/projet_tutore2/somagep/public/index.php(20): Illuminate/Foundation/Application->handleRequest()
#20 C:/Users/USER/Desktop/projet_tutore2/somagep/vendor/laravel/framework/src/Illuminate/Foundation/resources/server.php(23): require_once('...')
#21 {main}
"} 
[2026-06-25 17:10:56] production.ERROR: Uncaught ErrorException: Cannot modify header information - headers already sent by (output started at C:\Users\USER\Desktop\projet_tutore2\somagep\vendor\symfony\http-foundation\Response.php:393) in C:\Users\USER\Desktop\projet_tutore2\somagep\vendor\symfony\http-foundation\Response.php:328
Stack trace:
#0 C:\Users\USER\Desktop\projet_tutore2\somagep\vendor\laravel\framework\src\Illuminate\Foundation\Bootstrap\HandleExceptions.php(263): Illuminate\Foundation\Bootstrap\HandleExceptions->handleError()
#1 [internal function]: Illuminate\Foundation\Bootstrap\HandleExceptions->{closure:Illuminate\Foundation\Bootstrap\HandleExceptions::forwardsTo():262}()
#2 C:\Users\USER\Desktop\projet_tutore2\somagep\vendor\symfony\http-foundation\Response.php(328): header()
#3 C:\Users\USER\Desktop\projet_tutore2\somagep\vendor\symfony\http-foundation\Response.php(407): Symfony\Component\HttpFoundation\Response->sendHeaders()
#4 C:\Users\USER\Desktop\projet_tutore2\somagep\vendor\laravel\framework\src\Illuminate\Foundation\Bootstrap\HandleExceptions.php(226): Symfony\Component\HttpFoundation\Response->send()
#5 C:\Users\USER\Desktop\projet_tutore2\somagep\vendor\laravel\framework\src\Illuminate\Foundation\Bootstrap\HandleExceptions.php(203): Illuminate\Foundation\Bootstrap\HandleExceptions->renderHttpResponse()
#6 C:\Users\USER\Desktop\projet_tutore2\somagep\vendor\laravel\framework\src\Illuminate\Foundation\Bootstrap\HandleExceptions.php(263): Illuminate\Foundation\Bootstrap\HandleExceptions->handleException()
#7 [internal function]: Illuminate\Foundation\Bootstrap\HandleExceptions->{closure:Illuminate\Foundation\Bootstrap\HandleExceptions::forwardsTo():262}()
#8 {main}
  thrown {"exception":"[object] (Symfony\\Component\\ErrorHandler\\Error\\FatalError(code: 0): Uncaught ErrorException: Cannot modify header information - headers already sent by (output started at C:\\Users\\USER\\Desktop\\projet_tutore2\\somagep\\vendor\\symfony\\http-foundation\\Response.php:393) in C:\\Users\\USER\\Desktop\\projet_tutore2\\somagep\\vendor\\symfony\\http-foundation\\Response.php:328
Stack trace:
#0 C:\\Users\\USER\\Desktop\\projet_tutore2\\somagep\\vendor\\laravel\\framework\\src\\Illuminate\\Foundation\\Bootstrap\\HandleExceptions.php(263): Illuminate\\Foundation\\Bootstrap\\HandleExceptions->handleError()
#1 [internal function]: Illuminate\\Foundation\\Bootstrap\\HandleExceptions->{closure:Illuminate\\Foundation\\Bootstrap\\HandleExceptions::forwardsTo():262}()
#2 C:\\Users\\USER\\Desktop\\projet_tutore2\\somagep\\vendor\\symfony\\http-foundation\\Response.php(328): header()
#3 C:\\Users\\USER\\Desktop\\projet_tutore2\\somagep\\vendor\\symfony\\http-foundation\\Response.php(407): Symfony\\Component\\HttpFoundation\\Response->sendHeaders()
#4 C:\\Users\\USER\\Desktop\\projet_tutore2\\somagep\\vendor\\laravel\\framework\\src\\Illuminate\\Foundation\\Bootstrap\\HandleExceptions.php(226): Symfony\\Component\\HttpFoundation\\Response->send()
#5 C:\\Users\\USER\\Desktop\\projet_tutore2\\somagep\\vendor\\laravel\\framework\\src\\Illuminate\\Foundation\\Bootstrap\\HandleExceptions.php(203): Illuminate\\Foundation\\Bootstrap\\HandleExceptions->renderHttpResponse()
#6 C:\\Users\\USER\\Desktop\\projet_tutore2\\somagep\\vendor\\laravel\\framework\\src\\Illuminate\\Foundation\\Bootstrap\\HandleExceptions.php(263): Illuminate\\Foundation\\Bootstrap\\HandleExceptions->handleException()
#7 [internal function]: Illuminate\\Foundation\\Bootstrap\\HandleExceptions->{closure:Illuminate\\Foundation\\Bootstrap\\HandleExceptions::forwardsTo():262}()
#8 {main}
  thrown at C:/Users/USER/Desktop/projet_tutore2/somagep/vendor/symfony/http-foundation/Response.php:328)
[stacktrace]
#0 {main}
"} 
[2026-06-25 17:11:01] production.ERROR: No application encryption key has been specified. {"exception":"[object] (Illuminate\\Encryption\\MissingAppKeyException(code: 0): No application encryption key has been specified. at C:/Users/USER/Desktop/projet_tutore2/somagep/vendor/laravel/framework/src/Illuminate/Encryption/EncryptionServiceProvider.php:83)
[stacktrace]
#0 C:/Users/USER/Desktop/projet_tutore2/somagep/vendor/laravel/framework/src/Illuminate/Support/helpers.php(393): Illuminate/Encryption/EncryptionServiceProvider->{closure:Illuminate/Encryption/EncryptionServiceProvider::key():81}()
#1 C:/Users/USER/Desktop/projet_tutore2/somagep/vendor/laravel/framework/src/Illuminate/Encryption/EncryptionServiceProvider.php(81): tap()
#2 C:/Users/USER/Desktop/projet_tutore2/somagep/vendor/laravel/framework/src/Illuminate/Encryption/EncryptionServiceProvider.php(64): Illuminate/Encryption/EncryptionServiceProvider->key()
#3 C:/Users/USER/Desktop/projet_tutore2/somagep/vendor/laravel/framework/src/Illuminate/Encryption/EncryptionServiceProvider.php(32): Illuminate/Encryption/EncryptionServiceProvider->parseKey()
#4 C:/Users/USER/Desktop/projet_tutore2/somagep/vendor/laravel/framework/src/Illuminate/Container/Container.php(1118): Illuminate/Encryption/EncryptionServiceProvider->{closure:Illuminate/Encryption/EncryptionServiceProvider::registerEncrypter():29}()
#5 C:/Users/USER/Desktop/projet_tutore2/somagep/vendor/laravel/framework/src/Illuminate/Container/Container.php(936): Illuminate/Container/Container->build()
#6 C:/Users/USER/Desktop/projet_tutore2/somagep/vendor/laravel/framework/src/Illuminate/Foundation/Application.php(1078): Illuminate/Container/Container->resolve()
#7 C:/Users/USER/Desktop/projet_tutore2/somagep/vendor/laravel/framework/src/Illuminate/Container/Container.php(864): Illuminate/Foundation/Application->resolve()
#8 C:/Users/USER/Desktop/projet_tutore2/somagep/vendor/laravel/framework/src/Illuminate/Foundation/Application.php(1058): Illuminate/Container/Container->make()
#9 C:/Users/USER/Desktop/projet_tutore2/somagep/vendor/laravel/framework/src/Illuminate/Container/Container.php(1339): Illuminate/Foundation/Application->make()
#10 C:/Users/USER/Desktop/projet_tutore2/somagep/vendor/laravel/framework/src/Illuminate/Container/Container.php(1240): Illuminate/Container/Container->resolveClass()
#11 C:/Users/USER/Desktop/projet_tutore2/somagep/vendor/laravel/framework/src/Illuminate/Container/Container.php(1165): Illuminate/Container/Container->resolveDependencies()
#12 C:/Users/USER/Desktop/projet_tutore2/somagep/vendor/laravel/framework/src/Illuminate/Container/Container.php(936): Illuminate/Container/Container->build()
#13 C:/Users/USER/Desktop/projet_tutore2/somagep/vendor/laravel/framework/src/Illuminate/Foundation/Application.php(1078): Illuminate/Container/Container->resolve()
#14 C:/Users/USER/Desktop/projet_tutore2/somagep/vendor/laravel/framework/src/Illuminate/Container/Container.php(864): Illuminate/Foundation/Application->resolve()
#15 C:/Users/USER/Desktop/projet_tutore2/somagep/vendor/laravel/framework/src/Illuminate/Foundation/Application.php(1058): Illuminate/Container/Container->make()
#16 C:/Users/USER/Desktop/projet_tutore2/somagep/vendor/laravel/framework/src/Illuminate/Pipeline/Pipeline.php(208): Illuminate/Foundation/Application->make()
#17 C:/Users/USER/Desktop/projet_tutore2/somagep/vendor/laravel/framework/src/Illuminate/Pipeline/Pipeline.php(137): Illuminate/Pipeline/Pipeline->{closure:{closure:Illuminate/Pipeline/Pipeline::carry():194}:195}()
#18 C:/Users/USER/Desktop/projet_tutore2/somagep/vendor/laravel/framework/src/Illuminate/Routing/Router.php(821): Illuminate/Pipeline/Pipeline->then()
#19 C:/Users/USER/Desktop/projet_tutore2/somagep/vendor/laravel/framework/src/Illuminate/Routing/Router.php(800): Illuminate/Routing/Router->runRouteWithinStack()
#20 C:/Users/USER/Desktop/projet_tutore2/somagep/vendor/laravel/framework/src/Illuminate/Routing/Router.php(764): Illuminate/Routing/Router->runRoute()
#21 C:/Users/USER/Desktop/projet_tutore2/somagep/vendor/laravel/framework/src/Illuminate/Routing/Router.php(753): Illuminate/Routing/Router->dispatchToRoute()
#22 C:/Users/USER/Desktop/projet_tutore2/somagep/vendor/laravel/framework/src/Illuminate/Foundation/Http/Kernel.php(200): Illuminate/Routing/Router->dispatch()
#23 C:/Users/USER/Desktop/projet_tutore2/somagep/vendor/laravel/framework/src/Illuminate/Pipeline/Pipeline.php(180): Illuminate/Foundation/Http/Kernel->{closure:Illuminate/Foundation/Http/Kernel::dispatchToRouter():197}()
#24 C:/Users/USER/Desktop/projet_tutore2/somagep/vendor/laravel/framework/src/Illuminate/Foundation/Http/Middleware/TransformsRequest.php(21): Illuminate/Pipeline/Pipeline->{closure:Illuminate/Pipeline/Pipeline::prepareDestination():178}()
#25 C:/Users/USER/Desktop/projet_tutore2/somagep/vendor/laravel/framework/src/Illuminate/Foundation/Http/Middleware/ConvertEmptyStringsToNull.php(31): Illuminate/Foundation/Http/Middleware/TransformsRequest->handle()
#26 C:/Users/USER/Desktop/projet_tutore2/somagep/vendor/laravel/framework/src/Illuminate/Pipeline/Pipeline.php(219): Illuminate/Foundation/Http/Middleware/ConvertEmptyStringsToNull->handle()
#27 C:/Users/USER/Desktop/projet_tutore2/somagep/vendor/laravel/framework/src/Illuminate/Foundation/Http/Middleware/TransformsRequest.php(21): Illuminate/Pipeline/Pipeline->{closure:{closure:Illuminate/Pipeline/Pipeline::carry():194}:195}()
#28 C:/Users/USER/Desktop/projet_tutore2/somagep/vendor/laravel/framework/src/Illuminate/Foundation/Http/Middleware/TrimStrings.php(51): Illuminate/Foundation/Http/Middleware/TransformsRequest->handle()
#29 C:/Users/USER/Desktop/projet_tutore2/somagep/vendor/laravel/framework/src/Illuminate/Pipeline/Pipeline.php(219): Illuminate/Foundation/Http/Middleware/TrimStrings->handle()
#30 C:/Users/USER/Desktop/projet_tutore2/somagep/vendor/laravel/framework/src/Illuminate/Http/Middleware/ValidatePostSize.php(27): Illuminate/Pipeline/Pipeline->{closure:{closure:Illuminate/Pipeline/Pipeline::carry():194}:195}()
#31 C:/Users/USER/Desktop/projet_tutore2/somagep/vendor/laravel/framework/src/Illuminate/Pipeline/Pipeline.php(219): Illuminate/Http/Middleware/ValidatePostSize->handle()
#32 C:/Users/USER/Desktop/projet_tutore2/somagep/vendor/laravel/framework/src/Illuminate/Foundation/Http/Middleware/PreventRequestsDuringMaintenance.php(109): Illuminate/Pipeline/Pipeline->{closure:{closure:Illuminate/Pipeline/Pipeline::carry():194}:195}()
#33 C:/Users/USER/Desktop/projet_tutore2/somagep/vendor/laravel/framework/src/Illuminate/Pipeline/Pipeline.php(219): Illuminate/Foundation/Http/Middleware/PreventRequestsDuringMaintenance->handle()
#34 C:/Users/USER/Desktop/projet_tutore2/somagep/vendor/laravel/framework/src/Illuminate/Http/Middleware/HandleCors.php(61): Illuminate/Pipeline/Pipeline->{closure:{closure:Illuminate/Pipeline/Pipeline::carry():194}:195}()
#35 C:/Users/USER/Desktop/projet_tutore2/somagep/vendor/laravel/framework/src/Illuminate/Pipeline/Pipeline.php(219): Illuminate/Http/Middleware/HandleCors->handle()
#36 C:/Users/USER/Desktop/projet_tutore2/somagep/vendor/laravel/framework/src/Illuminate/Http/Middleware/TrustProxies.php(58): Illuminate/Pipeline/Pipeline->{closure:{closure:Illuminate/Pipeline/Pipeline::carry():194}:195}()
#37 C:/Users/USER/Desktop/projet_tutore2/somagep/vendor/laravel/framework/src/Illuminate/Pipeline/Pipeline.php(219): Illuminate/Http/Middleware/TrustProxies->handle()
#38 C:/Users/USER/Desktop/projet_tutore2/somagep/vendor/laravel/framework/src/Illuminate/Foundation/Http/Middleware/InvokeDeferredCallbacks.php(22): Illuminate/Pipeline/Pipeline->{closure:{closure:Illuminate/Pipeline/Pipeline::carry():194}:195}()
#39 C:/Users/USER/Desktop/projet_tutore2/somagep/vendor/laravel/framework/src/Illuminate/Pipeline/Pipeline.php(219): Illuminate/Foundation/Http/Middleware/InvokeDeferredCallbacks->handle()
#40 C:/Users/USER/Desktop/projet_tutore2/somagep/vendor/laravel/framework/src/Illuminate/Http/Middleware/ValidatePathEncoding.php(28): Illuminate/Pipeline/Pipeline->{closure:{closure:Illuminate/Pipeline/Pipeline::carry():194}:195}()
#41 C:/Users/USER/Desktop/projet_tutore2/somagep/vendor/laravel/framework/src/Illuminate/Pipeline/Pipeline.php(219): Illuminate/Http/Middleware/ValidatePathEncoding->handle()
#42 C:/Users/USER/Desktop/projet_tutore2/somagep/vendor/laravel/framework/src/Illuminate/Pipeline/Pipeline.php(137): Illuminate/Pipeline/Pipeline->{closure:{closure:Illuminate/Pipeline/Pipeline::carry():194}:195}()
#43 C:/Users/USER/Desktop/projet_tutore2/somagep/vendor/laravel/framework/src/Illuminate/Foundation/Http/Kernel.php(175): Illuminate/Pipeline/Pipeline->then()
#44 C:/Users/USER/Desktop/projet_tutore2/somagep/vendor/laravel/framework/src/Illuminate/Foundation/Http/Kernel.php(144): Illuminate/Foundation/Http/Kernel->sendRequestThroughRouter()
#45 C:/Users/USER/Desktop/projet_tutore2/somagep/vendor/laravel/framework/src/Illuminate/Foundation/Application.php(1220): Illuminate/Foundation/Http/Kernel->handle()
#46 C:/Users/USER/Desktop/projet_tutore2/somagep/public/index.php(20): Illuminate/Foundation/Application->handleRequest()
#47 C:/Users/USER/Desktop/projet_tutore2/somagep/vendor/laravel/framework/src/Illuminate/Foundation/resources/server.php(23): require_once('...')
#48 {main}
"} 
[2026-06-25 17:11:01] production.ERROR: No application encryption key has been specified. {"exception":"[object] (Illuminate\\Encryption\\MissingAppKeyException(code: 0): No application encryption key has been specified. at C:/Users/USER/Desktop/projet_tutore2/somagep/vendor/laravel/framework/src/Illuminate/Encryption/EncryptionServiceProvider.php:83)
[stacktrace]
#0 C:/Users/USER/Desktop/projet_tutore2/somagep/vendor/laravel/framework/src/Illuminate/Support/helpers.php(393): Illuminate/Encryption/EncryptionServiceProvider->{closure:Illuminate/Encryption/EncryptionServiceProvider::key():81}()
#1 C:/Users/USER/Desktop/projet_tutore2/somagep/vendor/laravel/framework/src/Illuminate/Encryption/EncryptionServiceProvider.php(81): tap()
#2 C:/Users/USER/Desktop/projet_tutore2/somagep/vendor/laravel/framework/src/Illuminate/Encryption/EncryptionServiceProvider.php(64): Illuminate/Encryption/EncryptionServiceProvider->key()
#3 C:/Users/USER/Desktop/projet_tutore2/somagep/vendor/laravel/framework/src/Illuminate/Encryption/EncryptionServiceProvider.php(32): Illuminate/Encryption/EncryptionServiceProvider->parseKey()
#4 C:/Users/USER/Desktop/projet_tutore2/somagep/vendor/laravel/framework/src/Illuminate/Container/Container.php(1118): Illuminate/Encryption/EncryptionServiceProvider->{closure:Illuminate/Encryption/EncryptionServiceProvider::registerEncrypter():29}()
#5 C:/Users/USER/Desktop/projet_tutore2/somagep/vendor/laravel/framework/src/Illuminate/Container/Container.php(936): Illuminate/Container/Container->build()
#6 C:/Users/USER/Desktop/projet_tutore2/somagep/vendor/laravel/framework/src/Illuminate/Foundation/Application.php(1078): Illuminate/Container/Container->resolve()
#7 C:/Users/USER/Desktop/projet_tutore2/somagep/vendor/laravel/framework/src/Illuminate/Container/Container.php(864): Illuminate/Foundation/Application->resolve()
#8 C:/Users/USER/Desktop/projet_tutore2/somagep/vendor/laravel/framework/src/Illuminate/Foundation/Application.php(1058): Illuminate/Container/Container->make()
#9 C:/Users/USER/Desktop/projet_tutore2/somagep/vendor/laravel/framework/src/Illuminate/Container/Container.php(1339): Illuminate/Foundation/Application->make()
#10 C:/Users/USER/Desktop/projet_tutore2/somagep/vendor/laravel/framework/src/Illuminate/Container/Container.php(1240): Illuminate/Container/Container->resolveClass()
#11 C:/Users/USER/Desktop/projet_tutore2/somagep/vendor/laravel/framework/src/Illuminate/Container/Container.php(1165): Illuminate/Container/Container->resolveDependencies()
#12 C:/Users/USER/Desktop/projet_tutore2/somagep/vendor/laravel/framework/src/Illuminate/Container/Container.php(936): Illuminate/Container/Container->build()
#13 C:/Users/USER/Desktop/projet_tutore2/somagep/vendor/laravel/framework/src/Illuminate/Foundation/Application.php(1078): Illuminate/Container/Container->resolve()
#14 C:/Users/USER/Desktop/projet_tutore2/somagep/vendor/laravel/framework/src/Illuminate/Container/Container.php(864): Illuminate/Foundation/Application->resolve()
#15 C:/Users/USER/Desktop/projet_tutore2/somagep/vendor/laravel/framework/src/Illuminate/Foundation/Application.php(1058): Illuminate/Container/Container->make()
#16 C:/Users/USER/Desktop/projet_tutore2/somagep/vendor/laravel/framework/src/Illuminate/Foundation/Http/Kernel.php(257): Illuminate/Foundation/Application->make()
#17 C:/Users/USER/Desktop/projet_tutore2/somagep/vendor/laravel/framework/src/Illuminate/Foundation/Http/Kernel.php(215): Illuminate/Foundation/Http/Kernel->terminateMiddleware()
#18 C:/Users/USER/Desktop/projet_tutore2/somagep/vendor/laravel/framework/src/Illuminate/Foundation/Application.php(1222): Illuminate/Foundation/Http/Kernel->terminate()
#19 C:/Users/USER/Desktop/projet_tutore2/somagep/public/index.php(20): Illuminate/Foundation/Application->handleRequest()
#20 C:/Users/USER/Desktop/projet_tutore2/somagep/vendor/laravel/framework/src/Illuminate/Foundation/resources/server.php(23): require_once('...')
#21 {main}
"} 
[2026-06-25 17:11:01] production.ERROR: Uncaught ErrorException: Cannot modify header information - headers already sent by (output started at C:\Users\USER\Desktop\projet_tutore2\somagep\vendor\symfony\http-foundation\Response.php:393) in C:\Users\USER\Desktop\projet_tutore2\somagep\vendor\symfony\http-foundation\Response.php:328
Stack trace:
#0 C:\Users\USER\Desktop\projet_tutore2\somagep\vendor\laravel\framework\src\Illuminate\Foundation\Bootstrap\HandleExceptions.php(263): Illuminate\Foundation\Bootstrap\HandleExceptions->handleError()
#1 [internal function]: Illuminate\Foundation\Bootstrap\HandleExceptions->{closure:Illuminate\Foundation\Bootstrap\HandleExceptions::forwardsTo():262}()
#2 C:\Users\USER\Desktop\projet_tutore2\somagep\vendor\symfony\http-foundation\Response.php(328): header()
#3 C:\Users\USER\Desktop\projet_tutore2\somagep\vendor\symfony\http-foundation\Response.php(407): Symfony\Component\HttpFoundation\Response->sendHeaders()
#4 C:\Users\USER\Desktop\projet_tutore2\somagep\vendor\laravel\framework\src\Illuminate\Foundation\Bootstrap\HandleExceptions.php(226): Symfony\Component\HttpFoundation\Response->send()
#5 C:\Users\USER\Desktop\projet_tutore2\somagep\vendor\laravel\framework\src\Illuminate\Foundation\Bootstrap\HandleExceptions.php(203): Illuminate\Foundation\Bootstrap\HandleExceptions->renderHttpResponse()
#6 C:\Users\USER\Desktop\projet_tutore2\somagep\vendor\laravel\framework\src\Illuminate\Foundation\Bootstrap\HandleExceptions.php(263): Illuminate\Foundation\Bootstrap\HandleExceptions->handleException()
#7 [internal function]: Illuminate\Foundation\Bootstrap\HandleExceptions->{closure:Illuminate\Foundation\Bootstrap\HandleExceptions::forwardsTo():262}()
#8 {main}
  thrown {"exception":"[object] (Symfony\\Component\\ErrorHandler\\Error\\FatalError(code: 0): Uncaught ErrorException: Cannot modify header information - headers already sent by (output started at C:\\Users\\USER\\Desktop\\projet_tutore2\\somagep\\vendor\\symfony\\http-foundation\\Response.php:393) in C:\\Users\\USER\\Desktop\\projet_tutore2\\somagep\\vendor\\symfony\\http-foundation\\Response.php:328
Stack trace:
#0 C:\\Users\\USER\\Desktop\\projet_tutore2\\somagep\\vendor\\laravel\\framework\\src\\Illuminate\\Foundation\\Bootstrap\\HandleExceptions.php(263): Illuminate\\Foundation\\Bootstrap\\HandleExceptions->handleError()
#1 [internal function]: Illuminate\\Foundation\\Bootstrap\\HandleExceptions->{closure:Illuminate\\Foundation\\Bootstrap\\HandleExceptions::forwardsTo():262}()
#2 C:\\Users\\USER\\Desktop\\projet_tutore2\\somagep\\vendor\\symfony\\http-foundation\\Response.php(328): header()
#3 C:\\Users\\USER\\Desktop\\projet_tutore2\\somagep\\vendor\\symfony\\http-foundation\\Response.php(407): Symfony\\Component\\HttpFoundation\\Response->sendHeaders()
#4 C:\\Users\\USER\\Desktop\\projet_tutore2\\somagep\\vendor\\laravel\\framework\\src\\Illuminate\\Foundation\\Bootstrap\\HandleExceptions.php(226): Symfony\\Component\\HttpFoundation\\Response->send()
#5 C:\\Users\\USER\\Desktop\\projet_tutore2\\somagep\\vendor\\laravel\\framework\\src\\Illuminate\\Foundation\\Bootstrap\\HandleExceptions.php(203): Illuminate\\Foundation\\Bootstrap\\HandleExceptions->renderHttpResponse()
#6 C:\\Users\\USER\\Desktop\\projet_tutore2\\somagep\\vendor\\laravel\\framework\\src\\Illuminate\\Foundation\\Bootstrap\\HandleExceptions.php(263): Illuminate\\Foundation\\Bootstrap\\HandleExceptions->handleException()
#7 [internal function]: Illuminate\\Foundation\\Bootstrap\\HandleExceptions->{closure:Illuminate\\Foundation\\Bootstrap\\HandleExceptions::forwardsTo():262}()
#8 {main}
  thrown at C:/Users/USER/Desktop/projet_tutore2/somagep/vendor/symfony/http-foundation/Response.php:328)
[stacktrace]
#0 {main}
"} 
[2026-06-25 17:11:39] production.ERROR: No application encryption key has been specified. {"exception":"[object] (Illuminate\\Encryption\\MissingAppKeyException(code: 0): No application encryption key has been specified. at C:/Users/USER/Desktop/projet_tutore2/somagep/vendor/laravel/framework/src/Illuminate/Encryption/EncryptionServiceProvider.php:83)
[stacktrace]
#0 C:/Users/USER/Desktop/projet_tutore2/somagep/vendor/laravel/framework/src/Illuminate/Support/helpers.php(393): Illuminate/Encryption/EncryptionServiceProvider->{closure:Illuminate/Encryption/EncryptionServiceProvider::key():81}()
#1 C:/Users/USER/Desktop/projet_tutore2/somagep/vendor/laravel/framework/src/Illuminate/Encryption/EncryptionServiceProvider.php(81): tap()
#2 C:/Users/USER/Desktop/projet_tutore2/somagep/vendor/laravel/framework/src/Illuminate/Encryption/EncryptionServiceProvider.php(64): Illuminate/Encryption/EncryptionServiceProvider->key()
#3 C:/Users/USER/Desktop/projet_tutore2/somagep/vendor/laravel/framework/src/Illuminate/Encryption/EncryptionServiceProvider.php(32): Illuminate/Encryption/EncryptionServiceProvider->parseKey()
#4 C:/Users/USER/Desktop/projet_tutore2/somagep/vendor/laravel/framework/src/Illuminate/Container/Container.php(1118): Illuminate/Encryption/EncryptionServiceProvider->{closure:Illuminate/Encryption/EncryptionServiceProvider::registerEncrypter():29}()
#5 C:/Users/USER/Desktop/projet_tutore2/somagep/vendor/laravel/framework/src/Illuminate/Container/Container.php(936): Illuminate/Container/Container->build()
#6 C:/Users/USER/Desktop/projet_tutore2/somagep/vendor/laravel/framework/src/Illuminate/Foundation/Application.php(1078): Illuminate/Container/Container->resolve()
#7 C:/Users/USER/Desktop/projet_tutore2/somagep/vendor/laravel/framework/src/Illuminate/Container/Container.php(864): Illuminate/Foundation/Application->resolve()
#8 C:/Users/USER/Desktop/projet_tutore2/somagep/vendor/laravel/framework/src/Illuminate/Foundation/Application.php(1058): Illuminate/Container/Container->make()
#9 C:/Users/USER/Desktop/projet_tutore2/somagep/vendor/laravel/framework/src/Illuminate/Container/Container.php(1339): Illuminate/Foundation/Application->make()
#10 C:/Users/USER/Desktop/projet_tutore2/somagep/vendor/laravel/framework/src/Illuminate/Container/Container.php(1240): Illuminate/Container/Container->resolveClass()
#11 C:/Users/USER/Desktop/projet_tutore2/somagep/vendor/laravel/framework/src/Illuminate/Container/Container.php(1165): Illuminate/Container/Container->resolveDependencies()
#12 C:/Users/USER/Desktop/projet_tutore2/somagep/vendor/laravel/framework/src/Illuminate/Container/Container.php(936): Illuminate/Container/Container->build()
#13 C:/Users/USER/Desktop/projet_tutore2/somagep/vendor/laravel/framework/src/Illuminate/Foundation/Application.php(1078): Illuminate/Container/Container->resolve()
#14 C:/Users/USER/Desktop/projet_tutore2/somagep/vendor/laravel/framework/src/Illuminate/Container/Container.php(864): Illuminate/Foundation/Application->resolve()
#15 C:/Users/USER/Desktop/projet_tutore2/somagep/vendor/laravel/framework/src/Illuminate/Foundation/Application.php(1058): Illuminate/Container/Container->make()
#16 C:/Users/USER/Desktop/projet_tutore2/somagep/vendor/laravel/framework/src/Illuminate/Pipeline/Pipeline.php(208): Illuminate/Foundation/Application->make()
#17 C:/Users/USER/Desktop/projet_tutore2/somagep/vendor/laravel/framework/src/Illuminate/Pipeline/Pipeline.php(137): Illuminate/Pipeline/Pipeline->{closure:{closure:Illuminate/Pipeline/Pipeline::carry():194}:195}()
#18 C:/Users/USER/Desktop/projet_tutore2/somagep/vendor/laravel/framework/src/Illuminate/Routing/Router.php(821): Illuminate/Pipeline/Pipeline->then()
#19 C:/Users/USER/Desktop/projet_tutore2/somagep/vendor/laravel/framework/src/Illuminate/Routing/Router.php(800): Illuminate/Routing/Router->runRouteWithinStack()
#20 C:/Users/USER/Desktop/projet_tutore2/somagep/vendor/laravel/framework/src/Illuminate/Routing/Router.php(764): Illuminate/Routing/Router->runRoute()
#21 C:/Users/USER/Desktop/projet_tutore2/somagep/vendor/laravel/framework/src/Illuminate/Routing/Router.php(753): Illuminate/Routing/Router->dispatchToRoute()
#22 C:/Users/USER/Desktop/projet_tutore2/somagep/vendor/laravel/framework/src/Illuminate/Foundation/Http/Kernel.php(200): Illuminate/Routing/Router->dispatch()
#23 C:/Users/USER/Desktop/projet_tutore2/somagep/vendor/laravel/framework/src/Illuminate/Pipeline/Pipeline.php(180): Illuminate/Foundation/Http/Kernel->{closure:Illuminate/Foundation/Http/Kernel::dispatchToRouter():197}()
#24 C:/Users/USER/Desktop/projet_tutore2/somagep/vendor/laravel/framework/src/Illuminate/Foundation/Http/Middleware/TransformsRequest.php(21): Illuminate/Pipeline/Pipeline->{closure:Illuminate/Pipeline/Pipeline::prepareDestination():178}()
#25 C:/Users/USER/Desktop/projet_tutore2/somagep/vendor/laravel/framework/src/Illuminate/Foundation/Http/Middleware/ConvertEmptyStringsToNull.php(31): Illuminate/Foundation/Http/Middleware/TransformsRequest->handle()
#26 C:/Users/USER/Desktop/projet_tutore2/somagep/vendor/laravel/framework/src/Illuminate/Pipeline/Pipeline.php(219): Illuminate/Foundation/Http/Middleware/ConvertEmptyStringsToNull->handle()
#27 C:/Users/USER/Desktop/projet_tutore2/somagep/vendor/laravel/framework/src/Illuminate/Foundation/Http/Middleware/TransformsRequest.php(21): Illuminate/Pipeline/Pipeline->{closure:{closure:Illuminate/Pipeline/Pipeline::carry():194}:195}()
#28 C:/Users/USER/Desktop/projet_tutore2/somagep/vendor/laravel/framework/src/Illuminate/Foundation/Http/Middleware/TrimStrings.php(51): Illuminate/Foundation/Http/Middleware/TransformsRequest->handle()
#29 C:/Users/USER/Desktop/projet_tutore2/somagep/vendor/laravel/framework/src/Illuminate/Pipeline/Pipeline.php(219): Illuminate/Foundation/Http/Middleware/TrimStrings->handle()
#30 C:/Users/USER/Desktop/projet_tutore2/somagep/vendor/laravel/framework/src/Illuminate/Http/Middleware/ValidatePostSize.php(27): Illuminate/Pipeline/Pipeline->{closure:{closure:Illuminate/Pipeline/Pipeline::carry():194}:195}()
#31 C:/Users/USER/Desktop/projet_tutore2/somagep/vendor/laravel/framework/src/Illuminate/Pipeline/Pipeline.php(219): Illuminate/Http/Middleware/ValidatePostSize->handle()
#32 C:/Users/USER/Desktop/projet_tutore2/somagep/vendor/laravel/framework/src/Illuminate/Foundation/Http/Middleware/PreventRequestsDuringMaintenance.php(109): Illuminate/Pipeline/Pipeline->{closure:{closure:Illuminate/Pipeline/Pipeline::carry():194}:195}()
#33 C:/Users/USER/Desktop/projet_tutore2/somagep/vendor/laravel/framework/src/Illuminate/Pipeline/Pipeline.php(219): Illuminate/Foundation/Http/Middleware/PreventRequestsDuringMaintenance->handle()
#34 C:/Users/USER/Desktop/projet_tutore2/somagep/vendor/laravel/framework/src/Illuminate/Http/Middleware/HandleCors.php(61): Illuminate/Pipeline/Pipeline->{closure:{closure:Illuminate/Pipeline/Pipeline::carry():194}:195}()
#35 C:/Users/USER/Desktop/projet_tutore2/somagep/vendor/laravel/framework/src/Illuminate/Pipeline/Pipeline.php(219): Illuminate/Http/Middleware/HandleCors->handle()
#36 C:/Users/USER/Desktop/projet_tutore2/somagep/vendor/laravel/framework/src/Illuminate/Http/Middleware/TrustProxies.php(58): Illuminate/Pipeline/Pipeline->{closure:{closure:Illuminate/Pipeline/Pipeline::carry():194}:195}()
#37 C:/Users/USER/Desktop/projet_tutore2/somagep/vendor/laravel/framework/src/Illuminate/Pipeline/Pipeline.php(219): Illuminate/Http/Middleware/TrustProxies->handle()
#38 C:/Users/USER/Desktop/projet_tutore2/somagep/vendor/laravel/framework/src/Illuminate/Foundation/Http/Middleware/InvokeDeferredCallbacks.php(22): Illuminate/Pipeline/Pipeline->{closure:{closure:Illuminate/Pipeline/Pipeline::carry():194}:195}()
#39 C:/Users/USER/Desktop/projet_tutore2/somagep/vendor/laravel/framework/src/Illuminate/Pipeline/Pipeline.php(219): Illuminate/Foundation/Http/Middleware/InvokeDeferredCallbacks->handle()
#40 C:/Users/USER/Desktop/projet_tutore2/somagep/vendor/laravel/framework/src/Illuminate/Http/Middleware/ValidatePathEncoding.php(28): Illuminate/Pipeline/Pipeline->{closure:{closure:Illuminate/Pipeline/Pipeline::carry():194}:195}()
#41 C:/Users/USER/Desktop/projet_tutore2/somagep/vendor/laravel/framework/src/Illuminate/Pipeline/Pipeline.php(219): Illuminate/Http/Middleware/ValidatePathEncoding->handle()
#42 C:/Users/USER/Desktop/projet_tutore2/somagep/vendor/laravel/framework/src/Illuminate/Pipeline/Pipeline.php(137): Illuminate/Pipeline/Pipeline->{closure:{closure:Illuminate/Pipeline/Pipeline::carry():194}:195}()
#43 C:/Users/USER/Desktop/projet_tutore2/somagep/vendor/laravel/framework/src/Illuminate/Foundation/Http/Kernel.php(175): Illuminate/Pipeline/Pipeline->then()
#44 C:/Users/USER/Desktop/projet_tutore2/somagep/vendor/laravel/framework/src/Illuminate/Foundation/Http/Kernel.php(144): Illuminate/Foundation/Http/Kernel->sendRequestThroughRouter()
#45 C:/Users/USER/Desktop/projet_tutore2/somagep/vendor/laravel/framework/src/Illuminate/Foundation/Application.php(1220): Illuminate/Foundation/Http/Kernel->handle()
#46 C:/Users/USER/Desktop/projet_tutore2/somagep/public/index.php(20): Illuminate/Foundation/Application->handleRequest()
#47 C:/Users/USER/Desktop/projet_tutore2/somagep/vendor/laravel/framework/src/Illuminate/Foundation/resources/server.php(23): require_once('...')
#48 {main}
"} 
[2026-06-25 17:11:39] production.ERROR: No application encryption key has been specified. {"exception":"[object] (Illuminate\\Encryption\\MissingAppKeyException(code: 0): No application encryption key has been specified. at C:/Users/USER/Desktop/projet_tutore2/somagep/vendor/laravel/framework/src/Illuminate/Encryption/EncryptionServiceProvider.php:83)
[stacktrace]
#0 C:/Users/USER/Desktop/projet_tutore2/somagep/vendor/laravel/framework/src/Illuminate/Support/helpers.php(393): Illuminate/Encryption/EncryptionServiceProvider->{closure:Illuminate/Encryption/EncryptionServiceProvider::key():81}()
#1 C:/Users/USER/Desktop/projet_tutore2/somagep/vendor/laravel/framework/src/Illuminate/Encryption/EncryptionServiceProvider.php(81): tap()
#2 C:/Users/USER/Desktop/projet_tutore2/somagep/vendor/laravel/framework/src/Illuminate/Encryption/EncryptionServiceProvider.php(64): Illuminate/Encryption/EncryptionServiceProvider->key()
#3 C:/Users/USER/Desktop/projet_tutore2/somagep/vendor/laravel/framework/src/Illuminate/Encryption/EncryptionServiceProvider.php(32): Illuminate/Encryption/EncryptionServiceProvider->parseKey()
#4 C:/Users/USER/Desktop/projet_tutore2/somagep/vendor/laravel/framework/src/Illuminate/Container/Container.php(1118): Illuminate/Encryption/EncryptionServiceProvider->{closure:Illuminate/Encryption/EncryptionServiceProvider::registerEncrypter():29}()
#5 C:/Users/USER/Desktop/projet_tutore2/somagep/vendor/laravel/framework/src/Illuminate/Container/Container.php(936): Illuminate/Container/Container->build()
#6 C:/Users/USER/Desktop/projet_tutore2/somagep/vendor/laravel/framework/src/Illuminate/Foundation/Application.php(1078): Illuminate/Container/Container->resolve()
#7 C:/Users/USER/Desktop/projet_tutore2/somagep/vendor/laravel/framework/src/Illuminate/Container/Container.php(864): Illuminate/Foundation/Application->resolve()
#8 C:/Users/USER/Desktop/projet_tutore2/somagep/vendor/laravel/framework/src/Illuminate/Foundation/Application.php(1058): Illuminate/Container/Container->make()
#9 C:/Users/USER/Desktop/projet_tutore2/somagep/vendor/laravel/framework/src/Illuminate/Container/Container.php(1339): Illuminate/Foundation/Application->make()
#10 C:/Users/USER/Desktop/projet_tutore2/somagep/vendor/laravel/framework/src/Illuminate/Container/Container.php(1240): Illuminate/Container/Container->resolveClass()
#11 C:/Users/USER/Desktop/projet_tutore2/somagep/vendor/laravel/framework/src/Illuminate/Container/Container.php(1165): Illuminate/Container/Container->resolveDependencies()
#12 C:/Users/USER/Desktop/projet_tutore2/somagep/vendor/laravel/framework/src/Illuminate/Container/Container.php(936): Illuminate/Container/Container->build()
#13 C:/Users/USER/Desktop/projet_tutore2/somagep/vendor/laravel/framework/src/Illuminate/Foundation/Application.php(1078): Illuminate/Container/Container->resolve()
#14 C:/Users/USER/Desktop/projet_tutore2/somagep/vendor/laravel/framework/src/Illuminate/Container/Container.php(864): Illuminate/Foundation/Application->resolve()
#15 C:/Users/USER/Desktop/projet_tutore2/somagep/vendor/laravel/framework/src/Illuminate/Foundation/Application.php(1058): Illuminate/Container/Container->make()
#16 C:/Users/USER/Desktop/projet_tutore2/somagep/vendor/laravel/framework/src/Illuminate/Foundation/Http/Kernel.php(257): Illuminate/Foundation/Application->make()
#17 C:/Users/USER/Desktop/projet_tutore2/somagep/vendor/laravel/framework/src/Illuminate/Foundation/Http/Kernel.php(215): Illuminate/Foundation/Http/Kernel->terminateMiddleware()
#18 C:/Users/USER/Desktop/projet_tutore2/somagep/vendor/laravel/framework/src/Illuminate/Foundation/Application.php(1222): Illuminate/Foundation/Http/Kernel->terminate()
#19 C:/Users/USER/Desktop/projet_tutore2/somagep/public/index.php(20): Illuminate/Foundation/Application->handleRequest()
#20 C:/Users/USER/Desktop/projet_tutore2/somagep/vendor/laravel/framework/src/Illuminate/Foundation/resources/server.php(23): require_once('...')
#21 {main}
"} 
[2026-06-25 17:11:39] production.ERROR: Uncaught ErrorException: Cannot modify header information - headers already sent by (output started at C:\Users\USER\Desktop\projet_tutore2\somagep\vendor\symfony\http-foundation\Response.php:393) in C:\Users\USER\Desktop\projet_tutore2\somagep\vendor\symfony\http-foundation\Response.php:328
Stack trace:
#0 C:\Users\USER\Desktop\projet_tutore2\somagep\vendor\laravel\framework\src\Illuminate\Foundation\Bootstrap\HandleExceptions.php(263): Illuminate\Foundation\Bootstrap\HandleExceptions->handleError()
#1 [internal function]: Illuminate\Foundation\Bootstrap\HandleExceptions->{closure:Illuminate\Foundation\Bootstrap\HandleExceptions::forwardsTo():262}()
#2 C:\Users\USER\Desktop\projet_tutore2\somagep\vendor\symfony\http-foundation\Response.php(328): header()
#3 C:\Users\USER\Desktop\projet_tutore2\somagep\vendor\symfony\http-foundation\Response.php(407): Symfony\Component\HttpFoundation\Response->sendHeaders()
#4 C:\Users\USER\Desktop\projet_tutore2\somagep\vendor\laravel\framework\src\Illuminate\Foundation\Bootstrap\HandleExceptions.php(226): Symfony\Component\HttpFoundation\Response->send()
#5 C:\Users\USER\Desktop\projet_tutore2\somagep\vendor\laravel\framework\src\Illuminate\Foundation\Bootstrap\HandleExceptions.php(203): Illuminate\Foundation\Bootstrap\HandleExceptions->renderHttpResponse()
#6 C:\Users\USER\Desktop\projet_tutore2\somagep\vendor\laravel\framework\src\Illuminate\Foundation\Bootstrap\HandleExceptions.php(263): Illuminate\Foundation\Bootstrap\HandleExceptions->handleException()
#7 [internal function]: Illuminate\Foundation\Bootstrap\HandleExceptions->{closure:Illuminate\Foundation\Bootstrap\HandleExceptions::forwardsTo():262}()
#8 {main}
  thrown {"exception":"[object] (Symfony\\Component\\ErrorHandler\\Error\\FatalError(code: 0): Uncaught ErrorException: Cannot modify header information - headers already sent by (output started at C:\\Users\\USER\\Desktop\\projet_tutore2\\somagep\\vendor\\symfony\\http-foundation\\Response.php:393) in C:\\Users\\USER\\Desktop\\projet_tutore2\\somagep\\vendor\\symfony\\http-foundation\\Response.php:328
Stack trace:
#0 C:\\Users\\USER\\Desktop\\projet_tutore2\\somagep\\vendor\\laravel\\framework\\src\\Illuminate\\Foundation\\Bootstrap\\HandleExceptions.php(263): Illuminate\\Foundation\\Bootstrap\\HandleExceptions->handleError()
#1 [internal function]: Illuminate\\Foundation\\Bootstrap\\HandleExceptions->{closure:Illuminate\\Foundation\\Bootstrap\\HandleExceptions::forwardsTo():262}()
#2 C:\\Users\\USER\\Desktop\\projet_tutore2\\somagep\\vendor\\symfony\\http-foundation\\Response.php(328): header()
#3 C:\\Users\\USER\\Desktop\\projet_tutore2\\somagep\\vendor\\symfony\\http-foundation\\Response.php(407): Symfony\\Component\\HttpFoundation\\Response->sendHeaders()
#4 C:\\Users\\USER\\Desktop\\projet_tutore2\\somagep\\vendor\\laravel\\framework\\src\\Illuminate\\Foundation\\Bootstrap\\HandleExceptions.php(226): Symfony\\Component\\HttpFoundation\\Response->send()
#5 C:\\Users\\USER\\Desktop\\projet_tutore2\\somagep\\vendor\\laravel\\framework\\src\\Illuminate\\Foundation\\Bootstrap\\HandleExceptions.php(203): Illuminate\\Foundation\\Bootstrap\\HandleExceptions->renderHttpResponse()
#6 C:\\Users\\USER\\Desktop\\projet_tutore2\\somagep\\vendor\\laravel\\framework\\src\\Illuminate\\Foundation\\Bootstrap\\HandleExceptions.php(263): Illuminate\\Foundation\\Bootstrap\\HandleExceptions->handleException()
#7 [internal function]: Illuminate\\Foundation\\Bootstrap\\HandleExceptions->{closure:Illuminate\\Foundation\\Bootstrap\\HandleExceptions::forwardsTo():262}()
#8 {main}
  thrown at C:/Users/USER/Desktop/projet_tutore2/somagep/vendor/symfony/http-foundation/Response.php:328)
[stacktrace]
#0 {main}
"} 
[2026-06-25 17:13:16] production.ERROR: No application encryption key has been specified. {"exception":"[object] (Illuminate\\Encryption\\MissingAppKeyException(code: 0): No application encryption key has been specified. at C:/Users/USER/Desktop/projet_tutore2/somagep/vendor/laravel/framework/src/Illuminate/Encryption/EncryptionServiceProvider.php:83)
[stacktrace]
#0 C:/Users/USER/Desktop/projet_tutore2/somagep/vendor/laravel/framework/src/Illuminate/Support/helpers.php(393): Illuminate/Encryption/EncryptionServiceProvider->{closure:Illuminate/Encryption/EncryptionServiceProvider::key():81}()
#1 C:/Users/USER/Desktop/projet_tutore2/somagep/vendor/laravel/framework/src/Illuminate/Encryption/EncryptionServiceProvider.php(81): tap()
#2 C:/Users/USER/Desktop/projet_tutore2/somagep/vendor/laravel/framework/src/Illuminate/Encryption/EncryptionServiceProvider.php(64): Illuminate/Encryption/EncryptionServiceProvider->key()
#3 C:/Users/USER/Desktop/projet_tutore2/somagep/vendor/laravel/framework/src/Illuminate/Encryption/EncryptionServiceProvider.php(32): Illuminate/Encryption/EncryptionServiceProvider->parseKey()
#4 C:/Users/USER/Desktop/projet_tutore2/somagep/vendor/laravel/framework/src/Illuminate/Container/Container.php(1118): Illuminate/Encryption/EncryptionServiceProvider->{closure:Illuminate/Encryption/EncryptionServiceProvider::registerEncrypter():29}()
#5 C:/Users/USER/Desktop/projet_tutore2/somagep/vendor/laravel/framework/src/Illuminate/Container/Container.php(936): Illuminate/Container/Container->build()
#6 C:/Users/USER/Desktop/projet_tutore2/somagep/vendor/laravel/framework/src/Illuminate/Foundation/Application.php(1078): Illuminate/Container/Container->resolve()
#7 C:/Users/USER/Desktop/projet_tutore2/somagep/vendor/laravel/framework/src/Illuminate/Container/Container.php(864): Illuminate/Foundation/Application->resolve()
#8 C:/Users/USER/Desktop/projet_tutore2/somagep/vendor/laravel/framework/src/Illuminate/Foundation/Application.php(1058): Illuminate/Container/Container->make()
#9 C:/Users/USER/Desktop/projet_tutore2/somagep/vendor/laravel/framework/src/Illuminate/Container/Container.php(1339): Illuminate/Foundation/Application->make()
#10 C:/Users/USER/Desktop/projet_tutore2/somagep/vendor/laravel/framework/src/Illuminate/Container/Container.php(1240): Illuminate/Container/Container->resolveClass()
#11 C:/Users/USER/Desktop/projet_tutore2/somagep/vendor/laravel/framework/src/Illuminate/Container/Container.php(1165): Illuminate/Container/Container->resolveDependencies()
#12 C:/Users/USER/Desktop/projet_tutore2/somagep/vendor/laravel/framework/src/Illuminate/Container/Container.php(936): Illuminate/Container/Container->build()
#13 C:/Users/USER/Desktop/projet_tutore2/somagep/vendor/laravel/framework/src/Illuminate/Foundation/Application.php(1078): Illuminate/Container/Container->resolve()
#14 C:/Users/USER/Desktop/projet_tutore2/somagep/vendor/laravel/framework/src/Illuminate/Container/Container.php(864): Illuminate/Foundation/Application->resolve()
#15 C:/Users/USER/Desktop/projet_tutore2/somagep/vendor/laravel/framework/src/Illuminate/Foundation/Application.php(1058): Illuminate/Container/Container->make()
#16 C:/Users/USER/Desktop/projet_tutore2/somagep/vendor/laravel/framework/src/Illuminate/Pipeline/Pipeline.php(208): Illuminate/Foundation/Application->make()
#17 C:/Users/USER/Desktop/projet_tutore2/somagep/vendor/laravel/framework/src/Illuminate/Pipeline/Pipeline.php(137): Illuminate/Pipeline/Pipeline->{closure:{closure:Illuminate/Pipeline/Pipeline::carry():194}:195}()
#18 C:/Users/USER/Desktop/projet_tutore2/somagep/vendor/laravel/framework/src/Illuminate/Routing/Router.php(821): Illuminate/Pipeline/Pipeline->then()
#19 C:/Users/USER/Desktop/projet_tutore2/somagep/vendor/laravel/framework/src/Illuminate/Routing/Router.php(800): Illuminate/Routing/Router->runRouteWithinStack()
#20 C:/Users/USER/Desktop/projet_tutore2/somagep/vendor/laravel/framework/src/Illuminate/Routing/Router.php(764): Illuminate/Routing/Router->runRoute()
#21 C:/Users/USER/Desktop/projet_tutore2/somagep/vendor/laravel/framework/src/Illuminate/Routing/Router.php(753): Illuminate/Routing/Router->dispatchToRoute()
#22 C:/Users/USER/Desktop/projet_tutore2/somagep/vendor/laravel/framework/src/Illuminate/Foundation/Http/Kernel.php(200): Illuminate/Routing/Router->dispatch()
#23 C:/Users/USER/Desktop/projet_tutore2/somagep/vendor/laravel/framework/src/Illuminate/Pipeline/Pipeline.php(180): Illuminate/Foundation/Http/Kernel->{closure:Illuminate/Foundation/Http/Kernel::dispatchToRouter():197}()
#24 C:/Users/USER/Desktop/projet_tutore2/somagep/vendor/laravel/framework/src/Illuminate/Foundation/Http/Middleware/TransformsRequest.php(21): Illuminate/Pipeline/Pipeline->{closure:Illuminate/Pipeline/Pipeline::prepareDestination():178}()
#25 C:/Users/USER/Desktop/projet_tutore2/somagep/vendor/laravel/framework/src/Illuminate/Foundation/Http/Middleware/ConvertEmptyStringsToNull.php(31): Illuminate/Foundation/Http/Middleware/TransformsRequest->handle()
#26 C:/Users/USER/Desktop/projet_tutore2/somagep/vendor/laravel/framework/src/Illuminate/Pipeline/Pipeline.php(219): Illuminate/Foundation/Http/Middleware/ConvertEmptyStringsToNull->handle()
#27 C:/Users/USER/Desktop/projet_tutore2/somagep/vendor/laravel/framework/src/Illuminate/Foundation/Http/Middleware/TransformsRequest.php(21): Illuminate/Pipeline/Pipeline->{closure:{closure:Illuminate/Pipeline/Pipeline::carry():194}:195}()
#28 C:/Users/USER/Desktop/projet_tutore2/somagep/vendor/laravel/framework/src/Illuminate/Foundation/Http/Middleware/TrimStrings.php(51): Illuminate/Foundation/Http/Middleware/TransformsRequest->handle()
#29 C:/Users/USER/Desktop/projet_tutore2/somagep/vendor/laravel/framework/src/Illuminate/Pipeline/Pipeline.php(219): Illuminate/Foundation/Http/Middleware/TrimStrings->handle()
#30 C:/Users/USER/Desktop/projet_tutore2/somagep/vendor/laravel/framework/src/Illuminate/Http/Middleware/ValidatePostSize.php(27): Illuminate/Pipeline/Pipeline->{closure:{closure:Illuminate/Pipeline/Pipeline::carry():194}:195}()
#31 C:/Users/USER/Desktop/projet_tutore2/somagep/vendor/laravel/framework/src/Illuminate/Pipeline/Pipeline.php(219): Illuminate/Http/Middleware/ValidatePostSize->handle()
#32 C:/Users/USER/Desktop/projet_tutore2/somagep/vendor/laravel/framework/src/Illuminate/Foundation/Http/Middleware/PreventRequestsDuringMaintenance.php(109): Illuminate/Pipeline/Pipeline->{closure:{closure:Illuminate/Pipeline/Pipeline::carry():194}:195}()
#33 C:/Users/USER/Desktop/projet_tutore2/somagep/vendor/laravel/framework/src/Illuminate/Pipeline/Pipeline.php(219): Illuminate/Foundation/Http/Middleware/PreventRequestsDuringMaintenance->handle()
#34 C:/Users/USER/Desktop/projet_tutore2/somagep/vendor/laravel/framework/src/Illuminate/Http/Middleware/HandleCors.php(61): Illuminate/Pipeline/Pipeline->{closure:{closure:Illuminate/Pipeline/Pipeline::carry():194}:195}()
#35 C:/Users/USER/Desktop/projet_tutore2/somagep/vendor/laravel/framework/src/Illuminate/Pipeline/Pipeline.php(219): Illuminate/Http/Middleware/HandleCors->handle()
#36 C:/Users/USER/Desktop/projet_tutore2/somagep/vendor/laravel/framework/src/Illuminate/Http/Middleware/TrustProxies.php(58): Illuminate/Pipeline/Pipeline->{closure:{closure:Illuminate/Pipeline/Pipeline::carry():194}:195}()
#37 C:/Users/USER/Desktop/projet_tutore2/somagep/vendor/laravel/framework/src/Illuminate/Pipeline/Pipeline.php(219): Illuminate/Http/Middleware/TrustProxies->handle()
#38 C:/Users/USER/Desktop/projet_tutore2/somagep/vendor/laravel/framework/src/Illuminate/Foundation/Http/Middleware/InvokeDeferredCallbacks.php(22): Illuminate/Pipeline/Pipeline->{closure:{closure:Illuminate/Pipeline/Pipeline::carry():194}:195}()
#39 C:/Users/USER/Desktop/projet_tutore2/somagep/vendor/laravel/framework/src/Illuminate/Pipeline/Pipeline.php(219): Illuminate/Foundation/Http/Middleware/InvokeDeferredCallbacks->handle()
#40 C:/Users/USER/Desktop/projet_tutore2/somagep/vendor/laravel/framework/src/Illuminate/Http/Middleware/ValidatePathEncoding.php(28): Illuminate/Pipeline/Pipeline->{closure:{closure:Illuminate/Pipeline/Pipeline::carry():194}:195}()
#41 C:/Users/USER/Desktop/projet_tutore2/somagep/vendor/laravel/framework/src/Illuminate/Pipeline/Pipeline.php(219): Illuminate/Http/Middleware/ValidatePathEncoding->handle()
#42 C:/Users/USER/Desktop/projet_tutore2/somagep/vendor/laravel/framework/src/Illuminate/Pipeline/Pipeline.php(137): Illuminate/Pipeline/Pipeline->{closure:{closure:Illuminate/Pipeline/Pipeline::carry():194}:195}()
#43 C:/Users/USER/Desktop/projet_tutore2/somagep/vendor/laravel/framework/src/Illuminate/Foundation/Http/Kernel.php(175): Illuminate/Pipeline/Pipeline->then()
#44 C:/Users/USER/Desktop/projet_tutore2/somagep/vendor/laravel/framework/src/Illuminate/Foundation/Http/Kernel.php(144): Illuminate/Foundation/Http/Kernel->sendRequestThroughRouter()
#45 C:/Users/USER/Desktop/projet_tutore2/somagep/vendor/laravel/framework/src/Illuminate/Foundation/Application.php(1220): Illuminate/Foundation/Http/Kernel->handle()
#46 C:/Users/USER/Desktop/projet_tutore2/somagep/public/index.php(20): Illuminate/Foundation/Application->handleRequest()
#47 C:/Users/USER/Desktop/projet_tutore2/somagep/vendor/laravel/framework/src/Illuminate/Foundation/resources/server.php(23): require_once('...')
#48 {main}
"} 
[2026-06-25 17:13:16] production.ERROR: No application encryption key has been specified. {"exception":"[object] (Illuminate\\Encryption\\MissingAppKeyException(code: 0): No application encryption key has been specified. at C:/Users/USER/Desktop/projet_tutore2/somagep/vendor/laravel/framework/src/Illuminate/Encryption/EncryptionServiceProvider.php:83)
[stacktrace]
#0 C:/Users/USER/Desktop/projet_tutore2/somagep/vendor/laravel/framework/src/Illuminate/Support/helpers.php(393): Illuminate/Encryption/EncryptionServiceProvider->{closure:Illuminate/Encryption/EncryptionServiceProvider::key():81}()
#1 C:/Users/USER/Desktop/projet_tutore2/somagep/vendor/laravel/framework/src/Illuminate/Encryption/EncryptionServiceProvider.php(81): tap()
#2 C:/Users/USER/Desktop/projet_tutore2/somagep/vendor/laravel/framework/src/Illuminate/Encryption/EncryptionServiceProvider.php(64): Illuminate/Encryption/EncryptionServiceProvider->key()
#3 C:/Users/USER/Desktop/projet_tutore2/somagep/vendor/laravel/framework/src/Illuminate/Encryption/EncryptionServiceProvider.php(32): Illuminate/Encryption/EncryptionServiceProvider->parseKey()
#4 C:/Users/USER/Desktop/projet_tutore2/somagep/vendor/laravel/framework/src/Illuminate/Container/Container.php(1118): Illuminate/Encryption/EncryptionServiceProvider->{closure:Illuminate/Encryption/EncryptionServiceProvider::registerEncrypter():29}()
#5 C:/Users/USER/Desktop/projet_tutore2/somagep/vendor/laravel/framework/src/Illuminate/Container/Container.php(936): Illuminate/Container/Container->build()
#6 C:/Users/USER/Desktop/projet_tutore2/somagep/vendor/laravel/framework/src/Illuminate/Foundation/Application.php(1078): Illuminate/Container/Container->resolve()
#7 C:/Users/USER/Desktop/projet_tutore2/somagep/vendor/laravel/framework/src/Illuminate/Container/Container.php(864): Illuminate/Foundation/Application->resolve()
#8 C:/Users/USER/Desktop/projet_tutore2/somagep/vendor/laravel/framework/src/Illuminate/Foundation/Application.php(1058): Illuminate/Container/Container->make()
#9 C:/Users/USER/Desktop/projet_tutore2/somagep/vendor/laravel/framework/src/Illuminate/Container/Container.php(1339): Illuminate/Foundation/Application->make()
#10 C:/Users/USER/Desktop/projet_tutore2/somagep/vendor/laravel/framework/src/Illuminate/Container/Container.php(1240): Illuminate/Container/Container->resolveClass()
#11 C:/Users/USER/Desktop/projet_tutore2/somagep/vendor/laravel/framework/src/Illuminate/Container/Container.php(1165): Illuminate/Container/Container->resolveDependencies()
#12 C:/Users/USER/Desktop/projet_tutore2/somagep/vendor/laravel/framework/src/Illuminate/Container/Container.php(936): Illuminate/Container/Container->build()
#13 C:/Users/USER/Desktop/projet_tutore2/somagep/vendor/laravel/framework/src/Illuminate/Foundation/Application.php(1078): Illuminate/Container/Container->resolve()
#14 C:/Users/USER/Desktop/projet_tutore2/somagep/vendor/laravel/framework/src/Illuminate/Container/Container.php(864): Illuminate/Foundation/Application->resolve()
#15 C:/Users/USER/Desktop/projet_tutore2/somagep/vendor/laravel/framework/src/Illuminate/Foundation/Application.php(1058): Illuminate/Container/Container->make()
#16 C:/Users/USER/Desktop/projet_tutore2/somagep/vendor/laravel/framework/src/Illuminate/Foundation/Http/Kernel.php(257): Illuminate/Foundation/Application->make()
#17 C:/Users/USER/Desktop/projet_tutore2/somagep/vendor/laravel/framework/src/Illuminate/Foundation/Http/Kernel.php(215): Illuminate/Foundation/Http/Kernel->terminateMiddleware()
#18 C:/Users/USER/Desktop/projet_tutore2/somagep/vendor/laravel/framework/src/Illuminate/Foundation/Application.php(1222): Illuminate/Foundation/Http/Kernel->terminate()
#19 C:/Users/USER/Desktop/projet_tutore2/somagep/public/index.php(20): Illuminate/Foundation/Application->handleRequest()
#20 C:/Users/USER/Desktop/projet_tutore2/somagep/vendor/laravel/framework/src/Illuminate/Foundation/resources/server.php(23): require_once('...')
#21 {main}
"} 
[2026-06-25 17:13:16] production.ERROR: Uncaught ErrorException: Cannot modify header information - headers already sent by (output started at C:\Users\USER\Desktop\projet_tutore2\somagep\vendor\symfony\http-foundation\Response.php:393) in C:\Users\USER\Desktop\projet_tutore2\somagep\vendor\symfony\http-foundation\Response.php:328
Stack trace:
#0 C:\Users\USER\Desktop\projet_tutore2\somagep\vendor\laravel\framework\src\Illuminate\Foundation\Bootstrap\HandleExceptions.php(263): Illuminate\Foundation\Bootstrap\HandleExceptions->handleError()
#1 [internal function]: Illuminate\Foundation\Bootstrap\HandleExceptions->{closure:Illuminate\Foundation\Bootstrap\HandleExceptions::forwardsTo():262}()
#2 C:\Users\USER\Desktop\projet_tutore2\somagep\vendor\symfony\http-foundation\Response.php(328): header()
#3 C:\Users\USER\Desktop\projet_tutore2\somagep\vendor\symfony\http-foundation\Response.php(407): Symfony\Component\HttpFoundation\Response->sendHeaders()
#4 C:\Users\USER\Desktop\projet_tutore2\somagep\vendor\laravel\framework\src\Illuminate\Foundation\Bootstrap\HandleExceptions.php(226): Symfony\Component\HttpFoundation\Response->send()
#5 C:\Users\USER\Desktop\projet_tutore2\somagep\vendor\laravel\framework\src\Illuminate\Foundation\Bootstrap\HandleExceptions.php(203): Illuminate\Foundation\Bootstrap\HandleExceptions->renderHttpResponse()
#6 C:\Users\USER\Desktop\projet_tutore2\somagep\vendor\laravel\framework\src\Illuminate\Foundation\Bootstrap\HandleExceptions.php(263): Illuminate\Foundation\Bootstrap\HandleExceptions->handleException()
#7 [internal function]: Illuminate\Foundation\Bootstrap\HandleExceptions->{closure:Illuminate\Foundation\Bootstrap\HandleExceptions::forwardsTo():262}()
#8 {main}
  thrown {"exception":"[object] (Symfony\\Component\\ErrorHandler\\Error\\FatalError(code: 0): Uncaught ErrorException: Cannot modify header information - headers already sent by (output started at C:\\Users\\USER\\Desktop\\projet_tutore2\\somagep\\vendor\\symfony\\http-foundation\\Response.php:393) in C:\\Users\\USER\\Desktop\\projet_tutore2\\somagep\\vendor\\symfony\\http-foundation\\Response.php:328
Stack trace:
#0 C:\\Users\\USER\\Desktop\\projet_tutore2\\somagep\\vendor\\laravel\\framework\\src\\Illuminate\\Foundation\\Bootstrap\\HandleExceptions.php(263): Illuminate\\Foundation\\Bootstrap\\HandleExceptions->handleError()
#1 [internal function]: Illuminate\\Foundation\\Bootstrap\\HandleExceptions->{closure:Illuminate\\Foundation\\Bootstrap\\HandleExceptions::forwardsTo():262}()
#2 C:\\Users\\USER\\Desktop\\projet_tutore2\\somagep\\vendor\\symfony\\http-foundation\\Response.php(328): header()
#3 C:\\Users\\USER\\Desktop\\projet_tutore2\\somagep\\vendor\\symfony\\http-foundation\\Response.php(407): Symfony\\Component\\HttpFoundation\\Response->sendHeaders()
#4 C:\\Users\\USER\\Desktop\\projet_tutore2\\somagep\\vendor\\laravel\\framework\\src\\Illuminate\\Foundation\\Bootstrap\\HandleExceptions.php(226): Symfony\\Component\\HttpFoundation\\Response->send()
#5 C:\\Users\\USER\\Desktop\\projet_tutore2\\somagep\\vendor\\laravel\\framework\\src\\Illuminate\\Foundation\\Bootstrap\\HandleExceptions.php(203): Illuminate\\Foundation\\Bootstrap\\HandleExceptions->renderHttpResponse()
#6 C:\\Users\\USER\\Desktop\\projet_tutore2\\somagep\\vendor\\laravel\\framework\\src\\Illuminate\\Foundation\\Bootstrap\\HandleExceptions.php(263): Illuminate\\Foundation\\Bootstrap\\HandleExceptions->handleException()
#7 [internal function]: Illuminate\\Foundation\\Bootstrap\\HandleExceptions->{closure:Illuminate\\Foundation\\Bootstrap\\HandleExceptions::forwardsTo():262}()
#8 {main}
  thrown at C:/Users/USER/Desktop/projet_tutore2/somagep/vendor/symfony/http-foundation/Response.php:328)
[stacktrace]
#0 {main}
"} 
[2026-06-25 17:15:57] production.ERROR: No application encryption key has been specified. {"exception":"[object] (Illuminate\\Encryption\\MissingAppKeyException(code: 0): No application encryption key has been specified. at C:/Users/USER/Desktop/projet_tutore2/somagep/vendor/laravel/framework/src/Illuminate/Encryption/EncryptionServiceProvider.php:83)
[stacktrace]
#0 C:/Users/USER/Desktop/projet_tutore2/somagep/vendor/laravel/framework/src/Illuminate/Support/helpers.php(393): Illuminate/Encryption/EncryptionServiceProvider->{closure:Illuminate/Encryption/EncryptionServiceProvider::key():81}()
#1 C:/Users/USER/Desktop/projet_tutore2/somagep/vendor/laravel/framework/src/Illuminate/Encryption/EncryptionServiceProvider.php(81): tap()
#2 C:/Users/USER/Desktop/projet_tutore2/somagep/vendor/laravel/framework/src/Illuminate/Encryption/EncryptionServiceProvider.php(64): Illuminate/Encryption/EncryptionServiceProvider->key()
#3 C:/Users/USER/Desktop/projet_tutore2/somagep/vendor/laravel/framework/src/Illuminate/Encryption/EncryptionServiceProvider.php(32): Illuminate/Encryption/EncryptionServiceProvider->parseKey()
#4 C:/Users/USER/Desktop/projet_tutore2/somagep/vendor/laravel/framework/src/Illuminate/Container/Container.php(1118): Illuminate/Encryption/EncryptionServiceProvider->{closure:Illuminate/Encryption/EncryptionServiceProvider::registerEncrypter():29}()
#5 C:/Users/USER/Desktop/projet_tutore2/somagep/vendor/laravel/framework/src/Illuminate/Container/Container.php(936): Illuminate/Container/Container->build()
#6 C:/Users/USER/Desktop/projet_tutore2/somagep/vendor/laravel/framework/src/Illuminate/Foundation/Application.php(1078): Illuminate/Container/Container->resolve()
#7 C:/Users/USER/Desktop/projet_tutore2/somagep/vendor/laravel/framework/src/Illuminate/Container/Container.php(864): Illuminate/Foundation/Application->resolve()
#8 C:/Users/USER/Desktop/projet_tutore2/somagep/vendor/laravel/framework/src/Illuminate/Foundation/Application.php(1058): Illuminate/Container/Container->make()
#9 C:/Users/USER/Desktop/projet_tutore2/somagep/vendor/laravel/framework/src/Illuminate/Container/Container.php(1339): Illuminate/Foundation/Application->make()
#10 C:/Users/USER/Desktop/projet_tutore2/somagep/vendor/laravel/framework/src/Illuminate/Container/Container.php(1240): Illuminate/Container/Container->resolveClass()
#11 C:/Users/USER/Desktop/projet_tutore2/somagep/vendor/laravel/framework/src/Illuminate/Container/Container.php(1165): Illuminate/Container/Container->resolveDependencies()
#12 C:/Users/USER/Desktop/projet_tutore2/somagep/vendor/laravel/framework/src/Illuminate/Container/Container.php(936): Illuminate/Container/Container->build()
#13 C:/Users/USER/Desktop/projet_tutore2/somagep/vendor/laravel/framework/src/Illuminate/Foundation/Application.php(1078): Illuminate/Container/Container->resolve()
#14 C:/Users/USER/Desktop/projet_tutore2/somagep/vendor/laravel/framework/src/Illuminate/Container/Container.php(864): Illuminate/Foundation/Application->resolve()
#15 C:/Users/USER/Desktop/projet_tutore2/somagep/vendor/laravel/framework/src/Illuminate/Foundation/Application.php(1058): Illuminate/Container/Container->make()
#16 C:/Users/USER/Desktop/projet_tutore2/somagep/vendor/laravel/framework/src/Illuminate/Pipeline/Pipeline.php(208): Illuminate/Foundation/Application->make()
#17 C:/Users/USER/Desktop/projet_tutore2/somagep/vendor/laravel/framework/src/Illuminate/Pipeline/Pipeline.php(137): Illuminate/Pipeline/Pipeline->{closure:{closure:Illuminate/Pipeline/Pipeline::carry():194}:195}()
#18 C:/Users/USER/Desktop/projet_tutore2/somagep/vendor/laravel/framework/src/Illuminate/Routing/Router.php(821): Illuminate/Pipeline/Pipeline->then()
#19 C:/Users/USER/Desktop/projet_tutore2/somagep/vendor/laravel/framework/src/Illuminate/Routing/Router.php(800): Illuminate/Routing/Router->runRouteWithinStack()
#20 C:/Users/USER/Desktop/projet_tutore2/somagep/vendor/laravel/framework/src/Illuminate/Routing/Router.php(764): Illuminate/Routing/Router->runRoute()
#21 C:/Users/USER/Desktop/projet_tutore2/somagep/vendor/laravel/framework/src/Illuminate/Routing/Router.php(753): Illuminate/Routing/Router->dispatchToRoute()
#22 C:/Users/USER/Desktop/projet_tutore2/somagep/vendor/laravel/framework/src/Illuminate/Foundation/Http/Kernel.php(200): Illuminate/Routing/Router->dispatch()
#23 C:/Users/USER/Desktop/projet_tutore2/somagep/vendor/laravel/framework/src/Illuminate/Pipeline/Pipeline.php(180): Illuminate/Foundation/Http/Kernel->{closure:Illuminate/Foundation/Http/Kernel::dispatchToRouter():197}()
#24 C:/Users/USER/Desktop/projet_tutore2/somagep/vendor/laravel/framework/src/Illuminate/Foundation/Http/Middleware/TransformsRequest.php(21): Illuminate/Pipeline/Pipeline->{closure:Illuminate/Pipeline/Pipeline::prepareDestination():178}()
#25 C:/Users/USER/Desktop/projet_tutore2/somagep/vendor/laravel/framework/src/Illuminate/Foundation/Http/Middleware/ConvertEmptyStringsToNull.php(31): Illuminate/Foundation/Http/Middleware/TransformsRequest->handle()
#26 C:/Users/USER/Desktop/projet_tutore2/somagep/vendor/laravel/framework/src/Illuminate/Pipeline/Pipeline.php(219): Illuminate/Foundation/Http/Middleware/ConvertEmptyStringsToNull->handle()
#27 C:/Users/USER/Desktop/projet_tutore2/somagep/vendor/laravel/framework/src/Illuminate/Foundation/Http/Middleware/TransformsRequest.php(21): Illuminate/Pipeline/Pipeline->{closure:{closure:Illuminate/Pipeline/Pipeline::carry():194}:195}()
#28 C:/Users/USER/Desktop/projet_tutore2/somagep/vendor/laravel/framework/src/Illuminate/Foundation/Http/Middleware/TrimStrings.php(51): Illuminate/Foundation/Http/Middleware/TransformsRequest->handle()
#29 C:/Users/USER/Desktop/projet_tutore2/somagep/vendor/laravel/framework/src/Illuminate/Pipeline/Pipeline.php(219): Illuminate/Foundation/Http/Middleware/TrimStrings->handle()
#30 C:/Users/USER/Desktop/projet_tutore2/somagep/vendor/laravel/framework/src/Illuminate/Http/Middleware/ValidatePostSize.php(27): Illuminate/Pipeline/Pipeline->{closure:{closure:Illuminate/Pipeline/Pipeline::carry():194}:195}()
#31 C:/Users/USER/Desktop/projet_tutore2/somagep/vendor/laravel/framework/src/Illuminate/Pipeline/Pipeline.php(219): Illuminate/Http/Middleware/ValidatePostSize->handle()
#32 C:/Users/USER/Desktop/projet_tutore2/somagep/vendor/laravel/framework/src/Illuminate/Foundation/Http/Middleware/PreventRequestsDuringMaintenance.php(109): Illuminate/Pipeline/Pipeline->{closure:{closure:Illuminate/Pipeline/Pipeline::carry():194}:195}()
#33 C:/Users/USER/Desktop/projet_tutore2/somagep/vendor/laravel/framework/src/Illuminate/Pipeline/Pipeline.php(219): Illuminate/Foundation/Http/Middleware/PreventRequestsDuringMaintenance->handle()
#34 C:/Users/USER/Desktop/projet_tutore2/somagep/vendor/laravel/framework/src/Illuminate/Http/Middleware/HandleCors.php(61): Illuminate/Pipeline/Pipeline->{closure:{closure:Illuminate/Pipeline/Pipeline::carry():194}:195}()
#35 C:/Users/USER/Desktop/projet_tutore2/somagep/vendor/laravel/framework/src/Illuminate/Pipeline/Pipeline.php(219): Illuminate/Http/Middleware/HandleCors->handle()
#36 C:/Users/USER/Desktop/projet_tutore2/somagep/vendor/laravel/framework/src/Illuminate/Http/Middleware/TrustProxies.php(58): Illuminate/Pipeline/Pipeline->{closure:{closure:Illuminate/Pipeline/Pipeline::carry():194}:195}()
#37 C:/Users/USER/Desktop/projet_tutore2/somagep/vendor/laravel/framework/src/Illuminate/Pipeline/Pipeline.php(219): Illuminate/Http/Middleware/TrustProxies->handle()
#38 C:/Users/USER/Desktop/projet_tutore2/somagep/vendor/laravel/framework/src/Illuminate/Foundation/Http/Middleware/InvokeDeferredCallbacks.php(22): Illuminate/Pipeline/Pipeline->{closure:{closure:Illuminate/Pipeline/Pipeline::carry():194}:195}()
#39 C:/Users/USER/Desktop/projet_tutore2/somagep/vendor/laravel/framework/src/Illuminate/Pipeline/Pipeline.php(219): Illuminate/Foundation/Http/Middleware/InvokeDeferredCallbacks->handle()
#40 C:/Users/USER/Desktop/projet_tutore2/somagep/vendor/laravel/framework/src/Illuminate/Http/Middleware/ValidatePathEncoding.php(28): Illuminate/Pipeline/Pipeline->{closure:{closure:Illuminate/Pipeline/Pipeline::carry():194}:195}()
#41 C:/Users/USER/Desktop/projet_tutore2/somagep/vendor/laravel/framework/src/Illuminate/Pipeline/Pipeline.php(219): Illuminate/Http/Middleware/ValidatePathEncoding->handle()
#42 C:/Users/USER/Desktop/projet_tutore2/somagep/vendor/laravel/framework/src/Illuminate/Pipeline/Pipeline.php(137): Illuminate/Pipeline/Pipeline->{closure:{closure:Illuminate/Pipeline/Pipeline::carry():194}:195}()
#43 C:/Users/USER/Desktop/projet_tutore2/somagep/vendor/laravel/framework/src/Illuminate/Foundation/Http/Kernel.php(175): Illuminate/Pipeline/Pipeline->then()
#44 C:/Users/USER/Desktop/projet_tutore2/somagep/vendor/laravel/framework/src/Illuminate/Foundation/Http/Kernel.php(144): Illuminate/Foundation/Http/Kernel->sendRequestThroughRouter()
#45 C:/Users/USER/Desktop/projet_tutore2/somagep/vendor/laravel/framework/src/Illuminate/Foundation/Application.php(1220): Illuminate/Foundation/Http/Kernel->handle()
#46 C:/Users/USER/Desktop/projet_tutore2/somagep/public/index.php(20): Illuminate/Foundation/Application->handleRequest()
#47 C:/Users/USER/Desktop/projet_tutore2/somagep/vendor/laravel/framework/src/Illuminate/Foundation/resources/server.php(23): require_once('...')
#48 {main}
"} 
[2026-06-25 17:15:57] production.ERROR: No application encryption key has been specified. {"exception":"[object] (Illuminate\\Encryption\\MissingAppKeyException(code: 0): No application encryption key has been specified. at C:/Users/USER/Desktop/projet_tutore2/somagep/vendor/laravel/framework/src/Illuminate/Encryption/EncryptionServiceProvider.php:83)
[stacktrace]
#0 C:/Users/USER/Desktop/projet_tutore2/somagep/vendor/laravel/framework/src/Illuminate/Support/helpers.php(393): Illuminate/Encryption/EncryptionServiceProvider->{closure:Illuminate/Encryption/EncryptionServiceProvider::key():81}()
#1 C:/Users/USER/Desktop/projet_tutore2/somagep/vendor/laravel/framework/src/Illuminate/Encryption/EncryptionServiceProvider.php(81): tap()
#2 C:/Users/USER/Desktop/projet_tutore2/somagep/vendor/laravel/framework/src/Illuminate/Encryption/EncryptionServiceProvider.php(64): Illuminate/Encryption/EncryptionServiceProvider->key()
#3 C:/Users/USER/Desktop/projet_tutore2/somagep/vendor/laravel/framework/src/Illuminate/Encryption/EncryptionServiceProvider.php(32): Illuminate/Encryption/EncryptionServiceProvider->parseKey()
#4 C:/Users/USER/Desktop/projet_tutore2/somagep/vendor/laravel/framework/src/Illuminate/Container/Container.php(1118): Illuminate/Encryption/EncryptionServiceProvider->{closure:Illuminate/Encryption/EncryptionServiceProvider::registerEncrypter():29}()
#5 C:/Users/USER/Desktop/projet_tutore2/somagep/vendor/laravel/framework/src/Illuminate/Container/Container.php(936): Illuminate/Container/Container->build()
#6 C:/Users/USER/Desktop/projet_tutore2/somagep/vendor/laravel/framework/src/Illuminate/Foundation/Application.php(1078): Illuminate/Container/Container->resolve()
#7 C:/Users/USER/Desktop/projet_tutore2/somagep/vendor/laravel/framework/src/Illuminate/Container/Container.php(864): Illuminate/Foundation/Application->resolve()
#8 C:/Users/USER/Desktop/projet_tutore2/somagep/vendor/laravel/framework/src/Illuminate/Foundation/Application.php(1058): Illuminate/Container/Container->make()
#9 C:/Users/USER/Desktop/projet_tutore2/somagep/vendor/laravel/framework/src/Illuminate/Container/Container.php(1339): Illuminate/Foundation/Application->make()
#10 C:/Users/USER/Desktop/projet_tutore2/somagep/vendor/laravel/framework/src/Illuminate/Container/Container.php(1240): Illuminate/Container/Container->resolveClass()
#11 C:/Users/USER/Desktop/projet_tutore2/somagep/vendor/laravel/framework/src/Illuminate/Container/Container.php(1165): Illuminate/Container/Container->resolveDependencies()
#12 C:/Users/USER/Desktop/projet_tutore2/somagep/vendor/laravel/framework/src/Illuminate/Container/Container.php(936): Illuminate/Container/Container->build()
#13 C:/Users/USER/Desktop/projet_tutore2/somagep/vendor/laravel/framework/src/Illuminate/Foundation/Application.php(1078): Illuminate/Container/Container->resolve()
#14 C:/Users/USER/Desktop/projet_tutore2/somagep/vendor/laravel/framework/src/Illuminate/Container/Container.php(864): Illuminate/Foundation/Application->resolve()
#15 C:/Users/USER/Desktop/projet_tutore2/somagep/vendor/laravel/framework/src/Illuminate/Foundation/Application.php(1058): Illuminate/Container/Container->make()
#16 C:/Users/USER/Desktop/projet_tutore2/somagep/vendor/laravel/framework/src/Illuminate/Foundation/Http/Kernel.php(257): Illuminate/Foundation/Application->make()
#17 C:/Users/USER/Desktop/projet_tutore2/somagep/vendor/laravel/framework/src/Illuminate/Foundation/Http/Kernel.php(215): Illuminate/Foundation/Http/Kernel->terminateMiddleware()
#18 C:/Users/USER/Desktop/projet_tutore2/somagep/vendor/laravel/framework/src/Illuminate/Foundation/Application.php(1222): Illuminate/Foundation/Http/Kernel->terminate()
#19 C:/Users/USER/Desktop/projet_tutore2/somagep/public/index.php(20): Illuminate/Foundation/Application->handleRequest()
#20 C:/Users/USER/Desktop/projet_tutore2/somagep/vendor/laravel/framework/src/Illuminate/Foundation/resources/server.php(23): require_once('...')
#21 {main}
"} 
[2026-06-25 17:15:57] production.ERROR: Uncaught ErrorException: Cannot modify header information - headers already sent by (output started at C:\Users\USER\Desktop\projet_tutore2\somagep\vendor\symfony\http-foundation\Response.php:393) in C:\Users\USER\Desktop\projet_tutore2\somagep\vendor\symfony\http-foundation\Response.php:328
Stack trace:
#0 C:\Users\USER\Desktop\projet_tutore2\somagep\vendor\laravel\framework\src\Illuminate\Foundation\Bootstrap\HandleExceptions.php(263): Illuminate\Foundation\Bootstrap\HandleExceptions->handleError()
#1 [internal function]: Illuminate\Foundation\Bootstrap\HandleExceptions->{closure:Illuminate\Foundation\Bootstrap\HandleExceptions::forwardsTo():262}()
#2 C:\Users\USER\Desktop\projet_tutore2\somagep\vendor\symfony\http-foundation\Response.php(328): header()
#3 C:\Users\USER\Desktop\projet_tutore2\somagep\vendor\symfony\http-foundation\Response.php(407): Symfony\Component\HttpFoundation\Response->sendHeaders()
#4 C:\Users\USER\Desktop\projet_tutore2\somagep\vendor\laravel\framework\src\Illuminate\Foundation\Bootstrap\HandleExceptions.php(226): Symfony\Component\HttpFoundation\Response->send()
#5 C:\Users\USER\Desktop\projet_tutore2\somagep\vendor\laravel\framework\src\Illuminate\Foundation\Bootstrap\HandleExceptions.php(203): Illuminate\Foundation\Bootstrap\HandleExceptions->renderHttpResponse()
#6 C:\Users\USER\Desktop\projet_tutore2\somagep\vendor\laravel\framework\src\Illuminate\Foundation\Bootstrap\HandleExceptions.php(263): Illuminate\Foundation\Bootstrap\HandleExceptions->handleException()
#7 [internal function]: Illuminate\Foundation\Bootstrap\HandleExceptions->{closure:Illuminate\Foundation\Bootstrap\HandleExceptions::forwardsTo():262}()
#8 {main}
  thrown {"exception":"[object] (Symfony\\Component\\ErrorHandler\\Error\\FatalError(code: 0): Uncaught ErrorException: Cannot modify header information - headers already sent by (output started at C:\\Users\\USER\\Desktop\\projet_tutore2\\somagep\\vendor\\symfony\\http-foundation\\Response.php:393) in C:\\Users\\USER\\Desktop\\projet_tutore2\\somagep\\vendor\\symfony\\http-foundation\\Response.php:328
Stack trace:
#0 C:\\Users\\USER\\Desktop\\projet_tutore2\\somagep\\vendor\\laravel\\framework\\src\\Illuminate\\Foundation\\Bootstrap\\HandleExceptions.php(263): Illuminate\\Foundation\\Bootstrap\\HandleExceptions->handleError()
#1 [internal function]: Illuminate\\Foundation\\Bootstrap\\HandleExceptions->{closure:Illuminate\\Foundation\\Bootstrap\\HandleExceptions::forwardsTo():262}()
#2 C:\\Users\\USER\\Desktop\\projet_tutore2\\somagep\\vendor\\symfony\\http-foundation\\Response.php(328): header()
#3 C:\\Users\\USER\\Desktop\\projet_tutore2\\somagep\\vendor\\symfony\\http-foundation\\Response.php(407): Symfony\\Component\\HttpFoundation\\Response->sendHeaders()
#4 C:\\Users\\USER\\Desktop\\projet_tutore2\\somagep\\vendor\\laravel\\framework\\src\\Illuminate\\Foundation\\Bootstrap\\HandleExceptions.php(226): Symfony\\Component\\HttpFoundation\\Response->send()
#5 C:\\Users\\USER\\Desktop\\projet_tutore2\\somagep\\vendor\\laravel\\framework\\src\\Illuminate\\Foundation\\Bootstrap\\HandleExceptions.php(203): Illuminate\\Foundation\\Bootstrap\\HandleExceptions->renderHttpResponse()
#6 C:\\Users\\USER\\Desktop\\projet_tutore2\\somagep\\vendor\\laravel\\framework\\src\\Illuminate\\Foundation\\Bootstrap\\HandleExceptions.php(263): Illuminate\\Foundation\\Bootstrap\\HandleExceptions->handleException()
#7 [internal function]: Illuminate\\Foundation\\Bootstrap\\HandleExceptions->{closure:Illuminate\\Foundation\\Bootstrap\\HandleExceptions::forwardsTo():262}()
#8 {main}
  thrown at C:/Users/USER/Desktop/projet_tutore2/somagep/vendor/symfony/http-foundation/Response.php:328)
[stacktrace]
#0 {main}
"} 
[2026-06-25 17:23:45] production.ERROR: file_get_contents(C:\Users\USER\Desktop\projet_tutore2\somagep\.env): Failed to open stream: No such file or directory {"exception":"[object] (ErrorException(code: 0): file_get_contents(C:\\Users\\USER\\Desktop\\projet_tutore2\\somagep\\.env): Failed to open stream: No such file or directory at C:/Users/USER/Desktop/projet_tutore2/somagep/vendor/laravel/framework/src/Illuminate/Foundation/Console/KeyGenerateCommand.php:105)
[stacktrace]
#0 C:/Users/USER/Desktop/projet_tutore2/somagep/vendor/laravel/framework/src/Illuminate/Foundation/Bootstrap/HandleExceptions.php(263): Illuminate/Foundation/Bootstrap/HandleExceptions->handleError()
#1 [internal function]: Illuminate/Foundation/Bootstrap/HandleExceptions->{closure:Illuminate/Foundation/Bootstrap/HandleExceptions::forwardsTo():262}()
#2 C:/Users/USER/Desktop/projet_tutore2/somagep/vendor/laravel/framework/src/Illuminate/Foundation/Console/KeyGenerateCommand.php(105): file_get_contents()
#3 C:/Users/USER/Desktop/projet_tutore2/somagep/vendor/laravel/framework/src/Illuminate/Foundation/Console/KeyGenerateCommand.php(87): Illuminate/Foundation/Console/KeyGenerateCommand->writeNewEnvironmentFileWith()
#4 C:/Users/USER/Desktop/projet_tutore2/somagep/vendor/laravel/framework/src/Illuminate/Foundation/Console/KeyGenerateCommand.php(52): Illuminate/Foundation/Console/KeyGenerateCommand->setKeyInEnvironmentFile()
#5 C:/Users/USER/Desktop/projet_tutore2/somagep/vendor/laravel/framework/src/Illuminate/Container/BoundMethod.php(36): Illuminate/Foundation/Console/KeyGenerateCommand->handle()
#6 C:/Users/USER/Desktop/projet_tutore2/somagep/vendor/laravel/framework/src/Illuminate/Container/Util.php(43): Illuminate/Container/BoundMethod::{closure:Illuminate/Container/BoundMethod::call():35}()
#7 C:/Users/USER/Desktop/projet_tutore2/somagep/vendor/laravel/framework/src/Illuminate/Container/BoundMethod.php(96): Illuminate/Container/Util::unwrapIfClosure()
#8 C:/Users/USER/Desktop/projet_tutore2/somagep/vendor/laravel/framework/src/Illuminate/Container/BoundMethod.php(35): Illuminate/Container/BoundMethod::callBoundMethod()
#9 C:/Users/USER/Desktop/projet_tutore2/somagep/vendor/laravel/framework/src/Illuminate/Container/Container.php(799): Illuminate/Container/BoundMethod::call()
#10 C:/Users/USER/Desktop/projet_tutore2/somagep/vendor/laravel/framework/src/Illuminate/Console/Command.php(280): Illuminate/Container/Container->call()
#11 C:/Users/USER/Desktop/projet_tutore2/somagep/vendor/symfony/console/Command/Command.php(284): Illuminate/Console/Command->execute()
#12 C:/Users/USER/Desktop/projet_tutore2/somagep/vendor/laravel/framework/src/Illuminate/Console/Command.php(249): Symfony/Component/Console/Command/Command->run()
#13 C:/Users/USER/Desktop/projet_tutore2/somagep/vendor/symfony/console/Application.php(1144): Illuminate/Console/Command->run()
#14 C:/Users/USER/Desktop/projet_tutore2/somagep/vendor/symfony/console/Application.php(379): Symfony/Component/Console/Application->doRunCommand()
#15 C:/Users/USER/Desktop/projet_tutore2/somagep/vendor/symfony/console/Application.php(218): Symfony/Component/Console/Application->doRun()
#16 C:/Users/USER/Desktop/projet_tutore2/somagep/vendor/laravel/framework/src/Illuminate/Foundation/Console/Kernel.php(198): Symfony/Component/Console/Application->run()
#17 C:/Users/USER/Desktop/projet_tutore2/somagep/vendor/laravel/framework/src/Illuminate/Foundation/Application.php(1235): Illuminate/Foundation/Console/Kernel->handle()
#18 C:/Users/USER/Desktop/projet_tutore2/somagep/artisan(16): Illuminate/Foundation/Application->handleCommand()
#19 {main}
"} 
[2026-06-25 17:25:48] local.ERROR: SQLSTATE[42S02]: Base table or view not found: 1146 Table 'ditrack_db.sessions' doesn't exist (Connection: mysql, Host: 127.0.0.1, Port: 3306, Database: ditrack_db, SQL: select * from `sessions` where `id` = Gj5GBZuIym7NKZQCDJLIjIXUwkFEJnjRZlYYsGRH limit 1) {"exception":"[object] (Illuminate\\Database\\QueryException(code: 42S02): SQLSTATE[42S02]: Base table or view not found: 1146 Table 'ditrack_db.sessions' doesn't exist (Connection: mysql, Host: 127.0.0.1, Port: 3306, Database: ditrack_db, SQL: select * from `sessions` where `id` = Gj5GBZuIym7NKZQCDJLIjIXUwkFEJnjRZlYYsGRH limit 1) at C:/Users/USER/Desktop/projet_tutore2/somagep/vendor/laravel/framework/src/Illuminate/Database/Connection.php:857)
[stacktrace]
#0 C:/Users/USER/Desktop/projet_tutore2/somagep/vendor/laravel/framework/src/Illuminate/Database/Connection.php(813): Illuminate/Database/Connection->runQueryCallback()
#1 C:/Users/USER/Desktop/projet_tutore2/somagep/vendor/laravel/framework/src/Illuminate/Database/Connection.php(426): Illuminate/Database/Connection->run()
#2 C:/Users/USER/Desktop/projet_tutore2/somagep/vendor/laravel/framework/src/Illuminate/Database/Query/Builder.php(3573): Illuminate/Database/Connection->select()
#3 C:/Users/USER/Desktop/projet_tutore2/somagep/vendor/laravel/framework/src/Illuminate/Database/Query/Builder.php(3557): Illuminate/Database/Query/Builder->runSelect()
#4 C:/Users/USER/Desktop/projet_tutore2/somagep/vendor/laravel/framework/src/Illuminate/Database/Concerns/BuildsQueries.php(366): Illuminate/Database/Query/Builder->get()
#5 C:/Users/USER/Desktop/projet_tutore2/somagep/vendor/laravel/framework/src/Illuminate/Database/Query/Builder.php(3475): Illuminate/Database/Query/Builder->first()
#6 C:/Users/USER/Desktop/projet_tutore2/somagep/vendor/laravel/framework/src/Illuminate/Session/DatabaseSessionHandler.php(96): Illuminate/Database/Query/Builder->find()
#7 C:/Users/USER/Desktop/projet_tutore2/somagep/vendor/laravel/framework/src/Illuminate/Session/Store.php(128): Illuminate/Session/DatabaseSessionHandler->read()
#8 C:/Users/USER/Desktop/projet_tutore2/somagep/vendor/laravel/framework/src/Illuminate/Session/Store.php(116): Illuminate/Session/Store->readFromHandler()
#9 C:/Users/USER/Desktop/projet_tutore2/somagep/vendor/laravel/framework/src/Illuminate/Session/Store.php(100): Illuminate/Session/Store->loadSession()
#10 C:/Users/USER/Desktop/projet_tutore2/somagep/vendor/laravel/framework/src/Illuminate/Session/Middleware/StartSession.php(146): Illuminate/Session/Store->start()
#11 C:/Users/USER/Desktop/projet_tutore2/somagep/vendor/laravel/framework/src/Illuminate/Support/helpers.php(393): Illuminate/Session/Middleware/StartSession->{closure:Illuminate/Session/Middleware/StartSession::startSession():143}()
#12 C:/Users/USER/Desktop/projet_tutore2/somagep/vendor/laravel/framework/src/Illuminate/Session/Middleware/StartSession.php(143): tap()
#13 C:/Users/USER/Desktop/projet_tutore2/somagep/vendor/laravel/framework/src/Illuminate/Session/Middleware/StartSession.php(115): Illuminate/Session/Middleware/StartSession->startSession()
#14 C:/Users/USER/Desktop/projet_tutore2/somagep/vendor/laravel/framework/src/Illuminate/Session/Middleware/StartSession.php(63): Illuminate/Session/Middleware/StartSession->handleStatefulRequest()
#15 C:/Users/USER/Desktop/projet_tutore2/somagep/vendor/laravel/framework/src/Illuminate/Pipeline/Pipeline.php(219): Illuminate/Session/Middleware/StartSession->handle()
#16 C:/Users/USER/Desktop/projet_tutore2/somagep/vendor/laravel/framework/src/Illuminate/Cookie/Middleware/AddQueuedCookiesToResponse.php(36): Illuminate/Pipeline/Pipeline->{closure:{closure:Illuminate/Pipeline/Pipeline::carry():194}:195}()
#17 C:/Users/USER/Desktop/projet_tutore2/somagep/vendor/laravel/framework/src/Illuminate/Pipeline/Pipeline.php(219): Illuminate/Cookie/Middleware/AddQueuedCookiesToResponse->handle()
#18 C:/Users/USER/Desktop/projet_tutore2/somagep/vendor/laravel/framework/src/Illuminate/Cookie/Middleware/EncryptCookies.php(74): Illuminate/Pipeline/Pipeline->{closure:{closure:Illuminate/Pipeline/Pipeline::carry():194}:195}()
#19 C:/Users/USER/Desktop/projet_tutore2/somagep/vendor/laravel/framework/src/Illuminate/Pipeline/Pipeline.php(219): Illuminate/Cookie/Middleware/EncryptCookies->handle()
#20 C:/Users/USER/Desktop/projet_tutore2/somagep/vendor/laravel/framework/src/Illuminate/Pipeline/Pipeline.php(137): Illuminate/Pipeline/Pipeline->{closure:{closure:Illuminate/Pipeline/Pipeline::carry():194}:195}()
#21 C:/Users/USER/Desktop/projet_tutore2/somagep/vendor/laravel/framework/src/Illuminate/Routing/Router.php(821): Illuminate/Pipeline/Pipeline->then()
#22 C:/Users/USER/Desktop/projet_tutore2/somagep/vendor/laravel/framework/src/Illuminate/Routing/Router.php(800): Illuminate/Routing/Router->runRouteWithinStack()
#23 C:/Users/USER/Desktop/projet_tutore2/somagep/vendor/laravel/framework/src/Illuminate/Routing/Router.php(764): Illuminate/Routing/Router->runRoute()
#24 C:/Users/USER/Desktop/projet_tutore2/somagep/vendor/laravel/framework/src/Illuminate/Routing/Router.php(753): Illuminate/Routing/Router->dispatchToRoute()
#25 C:/Users/USER/Desktop/projet_tutore2/somagep/vendor/laravel/framework/src/Illuminate/Foundation/Http/Kernel.php(200): Illuminate/Routing/Router->dispatch()
#26 C:/Users/USER/Desktop/projet_tutore2/somagep/vendor/laravel/framework/src/Illuminate/Pipeline/Pipeline.php(180): Illuminate/Foundation/Http/Kernel->{closure:Illuminate/Foundation/Http/Kernel::dispatchToRouter():197}()
#27 C:/Users/USER/Desktop/projet_tutore2/somagep/vendor/laravel/framework/src/Illuminate/Foundation/Http/Middleware/TransformsRequest.php(21): Illuminate/Pipeline/Pipeline->{closure:Illuminate/Pipeline/Pipeline::prepareDestination():178}()
#28 C:/Users/USER/Desktop/projet_tutore2/somagep/vendor/laravel/framework/src/Illuminate/Foundation/Http/Middleware/ConvertEmptyStringsToNull.php(31): Illuminate/Foundation/Http/Middleware/TransformsRequest->handle()
#29 C:/Users/USER/Desktop/projet_tutore2/somagep/vendor/laravel/framework/src/Illuminate/Pipeline/Pipeline.php(219): Illuminate/Foundation/Http/Middleware/ConvertEmptyStringsToNull->handle()
#30 C:/Users/USER/Desktop/projet_tutore2/somagep/vendor/laravel/framework/src/Illuminate/Foundation/Http/Middleware/TransformsRequest.php(21): Illuminate/Pipeline/Pipeline->{closure:{closure:Illuminate/Pipeline/Pipeline::carry():194}:195}()
#31 C:/Users/USER/Desktop/projet_tutore2/somagep/vendor/laravel/framework/src/Illuminate/Foundation/Http/Middleware/TrimStrings.php(51): Illuminate/Foundation/Http/Middleware/TransformsRequest->handle()
#32 C:/Users/USER/Desktop/projet_tutore2/somagep/vendor/laravel/framework/src/Illuminate/Pipeline/Pipeline.php(219): Illuminate/Foundation/Http/Middleware/TrimStrings->handle()
#33 C:/Users/USER/Desktop/projet_tutore2/somagep/vendor/laravel/framework/src/Illuminate/Http/Middleware/ValidatePostSize.php(27): Illuminate/Pipeline/Pipeline->{closure:{closure:Illuminate/Pipeline/Pipeline::carry():194}:195}()
#34 C:/Users/USER/Desktop/projet_tutore2/somagep/vendor/laravel/framework/src/Illuminate/Pipeline/Pipeline.php(219): Illuminate/Http/Middleware/ValidatePostSize->handle()
#35 C:/Users/USER/Desktop/projet_tutore2/somagep/vendor/laravel/framework/src/Illuminate/Foundation/Http/Middleware/PreventRequestsDuringMaintenance.php(109): Illuminate/Pipeline/Pipeline->{closure:{closure:Illuminate/Pipeline/Pipeline::carry():194}:195}()
#36 C:/Users/USER/Desktop/projet_tutore2/somagep/vendor/laravel/framework/src/Illuminate/Pipeline/Pipeline.php(219): Illuminate/Foundation/Http/Middleware/PreventRequestsDuringMaintenance->handle()
#37 C:/Users/USER/Desktop/projet_tutore2/somagep/vendor/laravel/framework/src/Illuminate/Http/Middleware/HandleCors.php(61): Illuminate/Pipeline/Pipeline->{closure:{closure:Illuminate/Pipeline/Pipeline::carry():194}:195}()
#38 C:/Users/USER/Desktop/projet_tutore2/somagep/vendor/laravel/framework/src/Illuminate/Pipeline/Pipeline.php(219): Illuminate/Http/Middleware/HandleCors->handle()
#39 C:/Users/USER/Desktop/projet_tutore2/somagep/vendor/laravel/framework/src/Illuminate/Http/Middleware/TrustProxies.php(58): Illuminate/Pipeline/Pipeline->{closure:{closure:Illuminate/Pipeline/Pipeline::carry():194}:195}()
#40 C:/Users/USER/Desktop/projet_tutore2/somagep/vendor/laravel/framework/src/Illuminate/Pipeline/Pipeline.php(219): Illuminate/Http/Middleware/TrustProxies->handle()
#41 C:/Users/USER/Desktop/projet_tutore2/somagep/vendor/laravel/framework/src/Illuminate/Foundation/Http/Middleware/InvokeDeferredCallbacks.php(22): Illuminate/Pipeline/Pipeline->{closure:{closure:Illuminate/Pipeline/Pipeline::carry():194}:195}()
#42 C:/Users/USER/Desktop/projet_tutore2/somagep/vendor/laravel/framework/src/Illuminate/Pipeline/Pipeline.php(219): Illuminate/Foundation/Http/Middleware/InvokeDeferredCallbacks->handle()
#43 C:/Users/USER/Desktop/projet_tutore2/somagep/vendor/laravel/framework/src/Illuminate/Http/Middleware/ValidatePathEncoding.php(28): Illuminate/Pipeline/Pipeline->{closure:{closure:Illuminate/Pipeline/Pipeline::carry():194}:195}()
#44 C:/Users/USER/Desktop/projet_tutore2/somagep/vendor/laravel/framework/src/Illuminate/Pipeline/Pipeline.php(219): Illuminate/Http/Middleware/ValidatePathEncoding->handle()
#45 C:/Users/USER/Desktop/projet_tutore2/somagep/vendor/laravel/framework/src/Illuminate/Pipeline/Pipeline.php(137): Illuminate/Pipeline/Pipeline->{closure:{closure:Illuminate/Pipeline/Pipeline::carry():194}:195}()
#46 C:/Users/USER/Desktop/projet_tutore2/somagep/vendor/laravel/framework/src/Illuminate/Foundation/Http/Kernel.php(175): Illuminate/Pipeline/Pipeline->then()
#47 C:/Users/USER/Desktop/projet_tutore2/somagep/vendor/laravel/framework/src/Illuminate/Foundation/Http/Kernel.php(144): Illuminate/Foundation/Http/Kernel->sendRequestThroughRouter()
#48 C:/Users/USER/Desktop/projet_tutore2/somagep/vendor/laravel/framework/src/Illuminate/Foundation/Application.php(1220): Illuminate/Foundation/Http/Kernel->handle()
#49 C:/Users/USER/Desktop/projet_tutore2/somagep/public/index.php(20): Illuminate/Foundation/Application->handleRequest()
#50 C:/Users/USER/Desktop/projet_tutore2/somagep/vendor/laravel/framework/src/Illuminate/Foundation/resources/server.php(23): require_once('...')
#51 {main}

[previous exception] [object] (PDOException(code: 42S02): SQLSTATE[42S02]: Base table or view not found: 1146 Table 'ditrack_db.sessions' doesn't exist at C:/Users/USER/Desktop/projet_tutore2/somagep/vendor/laravel/framework/src/Illuminate/Database/Connection.php:435)
[stacktrace]
#0 C:/Users/USER/Desktop/projet_tutore2/somagep/vendor/laravel/framework/src/Illuminate/Database/Connection.php(435): PDO->prepare()
#1 C:/Users/USER/Desktop/projet_tutore2/somagep/vendor/laravel/framework/src/Illuminate/Database/Connection.php(846): Illuminate/Database/Connection->{closure:Illuminate/Database/Connection::select():426}()
#2 C:/Users/USER/Desktop/projet_tutore2/somagep/vendor/laravel/framework/src/Illuminate/Database/Connection.php(813): Illuminate/Database/Connection->runQueryCallback()
#3 C:/Users/USER/Desktop/projet_tutore2/somagep/vendor/laravel/framework/src/Illuminate/Database/Connection.php(426): Illuminate/Database/Connection->run()
#4 C:/Users/USER/Desktop/projet_tutore2/somagep/vendor/laravel/framework/src/Illuminate/Database/Query/Builder.php(3573): Illuminate/Database/Connection->select()
#5 C:/Users/USER/Desktop/projet_tutore2/somagep/vendor/laravel/framework/src/Illuminate/Database/Query/Builder.php(3557): Illuminate/Database/Query/Builder->runSelect()
#6 C:/Users/USER/Desktop/projet_tutore2/somagep/vendor/laravel/framework/src/Illuminate/Database/Concerns/BuildsQueries.php(366): Illuminate/Database/Query/Builder->get()
#7 C:/Users/USER/Desktop/projet_tutore2/somagep/vendor/laravel/framework/src/Illuminate/Database/Query/Builder.php(3475): Illuminate/Database/Query/Builder->first()
#8 C:/Users/USER/Desktop/projet_tutore2/somagep/vendor/laravel/framework/src/Illuminate/Session/DatabaseSessionHandler.php(96): Illuminate/Database/Query/Builder->find()
#9 C:/Users/USER/Desktop/projet_tutore2/somagep/vendor/laravel/framework/src/Illuminate/Session/Store.php(128): Illuminate/Session/DatabaseSessionHandler->read()
#10 C:/Users/USER/Desktop/projet_tutore2/somagep/vendor/laravel/framework/src/Illuminate/Session/Store.php(116): Illuminate/Session/Store->readFromHandler()
#11 C:/Users/USER/Desktop/projet_tutore2/somagep/vendor/laravel/framework/src/Illuminate/Session/Store.php(100): Illuminate/Session/Store->loadSession()
#12 C:/Users/USER/Desktop/projet_tutore2/somagep/vendor/laravel/framework/src/Illuminate/Session/Middleware/StartSession.php(146): Illuminate/Session/Store->start()
#13 C:/Users/USER/Desktop/projet_tutore2/somagep/vendor/laravel/framework/src/Illuminate/Support/helpers.php(393): Illuminate/Session/Middleware/StartSession->{closure:Illuminate/Session/Middleware/StartSession::startSession():143}()
#14 C:/Users/USER/Desktop/projet_tutore2/somagep/vendor/laravel/framework/src/Illuminate/Session/Middleware/StartSession.php(143): tap()
#15 C:/Users/USER/Desktop/projet_tutore2/somagep/vendor/laravel/framework/src/Illuminate/Session/Middleware/StartSession.php(115): Illuminate/Session/Middleware/StartSession->startSession()
#16 C:/Users/USER/Desktop/projet_tutore2/somagep/vendor/laravel/framework/src/Illuminate/Session/Middleware/StartSession.php(63): Illuminate/Session/Middleware/StartSession->handleStatefulRequest()
#17 C:/Users/USER/Desktop/projet_tutore2/somagep/vendor/laravel/framework/src/Illuminate/Pipeline/Pipeline.php(219): Illuminate/Session/Middleware/StartSession->handle()
#18 C:/Users/USER/Desktop/projet_tutore2/somagep/vendor/laravel/framework/src/Illuminate/Cookie/Middleware/AddQueuedCookiesToResponse.php(36): Illuminate/Pipeline/Pipeline->{closure:{closure:Illuminate/Pipeline/Pipeline::carry():194}:195}()
#19 C:/Users/USER/Desktop/projet_tutore2/somagep/vendor/laravel/framework/src/Illuminate/Pipeline/Pipeline.php(219): Illuminate/Cookie/Middleware/AddQueuedCookiesToResponse->handle()
#20 C:/Users/USER/Desktop/projet_tutore2/somagep/vendor/laravel/framework/src/Illuminate/Cookie/Middleware/EncryptCookies.php(74): Illuminate/Pipeline/Pipeline->{closure:{closure:Illuminate/Pipeline/Pipeline::carry():194}:195}()
#21 C:/Users/USER/Desktop/projet_tutore2/somagep/vendor/laravel/framework/src/Illuminate/Pipeline/Pipeline.php(219): Illuminate/Cookie/Middleware/EncryptCookies->handle()
#22 C:/Users/USER/Desktop/projet_tutore2/somagep/vendor/laravel/framework/src/Illuminate/Pipeline/Pipeline.php(137): Illuminate/Pipeline/Pipeline->{closure:{closure:Illuminate/Pipeline/Pipeline::carry():194}:195}()
#23 C:/Users/USER/Desktop/projet_tutore2/somagep/vendor/laravel/framework/src/Illuminate/Routing/Router.php(821): Illuminate/Pipeline/Pipeline->then()
#24 C:/Users/USER/Desktop/projet_tutore2/somagep/vendor/laravel/framework/src/Illuminate/Routing/Router.php(800): Illuminate/Routing/Router->runRouteWithinStack()
#25 C:/Users/USER/Desktop/projet_tutore2/somagep/vendor/laravel/framework/src/Illuminate/Routing/Router.php(764): Illuminate/Routing/Router->runRoute()
#26 C:/Users/USER/Desktop/projet_tutore2/somagep/vendor/laravel/framework/src/Illuminate/Routing/Router.php(753): Illuminate/Routing/Router->dispatchToRoute()
#27 C:/Users/USER/Desktop/projet_tutore2/somagep/vendor/laravel/framework/src/Illuminate/Foundation/Http/Kernel.php(200): Illuminate/Routing/Router->dispatch()
#28 C:/Users/USER/Desktop/projet_tutore2/somagep/vendor/laravel/framework/src/Illuminate/Pipeline/Pipeline.php(180): Illuminate/Foundation/Http/Kernel->{closure:Illuminate/Foundation/Http/Kernel::dispatchToRouter():197}()
#29 C:/Users/USER/Desktop/projet_tutore2/somagep/vendor/laravel/framework/src/Illuminate/Foundation/Http/Middleware/TransformsRequest.php(21): Illuminate/Pipeline/Pipeline->{closure:Illuminate/Pipeline/Pipeline::prepareDestination():178}()
#30 C:/Users/USER/Desktop/projet_tutore2/somagep/vendor/laravel/framework/src/Illuminate/Foundation/Http/Middleware/ConvertEmptyStringsToNull.php(31): Illuminate/Foundation/Http/Middleware/TransformsRequest->handle()
#31 C:/Users/USER/Desktop/projet_tutore2/somagep/vendor/laravel/framework/src/Illuminate/Pipeline/Pipeline.php(219): Illuminate/Foundation/Http/Middleware/ConvertEmptyStringsToNull->handle()
#32 C:/Users/USER/Desktop/projet_tutore2/somagep/vendor/laravel/framework/src/Illuminate/Foundation/Http/Middleware/TransformsRequest.php(21): Illuminate/Pipeline/Pipeline->{closure:{closure:Illuminate/Pipeline/Pipeline::carry():194}:195}()
#33 C:/Users/USER/Desktop/projet_tutore2/somagep/vendor/laravel/framework/src/Illuminate/Foundation/Http/Middleware/TrimStrings.php(51): Illuminate/Foundation/Http/Middleware/TransformsRequest->handle()
#34 C:/Users/USER/Desktop/projet_tutore2/somagep/vendor/laravel/framework/src/Illuminate/Pipeline/Pipeline.php(219): Illuminate/Foundation/Http/Middleware/TrimStrings->handle()
#35 C:/Users/USER/Desktop/projet_tutore2/somagep/vendor/laravel/framework/src/Illuminate/Http/Middleware/ValidatePostSize.php(27): Illuminate/Pipeline/Pipeline->{closure:{closure:Illuminate/Pipeline/Pipeline::carry():194}:195}()
#36 C:/Users/USER/Desktop/projet_tutore2/somagep/vendor/laravel/framework/src/Illuminate/Pipeline/Pipeline.php(219): Illuminate/Http/Middleware/ValidatePostSize->handle()
#37 C:/Users/USER/Desktop/projet_tutore2/somagep/vendor/laravel/framework/src/Illuminate/Foundation/Http/Middleware/PreventRequestsDuringMaintenance.php(109): Illuminate/Pipeline/Pipeline->{closure:{closure:Illuminate/Pipeline/Pipeline::carry():194}:195}()
#38 C:/Users/USER/Desktop/projet_tutore2/somagep/vendor/laravel/framework/src/Illuminate/Pipeline/Pipeline.php(219): Illuminate/Foundation/Http/Middleware/PreventRequestsDuringMaintenance->handle()
#39 C:/Users/USER/Desktop/projet_tutore2/somagep/vendor/laravel/framework/src/Illuminate/Http/Middleware/HandleCors.php(61): Illuminate/Pipeline/Pipeline->{closure:{closure:Illuminate/Pipeline/Pipeline::carry():194}:195}()
#40 C:/Users/USER/Desktop/projet_tutore2/somagep/vendor/laravel/framework/src/Illuminate/Pipeline/Pipeline.php(219): Illuminate/Http/Middleware/HandleCors->handle()
#41 C:/Users/USER/Desktop/projet_tutore2/somagep/vendor/laravel/framework/src/Illuminate/Http/Middleware/TrustProxies.php(58): Illuminate/Pipeline/Pipeline->{closure:{closure:Illuminate/Pipeline/Pipeline::carry():194}:195}()
#42 C:/Users/USER/Desktop/projet_tutore2/somagep/vendor/laravel/framework/src/Illuminate/Pipeline/Pipeline.php(219): Illuminate/Http/Middleware/TrustProxies->handle()
#43 C:/Users/USER/Desktop/projet_tutore2/somagep/vendor/laravel/framework/src/Illuminate/Foundation/Http/Middleware/InvokeDeferredCallbacks.php(22): Illuminate/Pipeline/Pipeline->{closure:{closure:Illuminate/Pipeline/Pipeline::carry():194}:195}()
#44 C:/Users/USER/Desktop/projet_tutore2/somagep/vendor/laravel/framework/src/Illuminate/Pipeline/Pipeline.php(219): Illuminate/Foundation/Http/Middleware/InvokeDeferredCallbacks->handle()
#45 C:/Users/USER/Desktop/projet_tutore2/somagep/vendor/laravel/framework/src/Illuminate/Http/Middleware/ValidatePathEncoding.php(28): Illuminate/Pipeline/Pipeline->{closure:{closure:Illuminate/Pipeline/Pipeline::carry():194}:195}()
#46 C:/Users/USER/Desktop/projet_tutore2/somagep/vendor/laravel/framework/src/Illuminate/Pipeline/Pipeline.php(219): Illuminate/Http/Middleware/ValidatePathEncoding->handle()
#47 C:/Users/USER/Desktop/projet_tutore2/somagep/vendor/laravel/framework/src/Illuminate/Pipeline/Pipeline.php(137): Illuminate/Pipeline/Pipeline->{closure:{closure:Illuminate/Pipeline/Pipeline::carry():194}:195}()
#48 C:/Users/USER/Desktop/projet_tutore2/somagep/vendor/laravel/framework/src/Illuminate/Foundation/Http/Kernel.php(175): Illuminate/Pipeline/Pipeline->then()
#49 C:/Users/USER/Desktop/projet_tutore2/somagep/vendor/laravel/framework/src/Illuminate/Foundation/Http/Kernel.php(144): Illuminate/Foundation/Http/Kernel->sendRequestThroughRouter()
#50 C:/Users/USER/Desktop/projet_tutore2/somagep/vendor/laravel/framework/src/Illuminate/Foundation/Application.php(1220): Illuminate/Foundation/Http/Kernel->handle()
#51 C:/Users/USER/Desktop/projet_tutore2/somagep/public/index.php(20): Illuminate/Foundation/Application->handleRequest()
#52 C:/Users/USER/Desktop/projet_tutore2/somagep/vendor/laravel/framework/src/Illuminate/Foundation/resources/server.php(23): require_once('...')
#53 {main}
"} 
[2026-06-25 17:26:58] local.ERROR: SQLSTATE[42S02]: Base table or view not found: 1146 Table 'ditrack_db.sessions' doesn't exist (Connection: mysql, Host: 127.0.0.1, Port: 3306, Database: ditrack_db, SQL: select * from `sessions` where `id` = MHVv3yOPZe9WWkEgvvh22ZiurM1fKWrRFdJXtnpv limit 1) {"exception":"[object] (Illuminate\\Database\\QueryException(code: 42S02): SQLSTATE[42S02]: Base table or view not found: 1146 Table 'ditrack_db.sessions' doesn't exist (Connection: mysql, Host: 127.0.0.1, Port: 3306, Database: ditrack_db, SQL: select * from `sessions` where `id` = MHVv3yOPZe9WWkEgvvh22ZiurM1fKWrRFdJXtnpv limit 1) at C:/Users/USER/Desktop/projet_tutore2/somagep/vendor/laravel/framework/src/Illuminate/Database/Connection.php:857)
[stacktrace]
#0 C:/Users/USER/Desktop/projet_tutore2/somagep/vendor/laravel/framework/src/Illuminate/Database/Connection.php(813): Illuminate/Database/Connection->runQueryCallback()
#1 C:/Users/USER/Desktop/projet_tutore2/somagep/vendor/laravel/framework/src/Illuminate/Database/Connection.php(426): Illuminate/Database/Connection->run()
#2 C:/Users/USER/Desktop/projet_tutore2/somagep/vendor/laravel/framework/src/Illuminate/Database/Query/Builder.php(3573): Illuminate/Database/Connection->select()
#3 C:/Users/USER/Desktop/projet_tutore2/somagep/vendor/laravel/framework/src/Illuminate/Database/Query/Builder.php(3557): Illuminate/Database/Query/Builder->runSelect()
#4 C:/Users/USER/Desktop/projet_tutore2/somagep/vendor/laravel/framework/src/Illuminate/Database/Concerns/BuildsQueries.php(366): Illuminate/Database/Query/Builder->get()
#5 C:/Users/USER/Desktop/projet_tutore2/somagep/vendor/laravel/framework/src/Illuminate/Database/Query/Builder.php(3475): Illuminate/Database/Query/Builder->first()
#6 C:/Users/USER/Desktop/projet_tutore2/somagep/vendor/laravel/framework/src/Illuminate/Session/DatabaseSessionHandler.php(96): Illuminate/Database/Query/Builder->find()
#7 C:/Users/USER/Desktop/projet_tutore2/somagep/vendor/laravel/framework/src/Illuminate/Session/Store.php(128): Illuminate/Session/DatabaseSessionHandler->read()
#8 C:/Users/USER/Desktop/projet_tutore2/somagep/vendor/laravel/framework/src/Illuminate/Session/Store.php(116): Illuminate/Session/Store->readFromHandler()
#9 C:/Users/USER/Desktop/projet_tutore2/somagep/vendor/laravel/framework/src/Illuminate/Session/Store.php(100): Illuminate/Session/Store->loadSession()
#10 C:/Users/USER/Desktop/projet_tutore2/somagep/vendor/laravel/framework/src/Illuminate/Session/Middleware/StartSession.php(146): Illuminate/Session/Store->start()
#11 C:/Users/USER/Desktop/projet_tutore2/somagep/vendor/laravel/framework/src/Illuminate/Support/helpers.php(393): Illuminate/Session/Middleware/StartSession->{closure:Illuminate/Session/Middleware/StartSession::startSession():143}()
#12 C:/Users/USER/Desktop/projet_tutore2/somagep/vendor/laravel/framework/src/Illuminate/Session/Middleware/StartSession.php(143): tap()
#13 C:/Users/USER/Desktop/projet_tutore2/somagep/vendor/laravel/framework/src/Illuminate/Session/Middleware/StartSession.php(115): Illuminate/Session/Middleware/StartSession->startSession()
#14 C:/Users/USER/Desktop/projet_tutore2/somagep/vendor/laravel/framework/src/Illuminate/Session/Middleware/StartSession.php(63): Illuminate/Session/Middleware/StartSession->handleStatefulRequest()
#15 C:/Users/USER/Desktop/projet_tutore2/somagep/vendor/laravel/framework/src/Illuminate/Pipeline/Pipeline.php(219): Illuminate/Session/Middleware/StartSession->handle()
#16 C:/Users/USER/Desktop/projet_tutore2/somagep/vendor/laravel/framework/src/Illuminate/Cookie/Middleware/AddQueuedCookiesToResponse.php(36): Illuminate/Pipeline/Pipeline->{closure:{closure:Illuminate/Pipeline/Pipeline::carry():194}:195}()
#17 C:/Users/USER/Desktop/projet_tutore2/somagep/vendor/laravel/framework/src/Illuminate/Pipeline/Pipeline.php(219): Illuminate/Cookie/Middleware/AddQueuedCookiesToResponse->handle()
#18 C:/Users/USER/Desktop/projet_tutore2/somagep/vendor/laravel/framework/src/Illuminate/Cookie/Middleware/EncryptCookies.php(74): Illuminate/Pipeline/Pipeline->{closure:{closure:Illuminate/Pipeline/Pipeline::carry():194}:195}()
#19 C:/Users/USER/Desktop/projet_tutore2/somagep/vendor/laravel/framework/src/Illuminate/Pipeline/Pipeline.php(219): Illuminate/Cookie/Middleware/EncryptCookies->handle()
#20 C:/Users/USER/Desktop/projet_tutore2/somagep/vendor/laravel/framework/src/Illuminate/Pipeline/Pipeline.php(137): Illuminate/Pipeline/Pipeline->{closure:{closure:Illuminate/Pipeline/Pipeline::carry():194}:195}()
#21 C:/Users/USER/Desktop/projet_tutore2/somagep/vendor/laravel/framework/src/Illuminate/Routing/Router.php(821): Illuminate/Pipeline/Pipeline->then()
#22 C:/Users/USER/Desktop/projet_tutore2/somagep/vendor/laravel/framework/src/Illuminate/Routing/Router.php(800): Illuminate/Routing/Router->runRouteWithinStack()
#23 C:/Users/USER/Desktop/projet_tutore2/somagep/vendor/laravel/framework/src/Illuminate/Routing/Router.php(764): Illuminate/Routing/Router->runRoute()
#24 C:/Users/USER/Desktop/projet_tutore2/somagep/vendor/laravel/framework/src/Illuminate/Routing/Router.php(753): Illuminate/Routing/Router->dispatchToRoute()
#25 C:/Users/USER/Desktop/projet_tutore2/somagep/vendor/laravel/framework/src/Illuminate/Foundation/Http/Kernel.php(200): Illuminate/Routing/Router->dispatch()
#26 C:/Users/USER/Desktop/projet_tutore2/somagep/vendor/laravel/framework/src/Illuminate/Pipeline/Pipeline.php(180): Illuminate/Foundation/Http/Kernel->{closure:Illuminate/Foundation/Http/Kernel::dispatchToRouter():197}()
#27 C:/Users/USER/Desktop/projet_tutore2/somagep/vendor/laravel/framework/src/Illuminate/Foundation/Http/Middleware/TransformsRequest.php(21): Illuminate/Pipeline/Pipeline->{closure:Illuminate/Pipeline/Pipeline::prepareDestination():178}()
#28 C:/Users/USER/Desktop/projet_tutore2/somagep/vendor/laravel/framework/src/Illuminate/Foundation/Http/Middleware/ConvertEmptyStringsToNull.php(31): Illuminate/Foundation/Http/Middleware/TransformsRequest->handle()
#29 C:/Users/USER/Desktop/projet_tutore2/somagep/vendor/laravel/framework/src/Illuminate/Pipeline/Pipeline.php(219): Illuminate/Foundation/Http/Middleware/ConvertEmptyStringsToNull->handle()
#30 C:/Users/USER/Desktop/projet_tutore2/somagep/vendor/laravel/framework/src/Illuminate/Foundation/Http/Middleware/TransformsRequest.php(21): Illuminate/Pipeline/Pipeline->{closure:{closure:Illuminate/Pipeline/Pipeline::carry():194}:195}()
#31 C:/Users/USER/Desktop/projet_tutore2/somagep/vendor/laravel/framework/src/Illuminate/Foundation/Http/Middleware/TrimStrings.php(51): Illuminate/Foundation/Http/Middleware/TransformsRequest->handle()
#32 C:/Users/USER/Desktop/projet_tutore2/somagep/vendor/laravel/framework/src/Illuminate/Pipeline/Pipeline.php(219): Illuminate/Foundation/Http/Middleware/TrimStrings->handle()
#33 C:/Users/USER/Desktop/projet_tutore2/somagep/vendor/laravel/framework/src/Illuminate/Http/Middleware/ValidatePostSize.php(27): Illuminate/Pipeline/Pipeline->{closure:{closure:Illuminate/Pipeline/Pipeline::carry():194}:195}()
#34 C:/Users/USER/Desktop/projet_tutore2/somagep/vendor/laravel/framework/src/Illuminate/Pipeline/Pipeline.php(219): Illuminate/Http/Middleware/ValidatePostSize->handle()
#35 C:/Users/USER/Desktop/projet_tutore2/somagep/vendor/laravel/framework/src/Illuminate/Foundation/Http/Middleware/PreventRequestsDuringMaintenance.php(109): Illuminate/Pipeline/Pipeline->{closure:{closure:Illuminate/Pipeline/Pipeline::carry():194}:195}()
#36 C:/Users/USER/Desktop/projet_tutore2/somagep/vendor/laravel/framework/src/Illuminate/Pipeline/Pipeline.php(219): Illuminate/Foundation/Http/Middleware/PreventRequestsDuringMaintenance->handle()
#37 C:/Users/USER/Desktop/projet_tutore2/somagep/vendor/laravel/framework/src/Illuminate/Http/Middleware/HandleCors.php(61): Illuminate/Pipeline/Pipeline->{closure:{closure:Illuminate/Pipeline/Pipeline::carry():194}:195}()
#38 C:/Users/USER/Desktop/projet_tutore2/somagep/vendor/laravel/framework/src/Illuminate/Pipeline/Pipeline.php(219): Illuminate/Http/Middleware/HandleCors->handle()
#39 C:/Users/USER/Desktop/projet_tutore2/somagep/vendor/laravel/framework/src/Illuminate/Http/Middleware/TrustProxies.php(58): Illuminate/Pipeline/Pipeline->{closure:{closure:Illuminate/Pipeline/Pipeline::carry():194}:195}()
#40 C:/Users/USER/Desktop/projet_tutore2/somagep/vendor/laravel/framework/src/Illuminate/Pipeline/Pipeline.php(219): Illuminate/Http/Middleware/TrustProxies->handle()
#41 C:/Users/USER/Desktop/projet_tutore2/somagep/vendor/laravel/framework/src/Illuminate/Foundation/Http/Middleware/InvokeDeferredCallbacks.php(22): Illuminate/Pipeline/Pipeline->{closure:{closure:Illuminate/Pipeline/Pipeline::carry():194}:195}()
#42 C:/Users/USER/Desktop/projet_tutore2/somagep/vendor/laravel/framework/src/Illuminate/Pipeline/Pipeline.php(219): Illuminate/Foundation/Http/Middleware/InvokeDeferredCallbacks->handle()
#43 C:/Users/USER/Desktop/projet_tutore2/somagep/vendor/laravel/framework/src/Illuminate/Http/Middleware/ValidatePathEncoding.php(28): Illuminate/Pipeline/Pipeline->{closure:{closure:Illuminate/Pipeline/Pipeline::carry():194}:195}()
#44 C:/Users/USER/Desktop/projet_tutore2/somagep/vendor/laravel/framework/src/Illuminate/Pipeline/Pipeline.php(219): Illuminate/Http/Middleware/ValidatePathEncoding->handle()
#45 C:/Users/USER/Desktop/projet_tutore2/somagep/vendor/laravel/framework/src/Illuminate/Pipeline/Pipeline.php(137): Illuminate/Pipeline/Pipeline->{closure:{closure:Illuminate/Pipeline/Pipeline::carry():194}:195}()
#46 C:/Users/USER/Desktop/projet_tutore2/somagep/vendor/laravel/framework/src/Illuminate/Foundation/Http/Kernel.php(175): Illuminate/Pipeline/Pipeline->then()
#47 C:/Users/USER/Desktop/projet_tutore2/somagep/vendor/laravel/framework/src/Illuminate/Foundation/Http/Kernel.php(144): Illuminate/Foundation/Http/Kernel->sendRequestThroughRouter()
#48 C:/Users/USER/Desktop/projet_tutore2/somagep/vendor/laravel/framework/src/Illuminate/Foundation/Application.php(1220): Illuminate/Foundation/Http/Kernel->handle()
#49 C:/Users/USER/Desktop/projet_tutore2/somagep/public/index.php(20): Illuminate/Foundation/Application->handleRequest()
#50 C:/Users/USER/Desktop/projet_tutore2/somagep/vendor/laravel/framework/src/Illuminate/Foundation/resources/server.php(23): require_once('...')
#51 {main}

[previous exception] [object] (PDOException(code: 42S02): SQLSTATE[42S02]: Base table or view not found: 1146 Table 'ditrack_db.sessions' doesn't exist at C:/Users/USER/Desktop/projet_tutore2/somagep/vendor/laravel/framework/src/Illuminate/Database/Connection.php:435)
[stacktrace]
#0 C:/Users/USER/Desktop/projet_tutore2/somagep/vendor/laravel/framework/src/Illuminate/Database/Connection.php(435): PDO->prepare()
#1 C:/Users/USER/Desktop/projet_tutore2/somagep/vendor/laravel/framework/src/Illuminate/Database/Connection.php(846): Illuminate/Database/Connection->{closure:Illuminate/Database/Connection::select():426}()
#2 C:/Users/USER/Desktop/projet_tutore2/somagep/vendor/laravel/framework/src/Illuminate/Database/Connection.php(813): Illuminate/Database/Connection->runQueryCallback()
#3 C:/Users/USER/Desktop/projet_tutore2/somagep/vendor/laravel/framework/src/Illuminate/Database/Connection.php(426): Illuminate/Database/Connection->run()
#4 C:/Users/USER/Desktop/projet_tutore2/somagep/vendor/laravel/framework/src/Illuminate/Database/Query/Builder.php(3573): Illuminate/Database/Connection->select()
#5 C:/Users/USER/Desktop/projet_tutore2/somagep/vendor/laravel/framework/src/Illuminate/Database/Query/Builder.php(3557): Illuminate/Database/Query/Builder->runSelect()
#6 C:/Users/USER/Desktop/projet_tutore2/somagep/vendor/laravel/framework/src/Illuminate/Database/Concerns/BuildsQueries.php(366): Illuminate/Database/Query/Builder->get()
#7 C:/Users/USER/Desktop/projet_tutore2/somagep/vendor/laravel/framework/src/Illuminate/Database/Query/Builder.php(3475): Illuminate/Database/Query/Builder->first()
#8 C:/Users/USER/Desktop/projet_tutore2/somagep/vendor/laravel/framework/src/Illuminate/Session/DatabaseSessionHandler.php(96): Illuminate/Database/Query/Builder->find()
#9 C:/Users/USER/Desktop/projet_tutore2/somagep/vendor/laravel/framework/src/Illuminate/Session/Store.php(128): Illuminate/Session/DatabaseSessionHandler->read()
#10 C:/Users/USER/Desktop/projet_tutore2/somagep/vendor/laravel/framework/src/Illuminate/Session/Store.php(116): Illuminate/Session/Store->readFromHandler()
#11 C:/Users/USER/Desktop/projet_tutore2/somagep/vendor/laravel/framework/src/Illuminate/Session/Store.php(100): Illuminate/Session/Store->loadSession()
#12 C:/Users/USER/Desktop/projet_tutore2/somagep/vendor/laravel/framework/src/Illuminate/Session/Middleware/StartSession.php(146): Illuminate/Session/Store->start()
#13 C:/Users/USER/Desktop/projet_tutore2/somagep/vendor/laravel/framework/src/Illuminate/Support/helpers.php(393): Illuminate/Session/Middleware/StartSession->{closure:Illuminate/Session/Middleware/StartSession::startSession():143}()
#14 C:/Users/USER/Desktop/projet_tutore2/somagep/vendor/laravel/framework/src/Illuminate/Session/Middleware/StartSession.php(143): tap()
#15 C:/Users/USER/Desktop/projet_tutore2/somagep/vendor/laravel/framework/src/Illuminate/Session/Middleware/StartSession.php(115): Illuminate/Session/Middleware/StartSession->startSession()
#16 C:/Users/USER/Desktop/projet_tutore2/somagep/vendor/laravel/framework/src/Illuminate/Session/Middleware/StartSession.php(63): Illuminate/Session/Middleware/StartSession->handleStatefulRequest()
#17 C:/Users/USER/Desktop/projet_tutore2/somagep/vendor/laravel/framework/src/Illuminate/Pipeline/Pipeline.php(219): Illuminate/Session/Middleware/StartSession->handle()
#18 C:/Users/USER/Desktop/projet_tutore2/somagep/vendor/laravel/framework/src/Illuminate/Cookie/Middleware/AddQueuedCookiesToResponse.php(36): Illuminate/Pipeline/Pipeline->{closure:{closure:Illuminate/Pipeline/Pipeline::carry():194}:195}()
#19 C:/Users/USER/Desktop/projet_tutore2/somagep/vendor/laravel/framework/src/Illuminate/Pipeline/Pipeline.php(219): Illuminate/Cookie/Middleware/AddQueuedCookiesToResponse->handle()
#20 C:/Users/USER/Desktop/projet_tutore2/somagep/vendor/laravel/framework/src/Illuminate/Cookie/Middleware/EncryptCookies.php(74): Illuminate/Pipeline/Pipeline->{closure:{closure:Illuminate/Pipeline/Pipeline::carry():194}:195}()
#21 C:/Users/USER/Desktop/projet_tutore2/somagep/vendor/laravel/framework/src/Illuminate/Pipeline/Pipeline.php(219): Illuminate/Cookie/Middleware/EncryptCookies->handle()
#22 C:/Users/USER/Desktop/projet_tutore2/somagep/vendor/laravel/framework/src/Illuminate/Pipeline/Pipeline.php(137): Illuminate/Pipeline/Pipeline->{closure:{closure:Illuminate/Pipeline/Pipeline::carry():194}:195}()
#23 C:/Users/USER/Desktop/projet_tutore2/somagep/vendor/laravel/framework/src/Illuminate/Routing/Router.php(821): Illuminate/Pipeline/Pipeline->then()
#24 C:/Users/USER/Desktop/projet_tutore2/somagep/vendor/laravel/framework/src/Illuminate/Routing/Router.php(800): Illuminate/Routing/Router->runRouteWithinStack()
#25 C:/Users/USER/Desktop/projet_tutore2/somagep/vendor/laravel/framework/src/Illuminate/Routing/Router.php(764): Illuminate/Routing/Router->runRoute()
#26 C:/Users/USER/Desktop/projet_tutore2/somagep/vendor/laravel/framework/src/Illuminate/Routing/Router.php(753): Illuminate/Routing/Router->dispatchToRoute()
#27 C:/Users/USER/Desktop/projet_tutore2/somagep/vendor/laravel/framework/src/Illuminate/Foundation/Http/Kernel.php(200): Illuminate/Routing/Router->dispatch()
#28 C:/Users/USER/Desktop/projet_tutore2/somagep/vendor/laravel/framework/src/Illuminate/Pipeline/Pipeline.php(180): Illuminate/Foundation/Http/Kernel->{closure:Illuminate/Foundation/Http/Kernel::dispatchToRouter():197}()
#29 C:/Users/USER/Desktop/projet_tutore2/somagep/vendor/laravel/framework/src/Illuminate/Foundation/Http/Middleware/TransformsRequest.php(21): Illuminate/Pipeline/Pipeline->{closure:Illuminate/Pipeline/Pipeline::prepareDestination():178}()
#30 C:/Users/USER/Desktop/projet_tutore2/somagep/vendor/laravel/framework/src/Illuminate/Foundation/Http/Middleware/ConvertEmptyStringsToNull.php(31): Illuminate/Foundation/Http/Middleware/TransformsRequest->handle()
#31 C:/Users/USER/Desktop/projet_tutore2/somagep/vendor/laravel/framework/src/Illuminate/Pipeline/Pipeline.php(219): Illuminate/Foundation/Http/Middleware/ConvertEmptyStringsToNull->handle()
#32 C:/Users/USER/Desktop/projet_tutore2/somagep/vendor/laravel/framework/src/Illuminate/Foundation/Http/Middleware/TransformsRequest.php(21): Illuminate/Pipeline/Pipeline->{closure:{closure:Illuminate/Pipeline/Pipeline::carry():194}:195}()
#33 C:/Users/USER/Desktop/projet_tutore2/somagep/vendor/laravel/framework/src/Illuminate/Foundation/Http/Middleware/TrimStrings.php(51): Illuminate/Foundation/Http/Middleware/TransformsRequest->handle()
#34 C:/Users/USER/Desktop/projet_tutore2/somagep/vendor/laravel/framework/src/Illuminate/Pipeline/Pipeline.php(219): Illuminate/Foundation/Http/Middleware/TrimStrings->handle()
#35 C:/Users/USER/Desktop/projet_tutore2/somagep/vendor/laravel/framework/src/Illuminate/Http/Middleware/ValidatePostSize.php(27): Illuminate/Pipeline/Pipeline->{closure:{closure:Illuminate/Pipeline/Pipeline::carry():194}:195}()
#36 C:/Users/USER/Desktop/projet_tutore2/somagep/vendor/laravel/framework/src/Illuminate/Pipeline/Pipeline.php(219): Illuminate/Http/Middleware/ValidatePostSize->handle()
#37 C:/Users/USER/Desktop/projet_tutore2/somagep/vendor/laravel/framework/src/Illuminate/Foundation/Http/Middleware/PreventRequestsDuringMaintenance.php(109): Illuminate/Pipeline/Pipeline->{closure:{closure:Illuminate/Pipeline/Pipeline::carry():194}:195}()
#38 C:/Users/USER/Desktop/projet_tutore2/somagep/vendor/laravel/framework/src/Illuminate/Pipeline/Pipeline.php(219): Illuminate/Foundation/Http/Middleware/PreventRequestsDuringMaintenance->handle()
#39 C:/Users/USER/Desktop/projet_tutore2/somagep/vendor/laravel/framework/src/Illuminate/Http/Middleware/HandleCors.php(61): Illuminate/Pipeline/Pipeline->{closure:{closure:Illuminate/Pipeline/Pipeline::carry():194}:195}()
#40 C:/Users/USER/Desktop/projet_tutore2/somagep/vendor/laravel/framework/src/Illuminate/Pipeline/Pipeline.php(219): Illuminate/Http/Middleware/HandleCors->handle()
#41 C:/Users/USER/Desktop/projet_tutore2/somagep/vendor/laravel/framework/src/Illuminate/Http/Middleware/TrustProxies.php(58): Illuminate/Pipeline/Pipeline->{closure:{closure:Illuminate/Pipeline/Pipeline::carry():194}:195}()
#42 C:/Users/USER/Desktop/projet_tutore2/somagep/vendor/laravel/framework/src/Illuminate/Pipeline/Pipeline.php(219): Illuminate/Http/Middleware/TrustProxies->handle()
#43 C:/Users/USER/Desktop/projet_tutore2/somagep/vendor/laravel/framework/src/Illuminate/Foundation/Http/Middleware/InvokeDeferredCallbacks.php(22): Illuminate/Pipeline/Pipeline->{closure:{closure:Illuminate/Pipeline/Pipeline::carry():194}:195}()
#44 C:/Users/USER/Desktop/projet_tutore2/somagep/vendor/laravel/framework/src/Illuminate/Pipeline/Pipeline.php(219): Illuminate/Foundation/Http/Middleware/InvokeDeferredCallbacks->handle()
#45 C:/Users/USER/Desktop/projet_tutore2/somagep/vendor/laravel/framework/src/Illuminate/Http/Middleware/ValidatePathEncoding.php(28): Illuminate/Pipeline/Pipeline->{closure:{closure:Illuminate/Pipeline/Pipeline::carry():194}:195}()
#46 C:/Users/USER/Desktop/projet_tutore2/somagep/vendor/laravel/framework/src/Illuminate/Pipeline/Pipeline.php(219): Illuminate/Http/Middleware/ValidatePathEncoding->handle()
#47 C:/Users/USER/Desktop/projet_tutore2/somagep/vendor/laravel/framework/src/Illuminate/Pipeline/Pipeline.php(137): Illuminate/Pipeline/Pipeline->{closure:{closure:Illuminate/Pipeline/Pipeline::carry():194}:195}()
#48 C:/Users/USER/Desktop/projet_tutore2/somagep/vendor/laravel/framework/src/Illuminate/Foundation/Http/Kernel.php(175): Illuminate/Pipeline/Pipeline->then()
#49 C:/Users/USER/Desktop/projet_tutore2/somagep/vendor/laravel/framework/src/Illuminate/Foundation/Http/Kernel.php(144): Illuminate/Foundation/Http/Kernel->sendRequestThroughRouter()
#50 C:/Users/USER/Desktop/projet_tutore2/somagep/vendor/laravel/framework/src/Illuminate/Foundation/Application.php(1220): Illuminate/Foundation/Http/Kernel->handle()
#51 C:/Users/USER/Desktop/projet_tutore2/somagep/public/index.php(20): Illuminate/Foundation/Application->handleRequest()
#52 C:/Users/USER/Desktop/projet_tutore2/somagep/vendor/laravel/framework/src/Illuminate/Foundation/resources/server.php(23): require_once('...')
#53 {main}
"} 
[2026-06-25 17:27:48] local.ERROR: SQLSTATE[42S02]: Base table or view not found: 1146 Table 'ditrack_db.sessions' doesn't exist (Connection: mysql, Host: 127.0.0.1, Port: 3306, Database: ditrack_db, SQL: select * from `sessions` where `id` = drHMehneM1N0qGnW8FlbkRERDMAPwLrx1lK93lOP limit 1) {"exception":"[object] (Illuminate\\Database\\QueryException(code: 42S02): SQLSTATE[42S02]: Base table or view not found: 1146 Table 'ditrack_db.sessions' doesn't exist (Connection: mysql, Host: 127.0.0.1, Port: 3306, Database: ditrack_db, SQL: select * from `sessions` where `id` = drHMehneM1N0qGnW8FlbkRERDMAPwLrx1lK93lOP limit 1) at C:/Users/USER/Desktop/projet_tutore2/somagep/vendor/laravel/framework/src/Illuminate/Database/Connection.php:857)
[stacktrace]
#0 C:/Users/USER/Desktop/projet_tutore2/somagep/vendor/laravel/framework/src/Illuminate/Database/Connection.php(813): Illuminate/Database/Connection->runQueryCallback()
#1 C:/Users/USER/Desktop/projet_tutore2/somagep/vendor/laravel/framework/src/Illuminate/Database/Connection.php(426): Illuminate/Database/Connection->run()
#2 C:/Users/USER/Desktop/projet_tutore2/somagep/vendor/laravel/framework/src/Illuminate/Database/Query/Builder.php(3573): Illuminate/Database/Connection->select()
#3 C:/Users/USER/Desktop/projet_tutore2/somagep/vendor/laravel/framework/src/Illuminate/Database/Query/Builder.php(3557): Illuminate/Database/Query/Builder->runSelect()
#4 C:/Users/USER/Desktop/projet_tutore2/somagep/vendor/laravel/framework/src/Illuminate/Database/Concerns/BuildsQueries.php(366): Illuminate/Database/Query/Builder->get()
#5 C:/Users/USER/Desktop/projet_tutore2/somagep/vendor/laravel/framework/src/Illuminate/Database/Query/Builder.php(3475): Illuminate/Database/Query/Builder->first()
#6 C:/Users/USER/Desktop/projet_tutore2/somagep/vendor/laravel/framework/src/Illuminate/Session/DatabaseSessionHandler.php(96): Illuminate/Database/Query/Builder->find()
#7 C:/Users/USER/Desktop/projet_tutore2/somagep/vendor/laravel/framework/src/Illuminate/Session/Store.php(128): Illuminate/Session/DatabaseSessionHandler->read()
#8 C:/Users/USER/Desktop/projet_tutore2/somagep/vendor/laravel/framework/src/Illuminate/Session/Store.php(116): Illuminate/Session/Store->readFromHandler()
#9 C:/Users/USER/Desktop/projet_tutore2/somagep/vendor/laravel/framework/src/Illuminate/Session/Store.php(100): Illuminate/Session/Store->loadSession()
#10 C:/Users/USER/Desktop/projet_tutore2/somagep/vendor/laravel/framework/src/Illuminate/Session/Middleware/StartSession.php(146): Illuminate/Session/Store->start()
#11 C:/Users/USER/Desktop/projet_tutore2/somagep/vendor/laravel/framework/src/Illuminate/Support/helpers.php(393): Illuminate/Session/Middleware/StartSession->{closure:Illuminate/Session/Middleware/StartSession::startSession():143}()
#12 C:/Users/USER/Desktop/projet_tutore2/somagep/vendor/laravel/framework/src/Illuminate/Session/Middleware/StartSession.php(143): tap()
#13 C:/Users/USER/Desktop/projet_tutore2/somagep/vendor/laravel/framework/src/Illuminate/Session/Middleware/StartSession.php(115): Illuminate/Session/Middleware/StartSession->startSession()
#14 C:/Users/USER/Desktop/projet_tutore2/somagep/vendor/laravel/framework/src/Illuminate/Session/Middleware/StartSession.php(63): Illuminate/Session/Middleware/StartSession->handleStatefulRequest()
#15 C:/Users/USER/Desktop/projet_tutore2/somagep/vendor/laravel/framework/src/Illuminate/Pipeline/Pipeline.php(219): Illuminate/Session/Middleware/StartSession->handle()
#16 C:/Users/USER/Desktop/projet_tutore2/somagep/vendor/laravel/framework/src/Illuminate/Cookie/Middleware/AddQueuedCookiesToResponse.php(36): Illuminate/Pipeline/Pipeline->{closure:{closure:Illuminate/Pipeline/Pipeline::carry():194}:195}()
#17 C:/Users/USER/Desktop/projet_tutore2/somagep/vendor/laravel/framework/src/Illuminate/Pipeline/Pipeline.php(219): Illuminate/Cookie/Middleware/AddQueuedCookiesToResponse->handle()
#18 C:/Users/USER/Desktop/projet_tutore2/somagep/vendor/laravel/framework/src/Illuminate/Cookie/Middleware/EncryptCookies.php(74): Illuminate/Pipeline/Pipeline->{closure:{closure:Illuminate/Pipeline/Pipeline::carry():194}:195}()
#19 C:/Users/USER/Desktop/projet_tutore2/somagep/vendor/laravel/framework/src/Illuminate/Pipeline/Pipeline.php(219): Illuminate/Cookie/Middleware/EncryptCookies->handle()
#20 C:/Users/USER/Desktop/projet_tutore2/somagep/vendor/laravel/framework/src/Illuminate/Pipeline/Pipeline.php(137): Illuminate/Pipeline/Pipeline->{closure:{closure:Illuminate/Pipeline/Pipeline::carry():194}:195}()
#21 C:/Users/USER/Desktop/projet_tutore2/somagep/vendor/laravel/framework/src/Illuminate/Routing/Router.php(821): Illuminate/Pipeline/Pipeline->then()
#22 C:/Users/USER/Desktop/projet_tutore2/somagep/vendor/laravel/framework/src/Illuminate/Routing/Router.php(800): Illuminate/Routing/Router->runRouteWithinStack()
#23 C:/Users/USER/Desktop/projet_tutore2/somagep/vendor/laravel/framework/src/Illuminate/Routing/Router.php(764): Illuminate/Routing/Router->runRoute()
#24 C:/Users/USER/Desktop/projet_tutore2/somagep/vendor/laravel/framework/src/Illuminate/Routing/Router.php(753): Illuminate/Routing/Router->dispatchToRoute()
#25 C:/Users/USER/Desktop/projet_tutore2/somagep/vendor/laravel/framework/src/Illuminate/Foundation/Http/Kernel.php(200): Illuminate/Routing/Router->dispatch()
#26 C:/Users/USER/Desktop/projet_tutore2/somagep/vendor/laravel/framework/src/Illuminate/Pipeline/Pipeline.php(180): Illuminate/Foundation/Http/Kernel->{closure:Illuminate/Foundation/Http/Kernel::dispatchToRouter():197}()
#27 C:/Users/USER/Desktop/projet_tutore2/somagep/vendor/laravel/framework/src/Illuminate/Foundation/Http/Middleware/TransformsRequest.php(21): Illuminate/Pipeline/Pipeline->{closure:Illuminate/Pipeline/Pipeline::prepareDestination():178}()
#28 C:/Users/USER/Desktop/projet_tutore2/somagep/vendor/laravel/framework/src/Illuminate/Foundation/Http/Middleware/ConvertEmptyStringsToNull.php(31): Illuminate/Foundation/Http/Middleware/TransformsRequest->handle()
#29 C:/Users/USER/Desktop/projet_tutore2/somagep/vendor/laravel/framework/src/Illuminate/Pipeline/Pipeline.php(219): Illuminate/Foundation/Http/Middleware/ConvertEmptyStringsToNull->handle()
#30 C:/Users/USER/Desktop/projet_tutore2/somagep/vendor/laravel/framework/src/Illuminate/Foundation/Http/Middleware/TransformsRequest.php(21): Illuminate/Pipeline/Pipeline->{closure:{closure:Illuminate/Pipeline/Pipeline::carry():194}:195}()
#31 C:/Users/USER/Desktop/projet_tutore2/somagep/vendor/laravel/framework/src/Illuminate/Foundation/Http/Middleware/TrimStrings.php(51): Illuminate/Foundation/Http/Middleware/TransformsRequest->handle()
#32 C:/Users/USER/Desktop/projet_tutore2/somagep/vendor/laravel/framework/src/Illuminate/Pipeline/Pipeline.php(219): Illuminate/Foundation/Http/Middleware/TrimStrings->handle()
#33 C:/Users/USER/Desktop/projet_tutore2/somagep/vendor/laravel/framework/src/Illuminate/Http/Middleware/ValidatePostSize.php(27): Illuminate/Pipeline/Pipeline->{closure:{closure:Illuminate/Pipeline/Pipeline::carry():194}:195}()
#34 C:/Users/USER/Desktop/projet_tutore2/somagep/vendor/laravel/framework/src/Illuminate/Pipeline/Pipeline.php(219): Illuminate/Http/Middleware/ValidatePostSize->handle()
#35 C:/Users/USER/Desktop/projet_tutore2/somagep/vendor/laravel/framework/src/Illuminate/Foundation/Http/Middleware/PreventRequestsDuringMaintenance.php(109): Illuminate/Pipeline/Pipeline->{closure:{closure:Illuminate/Pipeline/Pipeline::carry():194}:195}()
#36 C:/Users/USER/Desktop/projet_tutore2/somagep/vendor/laravel/framework/src/Illuminate/Pipeline/Pipeline.php(219): Illuminate/Foundation/Http/Middleware/PreventRequestsDuringMaintenance->handle()
#37 C:/Users/USER/Desktop/projet_tutore2/somagep/vendor/laravel/framework/src/Illuminate/Http/Middleware/HandleCors.php(61): Illuminate/Pipeline/Pipeline->{closure:{closure:Illuminate/Pipeline/Pipeline::carry():194}:195}()
#38 C:/Users/USER/Desktop/projet_tutore2/somagep/vendor/laravel/framework/src/Illuminate/Pipeline/Pipeline.php(219): Illuminate/Http/Middleware/HandleCors->handle()
#39 C:/Users/USER/Desktop/projet_tutore2/somagep/vendor/laravel/framework/src/Illuminate/Http/Middleware/TrustProxies.php(58): Illuminate/Pipeline/Pipeline->{closure:{closure:Illuminate/Pipeline/Pipeline::carry():194}:195}()
#40 C:/Users/USER/Desktop/projet_tutore2/somagep/vendor/laravel/framework/src/Illuminate/Pipeline/Pipeline.php(219): Illuminate/Http/Middleware/TrustProxies->handle()
#41 C:/Users/USER/Desktop/projet_tutore2/somagep/vendor/laravel/framework/src/Illuminate/Foundation/Http/Middleware/InvokeDeferredCallbacks.php(22): Illuminate/Pipeline/Pipeline->{closure:{closure:Illuminate/Pipeline/Pipeline::carry():194}:195}()
#42 C:/Users/USER/Desktop/projet_tutore2/somagep/vendor/laravel/framework/src/Illuminate/Pipeline/Pipeline.php(219): Illuminate/Foundation/Http/Middleware/InvokeDeferredCallbacks->handle()
#43 C:/Users/USER/Desktop/projet_tutore2/somagep/vendor/laravel/framework/src/Illuminate/Http/Middleware/ValidatePathEncoding.php(28): Illuminate/Pipeline/Pipeline->{closure:{closure:Illuminate/Pipeline/Pipeline::carry():194}:195}()
#44 C:/Users/USER/Desktop/projet_tutore2/somagep/vendor/laravel/framework/src/Illuminate/Pipeline/Pipeline.php(219): Illuminate/Http/Middleware/ValidatePathEncoding->handle()
#45 C:/Users/USER/Desktop/projet_tutore2/somagep/vendor/laravel/framework/src/Illuminate/Pipeline/Pipeline.php(137): Illuminate/Pipeline/Pipeline->{closure:{closure:Illuminate/Pipeline/Pipeline::carry():194}:195}()
#46 C:/Users/USER/Desktop/projet_tutore2/somagep/vendor/laravel/framework/src/Illuminate/Foundation/Http/Kernel.php(175): Illuminate/Pipeline/Pipeline->then()
#47 C:/Users/USER/Desktop/projet_tutore2/somagep/vendor/laravel/framework/src/Illuminate/Foundation/Http/Kernel.php(144): Illuminate/Foundation/Http/Kernel->sendRequestThroughRouter()
#48 C:/Users/USER/Desktop/projet_tutore2/somagep/vendor/laravel/framework/src/Illuminate/Foundation/Application.php(1220): Illuminate/Foundation/Http/Kernel->handle()
#49 C:/Users/USER/Desktop/projet_tutore2/somagep/public/index.php(20): Illuminate/Foundation/Application->handleRequest()
#50 C:/Users/USER/Desktop/projet_tutore2/somagep/vendor/laravel/framework/src/Illuminate/Foundation/resources/server.php(23): require_once('...')
#51 {main}

[previous exception] [object] (PDOException(code: 42S02): SQLSTATE[42S02]: Base table or view not found: 1146 Table 'ditrack_db.sessions' doesn't exist at C:/Users/USER/Desktop/projet_tutore2/somagep/vendor/laravel/framework/src/Illuminate/Database/Connection.php:435)
[stacktrace]
#0 C:/Users/USER/Desktop/projet_tutore2/somagep/vendor/laravel/framework/src/Illuminate/Database/Connection.php(435): PDO->prepare()
#1 C:/Users/USER/Desktop/projet_tutore2/somagep/vendor/laravel/framework/src/Illuminate/Database/Connection.php(846): Illuminate/Database/Connection->{closure:Illuminate/Database/Connection::select():426}()
#2 C:/Users/USER/Desktop/projet_tutore2/somagep/vendor/laravel/framework/src/Illuminate/Database/Connection.php(813): Illuminate/Database/Connection->runQueryCallback()
#3 C:/Users/USER/Desktop/projet_tutore2/somagep/vendor/laravel/framework/src/Illuminate/Database/Connection.php(426): Illuminate/Database/Connection->run()
#4 C:/Users/USER/Desktop/projet_tutore2/somagep/vendor/laravel/framework/src/Illuminate/Database/Query/Builder.php(3573): Illuminate/Database/Connection->select()
#5 C:/Users/USER/Desktop/projet_tutore2/somagep/vendor/laravel/framework/src/Illuminate/Database/Query/Builder.php(3557): Illuminate/Database/Query/Builder->runSelect()
#6 C:/Users/USER/Desktop/projet_tutore2/somagep/vendor/laravel/framework/src/Illuminate/Database/Concerns/BuildsQueries.php(366): Illuminate/Database/Query/Builder->get()
#7 C:/Users/USER/Desktop/projet_tutore2/somagep/vendor/laravel/framework/src/Illuminate/Database/Query/Builder.php(3475): Illuminate/Database/Query/Builder->first()
#8 C:/Users/USER/Desktop/projet_tutore2/somagep/vendor/laravel/framework/src/Illuminate/Session/DatabaseSessionHandler.php(96): Illuminate/Database/Query/Builder->find()
#9 C:/Users/USER/Desktop/projet_tutore2/somagep/vendor/laravel/framework/src/Illuminate/Session/Store.php(128): Illuminate/Session/DatabaseSessionHandler->read()
#10 C:/Users/USER/Desktop/projet_tutore2/somagep/vendor/laravel/framework/src/Illuminate/Session/Store.php(116): Illuminate/Session/Store->readFromHandler()
#11 C:/Users/USER/Desktop/projet_tutore2/somagep/vendor/laravel/framework/src/Illuminate/Session/Store.php(100): Illuminate/Session/Store->loadSession()
#12 C:/Users/USER/Desktop/projet_tutore2/somagep/vendor/laravel/framework/src/Illuminate/Session/Middleware/StartSession.php(146): Illuminate/Session/Store->start()
#13 C:/Users/USER/Desktop/projet_tutore2/somagep/vendor/laravel/framework/src/Illuminate/Support/helpers.php(393): Illuminate/Session/Middleware/StartSession->{closure:Illuminate/Session/Middleware/StartSession::startSession():143}()
#14 C:/Users/USER/Desktop/projet_tutore2/somagep/vendor/laravel/framework/src/Illuminate/Session/Middleware/StartSession.php(143): tap()
#15 C:/Users/USER/Desktop/projet_tutore2/somagep/vendor/laravel/framework/src/Illuminate/Session/Middleware/StartSession.php(115): Illuminate/Session/Middleware/StartSession->startSession()
#16 C:/Users/USER/Desktop/projet_tutore2/somagep/vendor/laravel/framework/src/Illuminate/Session/Middleware/StartSession.php(63): Illuminate/Session/Middleware/StartSession->handleStatefulRequest()
#17 C:/Users/USER/Desktop/projet_tutore2/somagep/vendor/laravel/framework/src/Illuminate/Pipeline/Pipeline.php(219): Illuminate/Session/Middleware/StartSession->handle()
#18 C:/Users/USER/Desktop/projet_tutore2/somagep/vendor/laravel/framework/src/Illuminate/Cookie/Middleware/AddQueuedCookiesToResponse.php(36): Illuminate/Pipeline/Pipeline->{closure:{closure:Illuminate/Pipeline/Pipeline::carry():194}:195}()
#19 C:/Users/USER/Desktop/projet_tutore2/somagep/vendor/laravel/framework/src/Illuminate/Pipeline/Pipeline.php(219): Illuminate/Cookie/Middleware/AddQueuedCookiesToResponse->handle()
#20 C:/Users/USER/Desktop/projet_tutore2/somagep/vendor/laravel/framework/src/Illuminate/Cookie/Middleware/EncryptCookies.php(74): Illuminate/Pipeline/Pipeline->{closure:{closure:Illuminate/Pipeline/Pipeline::carry():194}:195}()
#21 C:/Users/USER/Desktop/projet_tutore2/somagep/vendor/laravel/framework/src/Illuminate/Pipeline/Pipeline.php(219): Illuminate/Cookie/Middleware/EncryptCookies->handle()
#22 C:/Users/USER/Desktop/projet_tutore2/somagep/vendor/laravel/framework/src/Illuminate/Pipeline/Pipeline.php(137): Illuminate/Pipeline/Pipeline->{closure:{closure:Illuminate/Pipeline/Pipeline::carry():194}:195}()
#23 C:/Users/USER/Desktop/projet_tutore2/somagep/vendor/laravel/framework/src/Illuminate/Routing/Router.php(821): Illuminate/Pipeline/Pipeline->then()
#24 C:/Users/USER/Desktop/projet_tutore2/somagep/vendor/laravel/framework/src/Illuminate/Routing/Router.php(800): Illuminate/Routing/Router->runRouteWithinStack()
#25 C:/Users/USER/Desktop/projet_tutore2/somagep/vendor/laravel/framework/src/Illuminate/Routing/Router.php(764): Illuminate/Routing/Router->runRoute()
#26 C:/Users/USER/Desktop/projet_tutore2/somagep/vendor/laravel/framework/src/Illuminate/Routing/Router.php(753): Illuminate/Routing/Router->dispatchToRoute()
#27 C:/Users/USER/Desktop/projet_tutore2/somagep/vendor/laravel/framework/src/Illuminate/Foundation/Http/Kernel.php(200): Illuminate/Routing/Router->dispatch()
#28 C:/Users/USER/Desktop/projet_tutore2/somagep/vendor/laravel/framework/src/Illuminate/Pipeline/Pipeline.php(180): Illuminate/Foundation/Http/Kernel->{closure:Illuminate/Foundation/Http/Kernel::dispatchToRouter():197}()
#29 C:/Users/USER/Desktop/projet_tutore2/somagep/vendor/laravel/framework/src/Illuminate/Foundation/Http/Middleware/TransformsRequest.php(21): Illuminate/Pipeline/Pipeline->{closure:Illuminate/Pipeline/Pipeline::prepareDestination():178}()
#30 C:/Users/USER/Desktop/projet_tutore2/somagep/vendor/laravel/framework/src/Illuminate/Foundation/Http/Middleware/ConvertEmptyStringsToNull.php(31): Illuminate/Foundation/Http/Middleware/TransformsRequest->handle()
#31 C:/Users/USER/Desktop/projet_tutore2/somagep/vendor/laravel/framework/src/Illuminate/Pipeline/Pipeline.php(219): Illuminate/Foundation/Http/Middleware/ConvertEmptyStringsToNull->handle()
#32 C:/Users/USER/Desktop/projet_tutore2/somagep/vendor/laravel/framework/src/Illuminate/Foundation/Http/Middleware/TransformsRequest.php(21): Illuminate/Pipeline/Pipeline->{closure:{closure:Illuminate/Pipeline/Pipeline::carry():194}:195}()
#33 C:/Users/USER/Desktop/projet_tutore2/somagep/vendor/laravel/framework/src/Illuminate/Foundation/Http/Middleware/TrimStrings.php(51): Illuminate/Foundation/Http/Middleware/TransformsRequest->handle()
#34 C:/Users/USER/Desktop/projet_tutore2/somagep/vendor/laravel/framework/src/Illuminate/Pipeline/Pipeline.php(219): Illuminate/Foundation/Http/Middleware/TrimStrings->handle()
#35 C:/Users/USER/Desktop/projet_tutore2/somagep/vendor/laravel/framework/src/Illuminate/Http/Middleware/ValidatePostSize.php(27): Illuminate/Pipeline/Pipeline->{closure:{closure:Illuminate/Pipeline/Pipeline::carry():194}:195}()
#36 C:/Users/USER/Desktop/projet_tutore2/somagep/vendor/laravel/framework/src/Illuminate/Pipeline/Pipeline.php(219): Illuminate/Http/Middleware/ValidatePostSize->handle()
#37 C:/Users/USER/Desktop/projet_tutore2/somagep/vendor/laravel/framework/src/Illuminate/Foundation/Http/Middleware/PreventRequestsDuringMaintenance.php(109): Illuminate/Pipeline/Pipeline->{closure:{closure:Illuminate/Pipeline/Pipeline::carry():194}:195}()
#38 C:/Users/USER/Desktop/projet_tutore2/somagep/vendor/laravel/framework/src/Illuminate/Pipeline/Pipeline.php(219): Illuminate/Foundation/Http/Middleware/PreventRequestsDuringMaintenance->handle()
#39 C:/Users/USER/Desktop/projet_tutore2/somagep/vendor/laravel/framework/src/Illuminate/Http/Middleware/HandleCors.php(61): Illuminate/Pipeline/Pipeline->{closure:{closure:Illuminate/Pipeline/Pipeline::carry():194}:195}()
#40 C:/Users/USER/Desktop/projet_tutore2/somagep/vendor/laravel/framework/src/Illuminate/Pipeline/Pipeline.php(219): Illuminate/Http/Middleware/HandleCors->handle()
#41 C:/Users/USER/Desktop/projet_tutore2/somagep/vendor/laravel/framework/src/Illuminate/Http/Middleware/TrustProxies.php(58): Illuminate/Pipeline/Pipeline->{closure:{closure:Illuminate/Pipeline/Pipeline::carry():194}:195}()
#42 C:/Users/USER/Desktop/projet_tutore2/somagep/vendor/laravel/framework/src/Illuminate/Pipeline/Pipeline.php(219): Illuminate/Http/Middleware/TrustProxies->handle()
#43 C:/Users/USER/Desktop/projet_tutore2/somagep/vendor/laravel/framework/src/Illuminate/Foundation/Http/Middleware/InvokeDeferredCallbacks.php(22): Illuminate/Pipeline/Pipeline->{closure:{closure:Illuminate/Pipeline/Pipeline::carry():194}:195}()
#44 C:/Users/USER/Desktop/projet_tutore2/somagep/vendor/laravel/framework/src/Illuminate/Pipeline/Pipeline.php(219): Illuminate/Foundation/Http/Middleware/InvokeDeferredCallbacks->handle()
#45 C:/Users/USER/Desktop/projet_tutore2/somagep/vendor/laravel/framework/src/Illuminate/Http/Middleware/ValidatePathEncoding.php(28): Illuminate/Pipeline/Pipeline->{closure:{closure:Illuminate/Pipeline/Pipeline::carry():194}:195}()
#46 C:/Users/USER/Desktop/projet_tutore2/somagep/vendor/laravel/framework/src/Illuminate/Pipeline/Pipeline.php(219): Illuminate/Http/Middleware/ValidatePathEncoding->handle()
#47 C:/Users/USER/Desktop/projet_tutore2/somagep/vendor/laravel/framework/src/Illuminate/Pipeline/Pipeline.php(137): Illuminate/Pipeline/Pipeline->{closure:{closure:Illuminate/Pipeline/Pipeline::carry():194}:195}()
#48 C:/Users/USER/Desktop/projet_tutore2/somagep/vendor/laravel/framework/src/Illuminate/Foundation/Http/Kernel.php(175): Illuminate/Pipeline/Pipeline->then()
#49 C:/Users/USER/Desktop/projet_tutore2/somagep/vendor/laravel/framework/src/Illuminate/Foundation/Http/Kernel.php(144): Illuminate/Foundation/Http/Kernel->sendRequestThroughRouter()
#50 C:/Users/USER/Desktop/projet_tutore2/somagep/vendor/laravel/framework/src/Illuminate/Foundation/Application.php(1220): Illuminate/Foundation/Http/Kernel->handle()
#51 C:/Users/USER/Desktop/projet_tutore2/somagep/public/index.php(20): Illuminate/Foundation/Application->handleRequest()
#52 C:/Users/USER/Desktop/projet_tutore2/somagep/vendor/laravel/framework/src/Illuminate/Foundation/resources/server.php(23): require_once('...')
#53 {main}
"} 
[2026-06-25 17:28:10] local.ERROR: SQLSTATE[42S02]: Base table or view not found: 1146 Table 'ditrack_db.sessions' doesn't exist (Connection: mysql, Host: 127.0.0.1, Port: 3306, Database: ditrack_db, SQL: select * from `sessions` where `id` = qf8x1Ofes8gs8h6wpa3q4gF5OMn0OBwJ9EfNJVBS limit 1) {"exception":"[object] (Illuminate\\Database\\QueryException(code: 42S02): SQLSTATE[42S02]: Base table or view not found: 1146 Table 'ditrack_db.sessions' doesn't exist (Connection: mysql, Host: 127.0.0.1, Port: 3306, Database: ditrack_db, SQL: select * from `sessions` where `id` = qf8x1Ofes8gs8h6wpa3q4gF5OMn0OBwJ9EfNJVBS limit 1) at C:/Users/USER/Desktop/projet_tutore2/somagep/vendor/laravel/framework/src/Illuminate/Database/Connection.php:857)
[stacktrace]
#0 C:/Users/USER/Desktop/projet_tutore2/somagep/vendor/laravel/framework/src/Illuminate/Database/Connection.php(813): Illuminate/Database/Connection->runQueryCallback()
#1 C:/Users/USER/Desktop/projet_tutore2/somagep/vendor/laravel/framework/src/Illuminate/Database/Connection.php(426): Illuminate/Database/Connection->run()
#2 C:/Users/USER/Desktop/projet_tutore2/somagep/vendor/laravel/framework/src/Illuminate/Database/Query/Builder.php(3573): Illuminate/Database/Connection->select()
#3 C:/Users/USER/Desktop/projet_tutore2/somagep/vendor/laravel/framework/src/Illuminate/Database/Query/Builder.php(3557): Illuminate/Database/Query/Builder->runSelect()
#4 C:/Users/USER/Desktop/projet_tutore2/somagep/vendor/laravel/framework/src/Illuminate/Database/Concerns/BuildsQueries.php(366): Illuminate/Database/Query/Builder->get()
#5 C:/Users/USER/Desktop/projet_tutore2/somagep/vendor/laravel/framework/src/Illuminate/Database/Query/Builder.php(3475): Illuminate/Database/Query/Builder->first()
#6 C:/Users/USER/Desktop/projet_tutore2/somagep/vendor/laravel/framework/src/Illuminate/Session/DatabaseSessionHandler.php(96): Illuminate/Database/Query/Builder->find()
#7 C:/Users/USER/Desktop/projet_tutore2/somagep/vendor/laravel/framework/src/Illuminate/Session/Store.php(128): Illuminate/Session/DatabaseSessionHandler->read()
#8 C:/Users/USER/Desktop/projet_tutore2/somagep/vendor/laravel/framework/src/Illuminate/Session/Store.php(116): Illuminate/Session/Store->readFromHandler()
#9 C:/Users/USER/Desktop/projet_tutore2/somagep/vendor/laravel/framework/src/Illuminate/Session/Store.php(100): Illuminate/Session/Store->loadSession()
#10 C:/Users/USER/Desktop/projet_tutore2/somagep/vendor/laravel/framework/src/Illuminate/Session/Middleware/StartSession.php(146): Illuminate/Session/Store->start()
#11 C:/Users/USER/Desktop/projet_tutore2/somagep/vendor/laravel/framework/src/Illuminate/Support/helpers.php(393): Illuminate/Session/Middleware/StartSession->{closure:Illuminate/Session/Middleware/StartSession::startSession():143}()
#12 C:/Users/USER/Desktop/projet_tutore2/somagep/vendor/laravel/framework/src/Illuminate/Session/Middleware/StartSession.php(143): tap()
#13 C:/Users/USER/Desktop/projet_tutore2/somagep/vendor/laravel/framework/src/Illuminate/Session/Middleware/StartSession.php(115): Illuminate/Session/Middleware/StartSession->startSession()
#14 C:/Users/USER/Desktop/projet_tutore2/somagep/vendor/laravel/framework/src/Illuminate/Session/Middleware/StartSession.php(63): Illuminate/Session/Middleware/StartSession->handleStatefulRequest()
#15 C:/Users/USER/Desktop/projet_tutore2/somagep/vendor/laravel/framework/src/Illuminate/Pipeline/Pipeline.php(219): Illuminate/Session/Middleware/StartSession->handle()
#16 C:/Users/USER/Desktop/projet_tutore2/somagep/vendor/laravel/framework/src/Illuminate/Cookie/Middleware/AddQueuedCookiesToResponse.php(36): Illuminate/Pipeline/Pipeline->{closure:{closure:Illuminate/Pipeline/Pipeline::carry():194}:195}()
#17 C:/Users/USER/Desktop/projet_tutore2/somagep/vendor/laravel/framework/src/Illuminate/Pipeline/Pipeline.php(219): Illuminate/Cookie/Middleware/AddQueuedCookiesToResponse->handle()
#18 C:/Users/USER/Desktop/projet_tutore2/somagep/vendor/laravel/framework/src/Illuminate/Cookie/Middleware/EncryptCookies.php(74): Illuminate/Pipeline/Pipeline->{closure:{closure:Illuminate/Pipeline/Pipeline::carry():194}:195}()
#19 C:/Users/USER/Desktop/projet_tutore2/somagep/vendor/laravel/framework/src/Illuminate/Pipeline/Pipeline.php(219): Illuminate/Cookie/Middleware/EncryptCookies->handle()
#20 C:/Users/USER/Desktop/projet_tutore2/somagep/vendor/laravel/framework/src/Illuminate/Pipeline/Pipeline.php(137): Illuminate/Pipeline/Pipeline->{closure:{closure:Illuminate/Pipeline/Pipeline::carry():194}:195}()
#21 C:/Users/USER/Desktop/projet_tutore2/somagep/vendor/laravel/framework/src/Illuminate/Routing/Router.php(821): Illuminate/Pipeline/Pipeline->then()
#22 C:/Users/USER/Desktop/projet_tutore2/somagep/vendor/laravel/framework/src/Illuminate/Routing/Router.php(800): Illuminate/Routing/Router->runRouteWithinStack()
#23 C:/Users/USER/Desktop/projet_tutore2/somagep/vendor/laravel/framework/src/Illuminate/Routing/Router.php(764): Illuminate/Routing/Router->runRoute()
#24 C:/Users/USER/Desktop/projet_tutore2/somagep/vendor/laravel/framework/src/Illuminate/Routing/Router.php(753): Illuminate/Routing/Router->dispatchToRoute()
#25 C:/Users/USER/Desktop/projet_tutore2/somagep/vendor/laravel/framework/src/Illuminate/Foundation/Http/Kernel.php(200): Illuminate/Routing/Router->dispatch()
#26 C:/Users/USER/Desktop/projet_tutore2/somagep/vendor/laravel/framework/src/Illuminate/Pipeline/Pipeline.php(180): Illuminate/Foundation/Http/Kernel->{closure:Illuminate/Foundation/Http/Kernel::dispatchToRouter():197}()
#27 C:/Users/USER/Desktop/projet_tutore2/somagep/vendor/laravel/framework/src/Illuminate/Foundation/Http/Middleware/TransformsRequest.php(21): Illuminate/Pipeline/Pipeline->{closure:Illuminate/Pipeline/Pipeline::prepareDestination():178}()
#28 C:/Users/USER/Desktop/projet_tutore2/somagep/vendor/laravel/framework/src/Illuminate/Foundation/Http/Middleware/ConvertEmptyStringsToNull.php(31): Illuminate/Foundation/Http/Middleware/TransformsRequest->handle()
#29 C:/Users/USER/Desktop/projet_tutore2/somagep/vendor/laravel/framework/src/Illuminate/Pipeline/Pipeline.php(219): Illuminate/Foundation/Http/Middleware/ConvertEmptyStringsToNull->handle()
#30 C:/Users/USER/Desktop/projet_tutore2/somagep/vendor/laravel/framework/src/Illuminate/Foundation/Http/Middleware/TransformsRequest.php(21): Illuminate/Pipeline/Pipeline->{closure:{closure:Illuminate/Pipeline/Pipeline::carry():194}:195}()
#31 C:/Users/USER/Desktop/projet_tutore2/somagep/vendor/laravel/framework/src/Illuminate/Foundation/Http/Middleware/TrimStrings.php(51): Illuminate/Foundation/Http/Middleware/TransformsRequest->handle()
#32 C:/Users/USER/Desktop/projet_tutore2/somagep/vendor/laravel/framework/src/Illuminate/Pipeline/Pipeline.php(219): Illuminate/Foundation/Http/Middleware/TrimStrings->handle()
#33 C:/Users/USER/Desktop/projet_tutore2/somagep/vendor/laravel/framework/src/Illuminate/Http/Middleware/ValidatePostSize.php(27): Illuminate/Pipeline/Pipeline->{closure:{closure:Illuminate/Pipeline/Pipeline::carry():194}:195}()
#34 C:/Users/USER/Desktop/projet_tutore2/somagep/vendor/laravel/framework/src/Illuminate/Pipeline/Pipeline.php(219): Illuminate/Http/Middleware/ValidatePostSize->handle()
#35 C:/Users/USER/Desktop/projet_tutore2/somagep/vendor/laravel/framework/src/Illuminate/Foundation/Http/Middleware/PreventRequestsDuringMaintenance.php(109): Illuminate/Pipeline/Pipeline->{closure:{closure:Illuminate/Pipeline/Pipeline::carry():194}:195}()
#36 C:/Users/USER/Desktop/projet_tutore2/somagep/vendor/laravel/framework/src/Illuminate/Pipeline/Pipeline.php(219): Illuminate/Foundation/Http/Middleware/PreventRequestsDuringMaintenance->handle()
#37 C:/Users/USER/Desktop/projet_tutore2/somagep/vendor/laravel/framework/src/Illuminate/Http/Middleware/HandleCors.php(61): Illuminate/Pipeline/Pipeline->{closure:{closure:Illuminate/Pipeline/Pipeline::carry():194}:195}()
#38 C:/Users/USER/Desktop/projet_tutore2/somagep/vendor/laravel/framework/src/Illuminate/Pipeline/Pipeline.php(219): Illuminate/Http/Middleware/HandleCors->handle()
#39 C:/Users/USER/Desktop/projet_tutore2/somagep/vendor/laravel/framework/src/Illuminate/Http/Middleware/TrustProxies.php(58): Illuminate/Pipeline/Pipeline->{closure:{closure:Illuminate/Pipeline/Pipeline::carry():194}:195}()
#40 C:/Users/USER/Desktop/projet_tutore2/somagep/vendor/laravel/framework/src/Illuminate/Pipeline/Pipeline.php(219): Illuminate/Http/Middleware/TrustProxies->handle()
#41 C:/Users/USER/Desktop/projet_tutore2/somagep/vendor/laravel/framework/src/Illuminate/Foundation/Http/Middleware/InvokeDeferredCallbacks.php(22): Illuminate/Pipeline/Pipeline->{closure:{closure:Illuminate/Pipeline/Pipeline::carry():194}:195}()
#42 C:/Users/USER/Desktop/projet_tutore2/somagep/vendor/laravel/framework/src/Illuminate/Pipeline/Pipeline.php(219): Illuminate/Foundation/Http/Middleware/InvokeDeferredCallbacks->handle()
#43 C:/Users/USER/Desktop/projet_tutore2/somagep/vendor/laravel/framework/src/Illuminate/Http/Middleware/ValidatePathEncoding.php(28): Illuminate/Pipeline/Pipeline->{closure:{closure:Illuminate/Pipeline/Pipeline::carry():194}:195}()
#44 C:/Users/USER/Desktop/projet_tutore2/somagep/vendor/laravel/framework/src/Illuminate/Pipeline/Pipeline.php(219): Illuminate/Http/Middleware/ValidatePathEncoding->handle()
#45 C:/Users/USER/Desktop/projet_tutore2/somagep/vendor/laravel/framework/src/Illuminate/Pipeline/Pipeline.php(137): Illuminate/Pipeline/Pipeline->{closure:{closure:Illuminate/Pipeline/Pipeline::carry():194}:195}()
#46 C:/Users/USER/Desktop/projet_tutore2/somagep/vendor/laravel/framework/src/Illuminate/Foundation/Http/Kernel.php(175): Illuminate/Pipeline/Pipeline->then()
#47 C:/Users/USER/Desktop/projet_tutore2/somagep/vendor/laravel/framework/src/Illuminate/Foundation/Http/Kernel.php(144): Illuminate/Foundation/Http/Kernel->sendRequestThroughRouter()
#48 C:/Users/USER/Desktop/projet_tutore2/somagep/vendor/laravel/framework/src/Illuminate/Foundation/Application.php(1220): Illuminate/Foundation/Http/Kernel->handle()
#49 C:/Users/USER/Desktop/projet_tutore2/somagep/public/index.php(20): Illuminate/Foundation/Application->handleRequest()
#50 C:/Users/USER/Desktop/projet_tutore2/somagep/vendor/laravel/framework/src/Illuminate/Foundation/resources/server.php(23): require_once('...')
#51 {main}

[previous exception] [object] (PDOException(code: 42S02): SQLSTATE[42S02]: Base table or view not found: 1146 Table 'ditrack_db.sessions' doesn't exist at C:/Users/USER/Desktop/projet_tutore2/somagep/vendor/laravel/framework/src/Illuminate/Database/Connection.php:435)
[stacktrace]
#0 C:/Users/USER/Desktop/projet_tutore2/somagep/vendor/laravel/framework/src/Illuminate/Database/Connection.php(435): PDO->prepare()
#1 C:/Users/USER/Desktop/projet_tutore2/somagep/vendor/laravel/framework/src/Illuminate/Database/Connection.php(846): Illuminate/Database/Connection->{closure:Illuminate/Database/Connection::select():426}()
#2 C:/Users/USER/Desktop/projet_tutore2/somagep/vendor/laravel/framework/src/Illuminate/Database/Connection.php(813): Illuminate/Database/Connection->runQueryCallback()
#3 C:/Users/USER/Desktop/projet_tutore2/somagep/vendor/laravel/framework/src/Illuminate/Database/Connection.php(426): Illuminate/Database/Connection->run()
#4 C:/Users/USER/Desktop/projet_tutore2/somagep/vendor/laravel/framework/src/Illuminate/Database/Query/Builder.php(3573): Illuminate/Database/Connection->select()
#5 C:/Users/USER/Desktop/projet_tutore2/somagep/vendor/laravel/framework/src/Illuminate/Database/Query/Builder.php(3557): Illuminate/Database/Query/Builder->runSelect()
#6 C:/Users/USER/Desktop/projet_tutore2/somagep/vendor/laravel/framework/src/Illuminate/Database/Concerns/BuildsQueries.php(366): Illuminate/Database/Query/Builder->get()
#7 C:/Users/USER/Desktop/projet_tutore2/somagep/vendor/laravel/framework/src/Illuminate/Database/Query/Builder.php(3475): Illuminate/Database/Query/Builder->first()
#8 C:/Users/USER/Desktop/projet_tutore2/somagep/vendor/laravel/framework/src/Illuminate/Session/DatabaseSessionHandler.php(96): Illuminate/Database/Query/Builder->find()
#9 C:/Users/USER/Desktop/projet_tutore2/somagep/vendor/laravel/framework/src/Illuminate/Session/Store.php(128): Illuminate/Session/DatabaseSessionHandler->read()
#10 C:/Users/USER/Desktop/projet_tutore2/somagep/vendor/laravel/framework/src/Illuminate/Session/Store.php(116): Illuminate/Session/Store->readFromHandler()
#11 C:/Users/USER/Desktop/projet_tutore2/somagep/vendor/laravel/framework/src/Illuminate/Session/Store.php(100): Illuminate/Session/Store->loadSession()
#12 C:/Users/USER/Desktop/projet_tutore2/somagep/vendor/laravel/framework/src/Illuminate/Session/Middleware/StartSession.php(146): Illuminate/Session/Store->start()
#13 C:/Users/USER/Desktop/projet_tutore2/somagep/vendor/laravel/framework/src/Illuminate/Support/helpers.php(393): Illuminate/Session/Middleware/StartSession->{closure:Illuminate/Session/Middleware/StartSession::startSession():143}()
#14 C:/Users/USER/Desktop/projet_tutore2/somagep/vendor/laravel/framework/src/Illuminate/Session/Middleware/StartSession.php(143): tap()
#15 C:/Users/USER/Desktop/projet_tutore2/somagep/vendor/laravel/framework/src/Illuminate/Session/Middleware/StartSession.php(115): Illuminate/Session/Middleware/StartSession->startSession()
#16 C:/Users/USER/Desktop/projet_tutore2/somagep/vendor/laravel/framework/src/Illuminate/Session/Middleware/StartSession.php(63): Illuminate/Session/Middleware/StartSession->handleStatefulRequest()
#17 C:/Users/USER/Desktop/projet_tutore2/somagep/vendor/laravel/framework/src/Illuminate/Pipeline/Pipeline.php(219): Illuminate/Session/Middleware/StartSession->handle()
#18 C:/Users/USER/Desktop/projet_tutore2/somagep/vendor/laravel/framework/src/Illuminate/Cookie/Middleware/AddQueuedCookiesToResponse.php(36): Illuminate/Pipeline/Pipeline->{closure:{closure:Illuminate/Pipeline/Pipeline::carry():194}:195}()
#19 C:/Users/USER/Desktop/projet_tutore2/somagep/vendor/laravel/framework/src/Illuminate/Pipeline/Pipeline.php(219): Illuminate/Cookie/Middleware/AddQueuedCookiesToResponse->handle()
#20 C:/Users/USER/Desktop/projet_tutore2/somagep/vendor/laravel/framework/src/Illuminate/Cookie/Middleware/EncryptCookies.php(74): Illuminate/Pipeline/Pipeline->{closure:{closure:Illuminate/Pipeline/Pipeline::carry():194}:195}()
#21 C:/Users/USER/Desktop/projet_tutore2/somagep/vendor/laravel/framework/src/Illuminate/Pipeline/Pipeline.php(219): Illuminate/Cookie/Middleware/EncryptCookies->handle()
#22 C:/Users/USER/Desktop/projet_tutore2/somagep/vendor/laravel/framework/src/Illuminate/Pipeline/Pipeline.php(137): Illuminate/Pipeline/Pipeline->{closure:{closure:Illuminate/Pipeline/Pipeline::carry():194}:195}()
#23 C:/Users/USER/Desktop/projet_tutore2/somagep/vendor/laravel/framework/src/Illuminate/Routing/Router.php(821): Illuminate/Pipeline/Pipeline->then()
#24 C:/Users/USER/Desktop/projet_tutore2/somagep/vendor/laravel/framework/src/Illuminate/Routing/Router.php(800): Illuminate/Routing/Router->runRouteWithinStack()
#25 C:/Users/USER/Desktop/projet_tutore2/somagep/vendor/laravel/framework/src/Illuminate/Routing/Router.php(764): Illuminate/Routing/Router->runRoute()
#26 C:/Users/USER/Desktop/projet_tutore2/somagep/vendor/laravel/framework/src/Illuminate/Routing/Router.php(753): Illuminate/Routing/Router->dispatchToRoute()
#27 C:/Users/USER/Desktop/projet_tutore2/somagep/vendor/laravel/framework/src/Illuminate/Foundation/Http/Kernel.php(200): Illuminate/Routing/Router->dispatch()
#28 C:/Users/USER/Desktop/projet_tutore2/somagep/vendor/laravel/framework/src/Illuminate/Pipeline/Pipeline.php(180): Illuminate/Foundation/Http/Kernel->{closure:Illuminate/Foundation/Http/Kernel::dispatchToRouter():197}()
#29 C:/Users/USER/Desktop/projet_tutore2/somagep/vendor/laravel/framework/src/Illuminate/Foundation/Http/Middleware/TransformsRequest.php(21): Illuminate/Pipeline/Pipeline->{closure:Illuminate/Pipeline/Pipeline::prepareDestination():178}()
#30 C:/Users/USER/Desktop/projet_tutore2/somagep/vendor/laravel/framework/src/Illuminate/Foundation/Http/Middleware/ConvertEmptyStringsToNull.php(31): Illuminate/Foundation/Http/Middleware/TransformsRequest->handle()
#31 C:/Users/USER/Desktop/projet_tutore2/somagep/vendor/laravel/framework/src/Illuminate/Pipeline/Pipeline.php(219): Illuminate/Foundation/Http/Middleware/ConvertEmptyStringsToNull->handle()
#32 C:/Users/USER/Desktop/projet_tutore2/somagep/vendor/laravel/framework/src/Illuminate/Foundation/Http/Middleware/TransformsRequest.php(21): Illuminate/Pipeline/Pipeline->{closure:{closure:Illuminate/Pipeline/Pipeline::carry():194}:195}()
#33 C:/Users/USER/Desktop/projet_tutore2/somagep/vendor/laravel/framework/src/Illuminate/Foundation/Http/Middleware/TrimStrings.php(51): Illuminate/Foundation/Http/Middleware/TransformsRequest->handle()
#34 C:/Users/USER/Desktop/projet_tutore2/somagep/vendor/laravel/framework/src/Illuminate/Pipeline/Pipeline.php(219): Illuminate/Foundation/Http/Middleware/TrimStrings->handle()
#35 C:/Users/USER/Desktop/projet_tutore2/somagep/vendor/laravel/framework/src/Illuminate/Http/Middleware/ValidatePostSize.php(27): Illuminate/Pipeline/Pipeline->{closure:{closure:Illuminate/Pipeline/Pipeline::carry():194}:195}()
#36 C:/Users/USER/Desktop/projet_tutore2/somagep/vendor/laravel/framework/src/Illuminate/Pipeline/Pipeline.php(219): Illuminate/Http/Middleware/ValidatePostSize->handle()
#37 C:/Users/USER/Desktop/projet_tutore2/somagep/vendor/laravel/framework/src/Illuminate/Foundation/Http/Middleware/PreventRequestsDuringMaintenance.php(109): Illuminate/Pipeline/Pipeline->{closure:{closure:Illuminate/Pipeline/Pipeline::carry():194}:195}()
#38 C:/Users/USER/Desktop/projet_tutore2/somagep/vendor/laravel/framework/src/Illuminate/Pipeline/Pipeline.php(219): Illuminate/Foundation/Http/Middleware/PreventRequestsDuringMaintenance->handle()
#39 C:/Users/USER/Desktop/projet_tutore2/somagep/vendor/laravel/framework/src/Illuminate/Http/Middleware/HandleCors.php(61): Illuminate/Pipeline/Pipeline->{closure:{closure:Illuminate/Pipeline/Pipeline::carry():194}:195}()
#40 C:/Users/USER/Desktop/projet_tutore2/somagep/vendor/laravel/framework/src/Illuminate/Pipeline/Pipeline.php(219): Illuminate/Http/Middleware/HandleCors->handle()
#41 C:/Users/USER/Desktop/projet_tutore2/somagep/vendor/laravel/framework/src/Illuminate/Http/Middleware/TrustProxies.php(58): Illuminate/Pipeline/Pipeline->{closure:{closure:Illuminate/Pipeline/Pipeline::carry():194}:195}()
#42 C:/Users/USER/Desktop/projet_tutore2/somagep/vendor/laravel/framework/src/Illuminate/Pipeline/Pipeline.php(219): Illuminate/Http/Middleware/TrustProxies->handle()
#43 C:/Users/USER/Desktop/projet_tutore2/somagep/vendor/laravel/framework/src/Illuminate/Foundation/Http/Middleware/InvokeDeferredCallbacks.php(22): Illuminate/Pipeline/Pipeline->{closure:{closure:Illuminate/Pipeline/Pipeline::carry():194}:195}()
#44 C:/Users/USER/Desktop/projet_tutore2/somagep/vendor/laravel/framework/src/Illuminate/Pipeline/Pipeline.php(219): Illuminate/Foundation/Http/Middleware/InvokeDeferredCallbacks->handle()
#45 C:/Users/USER/Desktop/projet_tutore2/somagep/vendor/laravel/framework/src/Illuminate/Http/Middleware/ValidatePathEncoding.php(28): Illuminate/Pipeline/Pipeline->{closure:{closure:Illuminate/Pipeline/Pipeline::carry():194}:195}()
#46 C:/Users/USER/Desktop/projet_tutore2/somagep/vendor/laravel/framework/src/Illuminate/Pipeline/Pipeline.php(219): Illuminate/Http/Middleware/ValidatePathEncoding->handle()
#47 C:/Users/USER/Desktop/projet_tutore2/somagep/vendor/laravel/framework/src/Illuminate/Pipeline/Pipeline.php(137): Illuminate/Pipeline/Pipeline->{closure:{closure:Illuminate/Pipeline/Pipeline::carry():194}:195}()
#48 C:/Users/USER/Desktop/projet_tutore2/somagep/vendor/laravel/framework/src/Illuminate/Foundation/Http/Kernel.php(175): Illuminate/Pipeline/Pipeline->then()
#49 C:/Users/USER/Desktop/projet_tutore2/somagep/vendor/laravel/framework/src/Illuminate/Foundation/Http/Kernel.php(144): Illuminate/Foundation/Http/Kernel->sendRequestThroughRouter()
#50 C:/Users/USER/Desktop/projet_tutore2/somagep/vendor/laravel/framework/src/Illuminate/Foundation/Application.php(1220): Illuminate/Foundation/Http/Kernel->handle()
#51 C:/Users/USER/Desktop/projet_tutore2/somagep/public/index.php(20): Illuminate/Foundation/Application->handleRequest()
#52 C:/Users/USER/Desktop/projet_tutore2/somagep/vendor/laravel/framework/src/Illuminate/Foundation/resources/server.php(23): require_once('...')
#53 {main}
"} 
[2026-06-25 17:28:52] local.ERROR: SQLSTATE[42S02]: Base table or view not found: 1146 Table 'ditrack_db.cache' doesn't exist (Connection: mysql, Host: 127.0.0.1, Port: 3306, Database: ditrack_db, SQL: delete from `cache`) {"exception":"[object] (Illuminate\\Database\\QueryException(code: 42S02): SQLSTATE[42S02]: Base table or view not found: 1146 Table 'ditrack_db.cache' doesn't exist (Connection: mysql, Host: 127.0.0.1, Port: 3306, Database: ditrack_db, SQL: delete from `cache`) at C:/Users/USER/Desktop/projet_tutore2/somagep/vendor/laravel/framework/src/Illuminate/Database/Connection.php:857)
[stacktrace]
#0 C:/Users/USER/Desktop/projet_tutore2/somagep/vendor/laravel/framework/src/Illuminate/Database/Connection.php(813): Illuminate/Database/Connection->runQueryCallback()
#1 C:/Users/USER/Desktop/projet_tutore2/somagep/vendor/laravel/framework/src/Illuminate/Database/Connection.php(614): Illuminate/Database/Connection->run()
#2 C:/Users/USER/Desktop/projet_tutore2/somagep/vendor/laravel/framework/src/Illuminate/Database/Connection.php(578): Illuminate/Database/Connection->affectingStatement()
#3 C:/Users/USER/Desktop/projet_tutore2/somagep/vendor/laravel/framework/src/Illuminate/Database/Query/Builder.php(4520): Illuminate/Database/Connection->delete()
#4 C:/Users/USER/Desktop/projet_tutore2/somagep/vendor/laravel/framework/src/Illuminate/Cache/DatabaseStore.php(450): Illuminate/Database/Query/Builder->delete()
#5 C:/Users/USER/Desktop/projet_tutore2/somagep/vendor/laravel/framework/src/Illuminate/Cache/Repository.php(1071): Illuminate/Cache/DatabaseStore->flush()
#6 C:/Users/USER/Desktop/projet_tutore2/somagep/vendor/laravel/framework/src/Illuminate/Cache/Console/ClearCommand.php(80): Illuminate/Cache/Repository->__call()
#7 C:/Users/USER/Desktop/projet_tutore2/somagep/vendor/laravel/framework/src/Illuminate/Container/BoundMethod.php(36): Illuminate/Cache/Console/ClearCommand->handle()
#8 C:/Users/USER/Desktop/projet_tutore2/somagep/vendor/laravel/framework/src/Illuminate/Container/Util.php(43): Illuminate/Container/BoundMethod::{closure:Illuminate/Container/BoundMethod::call():35}()
#9 C:/Users/USER/Desktop/projet_tutore2/somagep/vendor/laravel/framework/src/Illuminate/Container/BoundMethod.php(96): Illuminate/Container/Util::unwrapIfClosure()
#10 C:/Users/USER/Desktop/projet_tutore2/somagep/vendor/laravel/framework/src/Illuminate/Container/BoundMethod.php(35): Illuminate/Container/BoundMethod::callBoundMethod()
#11 C:/Users/USER/Desktop/projet_tutore2/somagep/vendor/laravel/framework/src/Illuminate/Container/Container.php(799): Illuminate/Container/BoundMethod::call()
#12 C:/Users/USER/Desktop/projet_tutore2/somagep/vendor/laravel/framework/src/Illuminate/Console/Command.php(280): Illuminate/Container/Container->call()
#13 C:/Users/USER/Desktop/projet_tutore2/somagep/vendor/symfony/console/Command/Command.php(284): Illuminate/Console/Command->execute()
#14 C:/Users/USER/Desktop/projet_tutore2/somagep/vendor/laravel/framework/src/Illuminate/Console/Command.php(249): Symfony/Component/Console/Command/Command->run()
#15 C:/Users/USER/Desktop/projet_tutore2/somagep/vendor/laravel/framework/src/Illuminate/Console/Concerns/CallsCommands.php(68): Illuminate/Console/Command->run()
#16 C:/Users/USER/Desktop/projet_tutore2/somagep/vendor/laravel/framework/src/Illuminate/Console/Concerns/CallsCommands.php(41): Illuminate/Console/Command->runCommand()
#17 C:/Users/USER/Desktop/projet_tutore2/somagep/vendor/laravel/framework/src/Illuminate/Console/Concerns/CallsCommands.php(53): Illuminate/Console/Command->callSilent()
#18 C:/Users/USER/Desktop/projet_tutore2/somagep/vendor/laravel/framework/src/Illuminate/Foundation/Console/OptimizeClearCommand.php(48): Illuminate/Console/Command->callSilently()
#19 C:/Users/USER/Desktop/projet_tutore2/somagep/vendor/laravel/framework/src/Illuminate/Console/View/Components/Task.php(43): Illuminate/Foundation/Console/OptimizeClearCommand->{closure:Illuminate/Foundation/Console/OptimizeClearCommand::handle():48}()
#20 C:/Users/USER/Desktop/projet_tutore2/somagep/vendor/laravel/framework/src/Illuminate/Console/View/Components/Factory.php(59): Illuminate/Console/View/Components/Task->render()
#21 C:/Users/USER/Desktop/projet_tutore2/somagep/vendor/laravel/framework/src/Illuminate/Foundation/Console/OptimizeClearCommand.php(48): Illuminate/Console/View/Components/Factory->__call()
#22 C:/Users/USER/Desktop/projet_tutore2/somagep/vendor/laravel/framework/src/Illuminate/Container/BoundMethod.php(36): Illuminate/Foundation/Console/OptimizeClearCommand->handle()
#23 C:/Users/USER/Desktop/projet_tutore2/somagep/vendor/laravel/framework/src/Illuminate/Container/Util.php(43): Illuminate/Container/BoundMethod::{closure:Illuminate/Container/BoundMethod::call():35}()
#24 C:/Users/USER/Desktop/projet_tutore2/somagep/vendor/laravel/framework/src/Illuminate/Container/BoundMethod.php(96): Illuminate/Container/Util::unwrapIfClosure()
#25 C:/Users/USER/Desktop/projet_tutore2/somagep/vendor/laravel/framework/src/Illuminate/Container/BoundMethod.php(35): Illuminate/Container/BoundMethod::callBoundMethod()
#26 C:/Users/USER/Desktop/projet_tutore2/somagep/vendor/laravel/framework/src/Illuminate/Container/Container.php(799): Illuminate/Container/BoundMethod::call()
#27 C:/Users/USER/Desktop/projet_tutore2/somagep/vendor/laravel/framework/src/Illuminate/Console/Command.php(280): Illuminate/Container/Container->call()
#28 C:/Users/USER/Desktop/projet_tutore2/somagep/vendor/symfony/console/Command/Command.php(284): Illuminate/Console/Command->execute()
#29 C:/Users/USER/Desktop/projet_tutore2/somagep/vendor/laravel/framework/src/Illuminate/Console/Command.php(249): Symfony/Component/Console/Command/Command->run()
#30 C:/Users/USER/Desktop/projet_tutore2/somagep/vendor/symfony/console/Application.php(1144): Illuminate/Console/Command->run()
#31 C:/Users/USER/Desktop/projet_tutore2/somagep/vendor/symfony/console/Application.php(379): Symfony/Component/Console/Application->doRunCommand()
#32 C:/Users/USER/Desktop/projet_tutore2/somagep/vendor/symfony/console/Application.php(218): Symfony/Component/Console/Application->doRun()
#33 C:/Users/USER/Desktop/projet_tutore2/somagep/vendor/laravel/framework/src/Illuminate/Foundation/Console/Kernel.php(198): Symfony/Component/Console/Application->run()
#34 C:/Users/USER/Desktop/projet_tutore2/somagep/vendor/laravel/framework/src/Illuminate/Foundation/Application.php(1235): Illuminate/Foundation/Console/Kernel->handle()
#35 C:/Users/USER/Desktop/projet_tutore2/somagep/artisan(16): Illuminate/Foundation/Application->handleCommand()
#36 {main}

[previous exception] [object] (PDOException(code: 42S02): SQLSTATE[42S02]: Base table or view not found: 1146 Table 'ditrack_db.cache' doesn't exist at C:/Users/USER/Desktop/projet_tutore2/somagep/vendor/laravel/framework/src/Illuminate/Database/Connection.php:622)
[stacktrace]
#0 C:/Users/USER/Desktop/projet_tutore2/somagep/vendor/laravel/framework/src/Illuminate/Database/Connection.php(622): PDO->prepare()
#1 C:/Users/USER/Desktop/projet_tutore2/somagep/vendor/laravel/framework/src/Illuminate/Database/Connection.php(846): Illuminate/Database/Connection->{closure:Illuminate/Database/Connection::affectingStatement():614}()
#2 C:/Users/USER/Desktop/projet_tutore2/somagep/vendor/laravel/framework/src/Illuminate/Database/Connection.php(813): Illuminate/Database/Connection->runQueryCallback()
#3 C:/Users/USER/Desktop/projet_tutore2/somagep/vendor/laravel/framework/src/Illuminate/Database/Connection.php(614): Illuminate/Database/Connection->run()
#4 C:/Users/USER/Desktop/projet_tutore2/somagep/vendor/laravel/framework/src/Illuminate/Database/Connection.php(578): Illuminate/Database/Connection->affectingStatement()
#5 C:/Users/USER/Desktop/projet_tutore2/somagep/vendor/laravel/framework/src/Illuminate/Database/Query/Builder.php(4520): Illuminate/Database/Connection->delete()
#6 C:/Users/USER/Desktop/projet_tutore2/somagep/vendor/laravel/framework/src/Illuminate/Cache/DatabaseStore.php(450): Illuminate/Database/Query/Builder->delete()
#7 C:/Users/USER/Desktop/projet_tutore2/somagep/vendor/laravel/framework/src/Illuminate/Cache/Repository.php(1071): Illuminate/Cache/DatabaseStore->flush()
#8 C:/Users/USER/Desktop/projet_tutore2/somagep/vendor/laravel/framework/src/Illuminate/Cache/Console/ClearCommand.php(80): Illuminate/Cache/Repository->__call()
#9 C:/Users/USER/Desktop/projet_tutore2/somagep/vendor/laravel/framework/src/Illuminate/Container/BoundMethod.php(36): Illuminate/Cache/Console/ClearCommand->handle()
#10 C:/Users/USER/Desktop/projet_tutore2/somagep/vendor/laravel/framework/src/Illuminate/Container/Util.php(43): Illuminate/Container/BoundMethod::{closure:Illuminate/Container/BoundMethod::call():35}()
#11 C:/Users/USER/Desktop/projet_tutore2/somagep/vendor/laravel/framework/src/Illuminate/Container/BoundMethod.php(96): Illuminate/Container/Util::unwrapIfClosure()
#12 C:/Users/USER/Desktop/projet_tutore2/somagep/vendor/laravel/framework/src/Illuminate/Container/BoundMethod.php(35): Illuminate/Container/BoundMethod::callBoundMethod()
#13 C:/Users/USER/Desktop/projet_tutore2/somagep/vendor/laravel/framework/src/Illuminate/Container/Container.php(799): Illuminate/Container/BoundMethod::call()
#14 C:/Users/USER/Desktop/projet_tutore2/somagep/vendor/laravel/framework/src/Illuminate/Console/Command.php(280): Illuminate/Container/Container->call()
#15 C:/Users/USER/Desktop/projet_tutore2/somagep/vendor/symfony/console/Command/Command.php(284): Illuminate/Console/Command->execute()
#16 C:/Users/USER/Desktop/projet_tutore2/somagep/vendor/laravel/framework/src/Illuminate/Console/Command.php(249): Symfony/Component/Console/Command/Command->run()
#17 C:/Users/USER/Desktop/projet_tutore2/somagep/vendor/laravel/framework/src/Illuminate/Console/Concerns/CallsCommands.php(68): Illuminate/Console/Command->run()
#18 C:/Users/USER/Desktop/projet_tutore2/somagep/vendor/laravel/framework/src/Illuminate/Console/Concerns/CallsCommands.php(41): Illuminate/Console/Command->runCommand()
#19 C:/Users/USER/Desktop/projet_tutore2/somagep/vendor/laravel/framework/src/Illuminate/Console/Concerns/CallsCommands.php(53): Illuminate/Console/Command->callSilent()
#20 C:/Users/USER/Desktop/projet_tutore2/somagep/vendor/laravel/framework/src/Illuminate/Foundation/Console/OptimizeClearCommand.php(48): Illuminate/Console/Command->callSilently()
#21 C:/Users/USER/Desktop/projet_tutore2/somagep/vendor/laravel/framework/src/Illuminate/Console/View/Components/Task.php(43): Illuminate/Foundation/Console/OptimizeClearCommand->{closure:Illuminate/Foundation/Console/OptimizeClearCommand::handle():48}()
#22 C:/Users/USER/Desktop/projet_tutore2/somagep/vendor/laravel/framework/src/Illuminate/Console/View/Components/Factory.php(59): Illuminate/Console/View/Components/Task->render()
#23 C:/Users/USER/Desktop/projet_tutore2/somagep/vendor/laravel/framework/src/Illuminate/Foundation/Console/OptimizeClearCommand.php(48): Illuminate/Console/View/Components/Factory->__call()
#24 C:/Users/USER/Desktop/projet_tutore2/somagep/vendor/laravel/framework/src/Illuminate/Container/BoundMethod.php(36): Illuminate/Foundation/Console/OptimizeClearCommand->handle()
#25 C:/Users/USER/Desktop/projet_tutore2/somagep/vendor/laravel/framework/src/Illuminate/Container/Util.php(43): Illuminate/Container/BoundMethod::{closure:Illuminate/Container/BoundMethod::call():35}()
#26 C:/Users/USER/Desktop/projet_tutore2/somagep/vendor/laravel/framework/src/Illuminate/Container/BoundMethod.php(96): Illuminate/Container/Util::unwrapIfClosure()
#27 C:/Users/USER/Desktop/projet_tutore2/somagep/vendor/laravel/framework/src/Illuminate/Container/BoundMethod.php(35): Illuminate/Container/BoundMethod::callBoundMethod()
#28 C:/Users/USER/Desktop/projet_tutore2/somagep/vendor/laravel/framework/src/Illuminate/Container/Container.php(799): Illuminate/Container/BoundMethod::call()
#29 C:/Users/USER/Desktop/projet_tutore2/somagep/vendor/laravel/framework/src/Illuminate/Console/Command.php(280): Illuminate/Container/Container->call()
#30 C:/Users/USER/Desktop/projet_tutore2/somagep/vendor/symfony/console/Command/Command.php(284): Illuminate/Console/Command->execute()
#31 C:/Users/USER/Desktop/projet_tutore2/somagep/vendor/laravel/framework/src/Illuminate/Console/Command.php(249): Symfony/Component/Console/Command/Command->run()
#32 C:/Users/USER/Desktop/projet_tutore2/somagep/vendor/symfony/console/Application.php(1144): Illuminate/Console/Command->run()
#33 C:/Users/USER/Desktop/projet_tutore2/somagep/vendor/symfony/console/Application.php(379): Symfony/Component/Console/Application->doRunCommand()
#34 C:/Users/USER/Desktop/projet_tutore2/somagep/vendor/symfony/console/Application.php(218): Symfony/Component/Console/Application->doRun()
#35 C:/Users/USER/Desktop/projet_tutore2/somagep/vendor/laravel/framework/src/Illuminate/Foundation/Console/Kernel.php(198): Symfony/Component/Console/Application->run()
#36 C:/Users/USER/Desktop/projet_tutore2/somagep/vendor/laravel/framework/src/Illuminate/Foundation/Application.php(1235): Illuminate/Foundation/Console/Kernel->handle()
#37 C:/Users/USER/Desktop/projet_tutore2/somagep/artisan(16): Illuminate/Foundation/Application->handleCommand()
#38 {main}
"} 
[2026-06-25 17:31:21] local.ERROR: SQLSTATE[42S02]: Base table or view not found: 1146 Table 'ditrack_db.sessions' doesn't exist (Connection: mysql, Host: 127.0.0.1, Port: 3306, Database: ditrack_db, SQL: select * from `sessions` where `id` = NszCBg3sjVmKoFDkhOIlq5I6d5csvn6pZUsNzGwk limit 1) {"exception":"[object] (Illuminate\\Database\\QueryException(code: 42S02): SQLSTATE[42S02]: Base table or view not found: 1146 Table 'ditrack_db.sessions' doesn't exist (Connection: mysql, Host: 127.0.0.1, Port: 3306, Database: ditrack_db, SQL: select * from `sessions` where `id` = NszCBg3sjVmKoFDkhOIlq5I6d5csvn6pZUsNzGwk limit 1) at C:/Users/USER/Desktop/projet_tutore2/somagep/vendor/laravel/framework/src/Illuminate/Database/Connection.php:857)
[stacktrace]
#0 C:/Users/USER/Desktop/projet_tutore2/somagep/vendor/laravel/framework/src/Illuminate/Database/Connection.php(813): Illuminate/Database/Connection->runQueryCallback()
#1 C:/Users/USER/Desktop/projet_tutore2/somagep/vendor/laravel/framework/src/Illuminate/Database/Connection.php(426): Illuminate/Database/Connection->run()
#2 C:/Users/USER/Desktop/projet_tutore2/somagep/vendor/laravel/framework/src/Illuminate/Database/Query/Builder.php(3573): Illuminate/Database/Connection->select()
#3 C:/Users/USER/Desktop/projet_tutore2/somagep/vendor/laravel/framework/src/Illuminate/Database/Query/Builder.php(3557): Illuminate/Database/Query/Builder->runSelect()
#4 C:/Users/USER/Desktop/projet_tutore2/somagep/vendor/laravel/framework/src/Illuminate/Database/Concerns/BuildsQueries.php(366): Illuminate/Database/Query/Builder->get()
#5 C:/Users/USER/Desktop/projet_tutore2/somagep/vendor/laravel/framework/src/Illuminate/Database/Query/Builder.php(3475): Illuminate/Database/Query/Builder->first()
#6 C:/Users/USER/Desktop/projet_tutore2/somagep/vendor/laravel/framework/src/Illuminate/Session/DatabaseSessionHandler.php(96): Illuminate/Database/Query/Builder->find()
#7 C:/Users/USER/Desktop/projet_tutore2/somagep/vendor/laravel/framework/src/Illuminate/Session/Store.php(128): Illuminate/Session/DatabaseSessionHandler->read()
#8 C:/Users/USER/Desktop/projet_tutore2/somagep/vendor/laravel/framework/src/Illuminate/Session/Store.php(116): Illuminate/Session/Store->readFromHandler()
#9 C:/Users/USER/Desktop/projet_tutore2/somagep/vendor/laravel/framework/src/Illuminate/Session/Store.php(100): Illuminate/Session/Store->loadSession()
#10 C:/Users/USER/Desktop/projet_tutore2/somagep/vendor/laravel/framework/src/Illuminate/Session/Middleware/StartSession.php(146): Illuminate/Session/Store->start()
#11 C:/Users/USER/Desktop/projet_tutore2/somagep/vendor/laravel/framework/src/Illuminate/Support/helpers.php(393): Illuminate/Session/Middleware/StartSession->{closure:Illuminate/Session/Middleware/StartSession::startSession():143}()
#12 C:/Users/USER/Desktop/projet_tutore2/somagep/vendor/laravel/framework/src/Illuminate/Session/Middleware/StartSession.php(143): tap()
#13 C:/Users/USER/Desktop/projet_tutore2/somagep/vendor/laravel/framework/src/Illuminate/Session/Middleware/StartSession.php(115): Illuminate/Session/Middleware/StartSession->startSession()
#14 C:/Users/USER/Desktop/projet_tutore2/somagep/vendor/laravel/framework/src/Illuminate/Session/Middleware/StartSession.php(63): Illuminate/Session/Middleware/StartSession->handleStatefulRequest()
#15 C:/Users/USER/Desktop/projet_tutore2/somagep/vendor/laravel/framework/src/Illuminate/Pipeline/Pipeline.php(219): Illuminate/Session/Middleware/StartSession->handle()
#16 C:/Users/USER/Desktop/projet_tutore2/somagep/vendor/laravel/framework/src/Illuminate/Cookie/Middleware/AddQueuedCookiesToResponse.php(36): Illuminate/Pipeline/Pipeline->{closure:{closure:Illuminate/Pipeline/Pipeline::carry():194}:195}()
#17 C:/Users/USER/Desktop/projet_tutore2/somagep/vendor/laravel/framework/src/Illuminate/Pipeline/Pipeline.php(219): Illuminate/Cookie/Middleware/AddQueuedCookiesToResponse->handle()
#18 C:/Users/USER/Desktop/projet_tutore2/somagep/vendor/laravel/framework/src/Illuminate/Cookie/Middleware/EncryptCookies.php(74): Illuminate/Pipeline/Pipeline->{closure:{closure:Illuminate/Pipeline/Pipeline::carry():194}:195}()
#19 C:/Users/USER/Desktop/projet_tutore2/somagep/vendor/laravel/framework/src/Illuminate/Pipeline/Pipeline.php(219): Illuminate/Cookie/Middleware/EncryptCookies->handle()
#20 C:/Users/USER/Desktop/projet_tutore2/somagep/vendor/laravel/framework/src/Illuminate/Pipeline/Pipeline.php(137): Illuminate/Pipeline/Pipeline->{closure:{closure:Illuminate/Pipeline/Pipeline::carry():194}:195}()
#21 C:/Users/USER/Desktop/projet_tutore2/somagep/vendor/laravel/framework/src/Illuminate/Routing/Router.php(821): Illuminate/Pipeline/Pipeline->then()
#22 C:/Users/USER/Desktop/projet_tutore2/somagep/vendor/laravel/framework/src/Illuminate/Routing/Router.php(800): Illuminate/Routing/Router->runRouteWithinStack()
#23 C:/Users/USER/Desktop/projet_tutore2/somagep/vendor/laravel/framework/src/Illuminate/Routing/Router.php(764): Illuminate/Routing/Router->runRoute()
#24 C:/Users/USER/Desktop/projet_tutore2/somagep/vendor/laravel/framework/src/Illuminate/Routing/Router.php(753): Illuminate/Routing/Router->dispatchToRoute()
#25 C:/Users/USER/Desktop/projet_tutore2/somagep/vendor/laravel/framework/src/Illuminate/Foundation/Http/Kernel.php(200): Illuminate/Routing/Router->dispatch()
#26 C:/Users/USER/Desktop/projet_tutore2/somagep/vendor/laravel/framework/src/Illuminate/Pipeline/Pipeline.php(180): Illuminate/Foundation/Http/Kernel->{closure:Illuminate/Foundation/Http/Kernel::dispatchToRouter():197}()
#27 C:/Users/USER/Desktop/projet_tutore2/somagep/vendor/laravel/framework/src/Illuminate/Foundation/Http/Middleware/TransformsRequest.php(21): Illuminate/Pipeline/Pipeline->{closure:Illuminate/Pipeline/Pipeline::prepareDestination():178}()
#28 C:/Users/USER/Desktop/projet_tutore2/somagep/vendor/laravel/framework/src/Illuminate/Foundation/Http/Middleware/ConvertEmptyStringsToNull.php(31): Illuminate/Foundation/Http/Middleware/TransformsRequest->handle()
#29 C:/Users/USER/Desktop/projet_tutore2/somagep/vendor/laravel/framework/src/Illuminate/Pipeline/Pipeline.php(219): Illuminate/Foundation/Http/Middleware/ConvertEmptyStringsToNull->handle()
#30 C:/Users/USER/Desktop/projet_tutore2/somagep/vendor/laravel/framework/src/Illuminate/Foundation/Http/Middleware/TransformsRequest.php(21): Illuminate/Pipeline/Pipeline->{closure:{closure:Illuminate/Pipeline/Pipeline::carry():194}:195}()
#31 C:/Users/USER/Desktop/projet_tutore2/somagep/vendor/laravel/framework/src/Illuminate/Foundation/Http/Middleware/TrimStrings.php(51): Illuminate/Foundation/Http/Middleware/TransformsRequest->handle()
#32 C:/Users/USER/Desktop/projet_tutore2/somagep/vendor/laravel/framework/src/Illuminate/Pipeline/Pipeline.php(219): Illuminate/Foundation/Http/Middleware/TrimStrings->handle()
#33 C:/Users/USER/Desktop/projet_tutore2/somagep/vendor/laravel/framework/src/Illuminate/Http/Middleware/ValidatePostSize.php(27): Illuminate/Pipeline/Pipeline->{closure:{closure:Illuminate/Pipeline/Pipeline::carry():194}:195}()
#34 C:/Users/USER/Desktop/projet_tutore2/somagep/vendor/laravel/framework/src/Illuminate/Pipeline/Pipeline.php(219): Illuminate/Http/Middleware/ValidatePostSize->handle()
#35 C:/Users/USER/Desktop/projet_tutore2/somagep/vendor/laravel/framework/src/Illuminate/Foundation/Http/Middleware/PreventRequestsDuringMaintenance.php(109): Illuminate/Pipeline/Pipeline->{closure:{closure:Illuminate/Pipeline/Pipeline::carry():194}:195}()
#36 C:/Users/USER/Desktop/projet_tutore2/somagep/vendor/laravel/framework/src/Illuminate/Pipeline/Pipeline.php(219): Illuminate/Foundation/Http/Middleware/PreventRequestsDuringMaintenance->handle()
#37 C:/Users/USER/Desktop/projet_tutore2/somagep/vendor/laravel/framework/src/Illuminate/Http/Middleware/HandleCors.php(61): Illuminate/Pipeline/Pipeline->{closure:{closure:Illuminate/Pipeline/Pipeline::carry():194}:195}()
#38 C:/Users/USER/Desktop/projet_tutore2/somagep/vendor/laravel/framework/src/Illuminate/Pipeline/Pipeline.php(219): Illuminate/Http/Middleware/HandleCors->handle()
#39 C:/Users/USER/Desktop/projet_tutore2/somagep/vendor/laravel/framework/src/Illuminate/Http/Middleware/TrustProxies.php(58): Illuminate/Pipeline/Pipeline->{closure:{closure:Illuminate/Pipeline/Pipeline::carry():194}:195}()
#40 C:/Users/USER/Desktop/projet_tutore2/somagep/vendor/laravel/framework/src/Illuminate/Pipeline/Pipeline.php(219): Illuminate/Http/Middleware/TrustProxies->handle()
#41 C:/Users/USER/Desktop/projet_tutore2/somagep/vendor/laravel/framework/src/Illuminate/Foundation/Http/Middleware/InvokeDeferredCallbacks.php(22): Illuminate/Pipeline/Pipeline->{closure:{closure:Illuminate/Pipeline/Pipeline::carry():194}:195}()
#42 C:/Users/USER/Desktop/projet_tutore2/somagep/vendor/laravel/framework/src/Illuminate/Pipeline/Pipeline.php(219): Illuminate/Foundation/Http/Middleware/InvokeDeferredCallbacks->handle()
#43 C:/Users/USER/Desktop/projet_tutore2/somagep/vendor/laravel/framework/src/Illuminate/Http/Middleware/ValidatePathEncoding.php(28): Illuminate/Pipeline/Pipeline->{closure:{closure:Illuminate/Pipeline/Pipeline::carry():194}:195}()
#44 C:/Users/USER/Desktop/projet_tutore2/somagep/vendor/laravel/framework/src/Illuminate/Pipeline/Pipeline.php(219): Illuminate/Http/Middleware/ValidatePathEncoding->handle()
#45 C:/Users/USER/Desktop/projet_tutore2/somagep/vendor/laravel/framework/src/Illuminate/Pipeline/Pipeline.php(137): Illuminate/Pipeline/Pipeline->{closure:{closure:Illuminate/Pipeline/Pipeline::carry():194}:195}()
#46 C:/Users/USER/Desktop/projet_tutore2/somagep/vendor/laravel/framework/src/Illuminate/Foundation/Http/Kernel.php(175): Illuminate/Pipeline/Pipeline->then()
#47 C:/Users/USER/Desktop/projet_tutore2/somagep/vendor/laravel/framework/src/Illuminate/Foundation/Http/Kernel.php(144): Illuminate/Foundation/Http/Kernel->sendRequestThroughRouter()
#48 C:/Users/USER/Desktop/projet_tutore2/somagep/vendor/laravel/framework/src/Illuminate/Foundation/Application.php(1220): Illuminate/Foundation/Http/Kernel->handle()
#49 C:/Users/USER/Desktop/projet_tutore2/somagep/public/index.php(20): Illuminate/Foundation/Application->handleRequest()
#50 C:/Users/USER/Desktop/projet_tutore2/somagep/vendor/laravel/framework/src/Illuminate/Foundation/resources/server.php(23): require_once('...')
#51 {main}

[previous exception] [object] (PDOException(code: 42S02): SQLSTATE[42S02]: Base table or view not found: 1146 Table 'ditrack_db.sessions' doesn't exist at C:/Users/USER/Desktop/projet_tutore2/somagep/vendor/laravel/framework/src/Illuminate/Database/Connection.php:435)
[stacktrace]
#0 C:/Users/USER/Desktop/projet_tutore2/somagep/vendor/laravel/framework/src/Illuminate/Database/Connection.php(435): PDO->prepare()
#1 C:/Users/USER/Desktop/projet_tutore2/somagep/vendor/laravel/framework/src/Illuminate/Database/Connection.php(846): Illuminate/Database/Connection->{closure:Illuminate/Database/Connection::select():426}()
#2 C:/Users/USER/Desktop/projet_tutore2/somagep/vendor/laravel/framework/src/Illuminate/Database/Connection.php(813): Illuminate/Database/Connection->runQueryCallback()
#3 C:/Users/USER/Desktop/projet_tutore2/somagep/vendor/laravel/framework/src/Illuminate/Database/Connection.php(426): Illuminate/Database/Connection->run()
#4 C:/Users/USER/Desktop/projet_tutore2/somagep/vendor/laravel/framework/src/Illuminate/Database/Query/Builder.php(3573): Illuminate/Database/Connection->select()
#5 C:/Users/USER/Desktop/projet_tutore2/somagep/vendor/laravel/framework/src/Illuminate/Database/Query/Builder.php(3557): Illuminate/Database/Query/Builder->runSelect()
#6 C:/Users/USER/Desktop/projet_tutore2/somagep/vendor/laravel/framework/src/Illuminate/Database/Concerns/BuildsQueries.php(366): Illuminate/Database/Query/Builder->get()
#7 C:/Users/USER/Desktop/projet_tutore2/somagep/vendor/laravel/framework/src/Illuminate/Database/Query/Builder.php(3475): Illuminate/Database/Query/Builder->first()
#8 C:/Users/USER/Desktop/projet_tutore2/somagep/vendor/laravel/framework/src/Illuminate/Session/DatabaseSessionHandler.php(96): Illuminate/Database/Query/Builder->find()
#9 C:/Users/USER/Desktop/projet_tutore2/somagep/vendor/laravel/framework/src/Illuminate/Session/Store.php(128): Illuminate/Session/DatabaseSessionHandler->read()
#10 C:/Users/USER/Desktop/projet_tutore2/somagep/vendor/laravel/framework/src/Illuminate/Session/Store.php(116): Illuminate/Session/Store->readFromHandler()
#11 C:/Users/USER/Desktop/projet_tutore2/somagep/vendor/laravel/framework/src/Illuminate/Session/Store.php(100): Illuminate/Session/Store->loadSession()
#12 C:/Users/USER/Desktop/projet_tutore2/somagep/vendor/laravel/framework/src/Illuminate/Session/Middleware/StartSession.php(146): Illuminate/Session/Store->start()
#13 C:/Users/USER/Desktop/projet_tutore2/somagep/vendor/laravel/framework/src/Illuminate/Support/helpers.php(393): Illuminate/Session/Middleware/StartSession->{closure:Illuminate/Session/Middleware/StartSession::startSession():143}()
#14 C:/Users/USER/Desktop/projet_tutore2/somagep/vendor/laravel/framework/src/Illuminate/Session/Middleware/StartSession.php(143): tap()
#15 C:/Users/USER/Desktop/projet_tutore2/somagep/vendor/laravel/framework/src/Illuminate/Session/Middleware/StartSession.php(115): Illuminate/Session/Middleware/StartSession->startSession()
#16 C:/Users/USER/Desktop/projet_tutore2/somagep/vendor/laravel/framework/src/Illuminate/Session/Middleware/StartSession.php(63): Illuminate/Session/Middleware/StartSession->handleStatefulRequest()
#17 C:/Users/USER/Desktop/projet_tutore2/somagep/vendor/laravel/framework/src/Illuminate/Pipeline/Pipeline.php(219): Illuminate/Session/Middleware/StartSession->handle()
#18 C:/Users/USER/Desktop/projet_tutore2/somagep/vendor/laravel/framework/src/Illuminate/Cookie/Middleware/AddQueuedCookiesToResponse.php(36): Illuminate/Pipeline/Pipeline->{closure:{closure:Illuminate/Pipeline/Pipeline::carry():194}:195}()
#19 C:/Users/USER/Desktop/projet_tutore2/somagep/vendor/laravel/framework/src/Illuminate/Pipeline/Pipeline.php(219): Illuminate/Cookie/Middleware/AddQueuedCookiesToResponse->handle()
#20 C:/Users/USER/Desktop/projet_tutore2/somagep/vendor/laravel/framework/src/Illuminate/Cookie/Middleware/EncryptCookies.php(74): Illuminate/Pipeline/Pipeline->{closure:{closure:Illuminate/Pipeline/Pipeline::carry():194}:195}()
#21 C:/Users/USER/Desktop/projet_tutore2/somagep/vendor/laravel/framework/src/Illuminate/Pipeline/Pipeline.php(219): Illuminate/Cookie/Middleware/EncryptCookies->handle()
#22 C:/Users/USER/Desktop/projet_tutore2/somagep/vendor/laravel/framework/src/Illuminate/Pipeline/Pipeline.php(137): Illuminate/Pipeline/Pipeline->{closure:{closure:Illuminate/Pipeline/Pipeline::carry():194}:195}()
#23 C:/Users/USER/Desktop/projet_tutore2/somagep/vendor/laravel/framework/src/Illuminate/Routing/Router.php(821): Illuminate/Pipeline/Pipeline->then()
#24 C:/Users/USER/Desktop/projet_tutore2/somagep/vendor/laravel/framework/src/Illuminate/Routing/Router.php(800): Illuminate/Routing/Router->runRouteWithinStack()
#25 C:/Users/USER/Desktop/projet_tutore2/somagep/vendor/laravel/framework/src/Illuminate/Routing/Router.php(764): Illuminate/Routing/Router->runRoute()
#26 C:/Users/USER/Desktop/projet_tutore2/somagep/vendor/laravel/framework/src/Illuminate/Routing/Router.php(753): Illuminate/Routing/Router->dispatchToRoute()
#27 C:/Users/USER/Desktop/projet_tutore2/somagep/vendor/laravel/framework/src/Illuminate/Foundation/Http/Kernel.php(200): Illuminate/Routing/Router->dispatch()
#28 C:/Users/USER/Desktop/projet_tutore2/somagep/vendor/laravel/framework/src/Illuminate/Pipeline/Pipeline.php(180): Illuminate/Foundation/Http/Kernel->{closure:Illuminate/Foundation/Http/Kernel::dispatchToRouter():197}()
#29 C:/Users/USER/Desktop/projet_tutore2/somagep/vendor/laravel/framework/src/Illuminate/Foundation/Http/Middleware/TransformsRequest.php(21): Illuminate/Pipeline/Pipeline->{closure:Illuminate/Pipeline/Pipeline::prepareDestination():178}()
#30 C:/Users/USER/Desktop/projet_tutore2/somagep/vendor/laravel/framework/src/Illuminate/Foundation/Http/Middleware/ConvertEmptyStringsToNull.php(31): Illuminate/Foundation/Http/Middleware/TransformsRequest->handle()
#31 C:/Users/USER/Desktop/projet_tutore2/somagep/vendor/laravel/framework/src/Illuminate/Pipeline/Pipeline.php(219): Illuminate/Foundation/Http/Middleware/ConvertEmptyStringsToNull->handle()
#32 C:/Users/USER/Desktop/projet_tutore2/somagep/vendor/laravel/framework/src/Illuminate/Foundation/Http/Middleware/TransformsRequest.php(21): Illuminate/Pipeline/Pipeline->{closure:{closure:Illuminate/Pipeline/Pipeline::carry():194}:195}()
#33 C:/Users/USER/Desktop/projet_tutore2/somagep/vendor/laravel/framework/src/Illuminate/Foundation/Http/Middleware/TrimStrings.php(51): Illuminate/Foundation/Http/Middleware/TransformsRequest->handle()
#34 C:/Users/USER/Desktop/projet_tutore2/somagep/vendor/laravel/framework/src/Illuminate/Pipeline/Pipeline.php(219): Illuminate/Foundation/Http/Middleware/TrimStrings->handle()
#35 C:/Users/USER/Desktop/projet_tutore2/somagep/vendor/laravel/framework/src/Illuminate/Http/Middleware/ValidatePostSize.php(27): Illuminate/Pipeline/Pipeline->{closure:{closure:Illuminate/Pipeline/Pipeline::carry():194}:195}()
#36 C:/Users/USER/Desktop/projet_tutore2/somagep/vendor/laravel/framework/src/Illuminate/Pipeline/Pipeline.php(219): Illuminate/Http/Middleware/ValidatePostSize->handle()
#37 C:/Users/USER/Desktop/projet_tutore2/somagep/vendor/laravel/framework/src/Illuminate/Foundation/Http/Middleware/PreventRequestsDuringMaintenance.php(109): Illuminate/Pipeline/Pipeline->{closure:{closure:Illuminate/Pipeline/Pipeline::carry():194}:195}()
#38 C:/Users/USER/Desktop/projet_tutore2/somagep/vendor/laravel/framework/src/Illuminate/Pipeline/Pipeline.php(219): Illuminate/Foundation/Http/Middleware/PreventRequestsDuringMaintenance->handle()
#39 C:/Users/USER/Desktop/projet_tutore2/somagep/vendor/laravel/framework/src/Illuminate/Http/Middleware/HandleCors.php(61): Illuminate/Pipeline/Pipeline->{closure:{closure:Illuminate/Pipeline/Pipeline::carry():194}:195}()
#40 C:/Users/USER/Desktop/projet_tutore2/somagep/vendor/laravel/framework/src/Illuminate/Pipeline/Pipeline.php(219): Illuminate/Http/Middleware/HandleCors->handle()
#41 C:/Users/USER/Desktop/projet_tutore2/somagep/vendor/laravel/framework/src/Illuminate/Http/Middleware/TrustProxies.php(58): Illuminate/Pipeline/Pipeline->{closure:{closure:Illuminate/Pipeline/Pipeline::carry():194}:195}()
#42 C:/Users/USER/Desktop/projet_tutore2/somagep/vendor/laravel/framework/src/Illuminate/Pipeline/Pipeline.php(219): Illuminate/Http/Middleware/TrustProxies->handle()
#43 C:/Users/USER/Desktop/projet_tutore2/somagep/vendor/laravel/framework/src/Illuminate/Foundation/Http/Middleware/InvokeDeferredCallbacks.php(22): Illuminate/Pipeline/Pipeline->{closure:{closure:Illuminate/Pipeline/Pipeline::carry():194}:195}()
#44 C:/Users/USER/Desktop/projet_tutore2/somagep/vendor/laravel/framework/src/Illuminate/Pipeline/Pipeline.php(219): Illuminate/Foundation/Http/Middleware/InvokeDeferredCallbacks->handle()
#45 C:/Users/USER/Desktop/projet_tutore2/somagep/vendor/laravel/framework/src/Illuminate/Http/Middleware/ValidatePathEncoding.php(28): Illuminate/Pipeline/Pipeline->{closure:{closure:Illuminate/Pipeline/Pipeline::carry():194}:195}()
#46 C:/Users/USER/Desktop/projet_tutore2/somagep/vendor/laravel/framework/src/Illuminate/Pipeline/Pipeline.php(219): Illuminate/Http/Middleware/ValidatePathEncoding->handle()
#47 C:/Users/USER/Desktop/projet_tutore2/somagep/vendor/laravel/framework/src/Illuminate/Pipeline/Pipeline.php(137): Illuminate/Pipeline/Pipeline->{closure:{closure:Illuminate/Pipeline/Pipeline::carry():194}:195}()
#48 C:/Users/USER/Desktop/projet_tutore2/somagep/vendor/laravel/framework/src/Illuminate/Foundation/Http/Kernel.php(175): Illuminate/Pipeline/Pipeline->then()
#49 C:/Users/USER/Desktop/projet_tutore2/somagep/vendor/laravel/framework/src/Illuminate/Foundation/Http/Kernel.php(144): Illuminate/Foundation/Http/Kernel->sendRequestThroughRouter()
#50 C:/Users/USER/Desktop/projet_tutore2/somagep/vendor/laravel/framework/src/Illuminate/Foundation/Application.php(1220): Illuminate/Foundation/Http/Kernel->handle()
#51 C:/Users/USER/Desktop/projet_tutore2/somagep/public/index.php(20): Illuminate/Foundation/Application->handleRequest()
#52 C:/Users/USER/Desktop/projet_tutore2/somagep/vendor/laravel/framework/src/Illuminate/Foundation/resources/server.php(23): require_once('...')
#53 {main}
"} 
[2026-06-25 17:32:40] local.ERROR: SQLSTATE[42S02]: Base table or view not found: 1146 Table 'ditrack_db.sessions' doesn't exist (Connection: mysql, Host: 127.0.0.1, Port: 3306, Database: ditrack_db, SQL: select * from `sessions` where `id` = R9DwH8THFP54j5J6fBafz6JnarGrPsP4XzeErsYk limit 1) {"exception":"[object] (Illuminate\\Database\\QueryException(code: 42S02): SQLSTATE[42S02]: Base table or view not found: 1146 Table 'ditrack_db.sessions' doesn't exist (Connection: mysql, Host: 127.0.0.1, Port: 3306, Database: ditrack_db, SQL: select * from `sessions` where `id` = R9DwH8THFP54j5J6fBafz6JnarGrPsP4XzeErsYk limit 1) at C:/Users/USER/Desktop/projet_tutore2/somagep/vendor/laravel/framework/src/Illuminate/Database/Connection.php:857)
[stacktrace]
#0 C:/Users/USER/Desktop/projet_tutore2/somagep/vendor/laravel/framework/src/Illuminate/Database/Connection.php(813): Illuminate/Database/Connection->runQueryCallback()
#1 C:/Users/USER/Desktop/projet_tutore2/somagep/vendor/laravel/framework/src/Illuminate/Database/Connection.php(426): Illuminate/Database/Connection->run()
#2 C:/Users/USER/Desktop/projet_tutore2/somagep/vendor/laravel/framework/src/Illuminate/Database/Query/Builder.php(3573): Illuminate/Database/Connection->select()
#3 C:/Users/USER/Desktop/projet_tutore2/somagep/vendor/laravel/framework/src/Illuminate/Database/Query/Builder.php(3557): Illuminate/Database/Query/Builder->runSelect()
#4 C:/Users/USER/Desktop/projet_tutore2/somagep/vendor/laravel/framework/src/Illuminate/Database/Concerns/BuildsQueries.php(366): Illuminate/Database/Query/Builder->get()
#5 C:/Users/USER/Desktop/projet_tutore2/somagep/vendor/laravel/framework/src/Illuminate/Database/Query/Builder.php(3475): Illuminate/Database/Query/Builder->first()
#6 C:/Users/USER/Desktop/projet_tutore2/somagep/vendor/laravel/framework/src/Illuminate/Session/DatabaseSessionHandler.php(96): Illuminate/Database/Query/Builder->find()
#7 C:/Users/USER/Desktop/projet_tutore2/somagep/vendor/laravel/framework/src/Illuminate/Session/Store.php(128): Illuminate/Session/DatabaseSessionHandler->read()
#8 C:/Users/USER/Desktop/projet_tutore2/somagep/vendor/laravel/framework/src/Illuminate/Session/Store.php(116): Illuminate/Session/Store->readFromHandler()
#9 C:/Users/USER/Desktop/projet_tutore2/somagep/vendor/laravel/framework/src/Illuminate/Session/Store.php(100): Illuminate/Session/Store->loadSession()
#10 C:/Users/USER/Desktop/projet_tutore2/somagep/vendor/laravel/framework/src/Illuminate/Session/Middleware/StartSession.php(146): Illuminate/Session/Store->start()
#11 C:/Users/USER/Desktop/projet_tutore2/somagep/vendor/laravel/framework/src/Illuminate/Support/helpers.php(393): Illuminate/Session/Middleware/StartSession->{closure:Illuminate/Session/Middleware/StartSession::startSession():143}()
#12 C:/Users/USER/Desktop/projet_tutore2/somagep/vendor/laravel/framework/src/Illuminate/Session/Middleware/StartSession.php(143): tap()
#13 C:/Users/USER/Desktop/projet_tutore2/somagep/vendor/laravel/framework/src/Illuminate/Session/Middleware/StartSession.php(115): Illuminate/Session/Middleware/StartSession->startSession()
#14 C:/Users/USER/Desktop/projet_tutore2/somagep/vendor/laravel/framework/src/Illuminate/Session/Middleware/StartSession.php(63): Illuminate/Session/Middleware/StartSession->handleStatefulRequest()
#15 C:/Users/USER/Desktop/projet_tutore2/somagep/vendor/laravel/framework/src/Illuminate/Pipeline/Pipeline.php(219): Illuminate/Session/Middleware/StartSession->handle()
#16 C:/Users/USER/Desktop/projet_tutore2/somagep/vendor/laravel/framework/src/Illuminate/Cookie/Middleware/AddQueuedCookiesToResponse.php(36): Illuminate/Pipeline/Pipeline->{closure:{closure:Illuminate/Pipeline/Pipeline::carry():194}:195}()
#17 C:/Users/USER/Desktop/projet_tutore2/somagep/vendor/laravel/framework/src/Illuminate/Pipeline/Pipeline.php(219): Illuminate/Cookie/Middleware/AddQueuedCookiesToResponse->handle()
#18 C:/Users/USER/Desktop/projet_tutore2/somagep/vendor/laravel/framework/src/Illuminate/Cookie/Middleware/EncryptCookies.php(74): Illuminate/Pipeline/Pipeline->{closure:{closure:Illuminate/Pipeline/Pipeline::carry():194}:195}()
#19 C:/Users/USER/Desktop/projet_tutore2/somagep/vendor/laravel/framework/src/Illuminate/Pipeline/Pipeline.php(219): Illuminate/Cookie/Middleware/EncryptCookies->handle()
#20 C:/Users/USER/Desktop/projet_tutore2/somagep/vendor/laravel/framework/src/Illuminate/Pipeline/Pipeline.php(137): Illuminate/Pipeline/Pipeline->{closure:{closure:Illuminate/Pipeline/Pipeline::carry():194}:195}()
#21 C:/Users/USER/Desktop/projet_tutore2/somagep/vendor/laravel/framework/src/Illuminate/Routing/Router.php(821): Illuminate/Pipeline/Pipeline->then()
#22 C:/Users/USER/Desktop/projet_tutore2/somagep/vendor/laravel/framework/src/Illuminate/Routing/Router.php(800): Illuminate/Routing/Router->runRouteWithinStack()
#23 C:/Users/USER/Desktop/projet_tutore2/somagep/vendor/laravel/framework/src/Illuminate/Routing/Router.php(764): Illuminate/Routing/Router->runRoute()
#24 C:/Users/USER/Desktop/projet_tutore2/somagep/vendor/laravel/framework/src/Illuminate/Routing/Router.php(753): Illuminate/Routing/Router->dispatchToRoute()
#25 C:/Users/USER/Desktop/projet_tutore2/somagep/vendor/laravel/framework/src/Illuminate/Foundation/Http/Kernel.php(200): Illuminate/Routing/Router->dispatch()
#26 C:/Users/USER/Desktop/projet_tutore2/somagep/vendor/laravel/framework/src/Illuminate/Pipeline/Pipeline.php(180): Illuminate/Foundation/Http/Kernel->{closure:Illuminate/Foundation/Http/Kernel::dispatchToRouter():197}()
#27 C:/Users/USER/Desktop/projet_tutore2/somagep/vendor/laravel/framework/src/Illuminate/Foundation/Http/Middleware/TransformsRequest.php(21): Illuminate/Pipeline/Pipeline->{closure:Illuminate/Pipeline/Pipeline::prepareDestination():178}()
#28 C:/Users/USER/Desktop/projet_tutore2/somagep/vendor/laravel/framework/src/Illuminate/Foundation/Http/Middleware/ConvertEmptyStringsToNull.php(31): Illuminate/Foundation/Http/Middleware/TransformsRequest->handle()
#29 C:/Users/USER/Desktop/projet_tutore2/somagep/vendor/laravel/framework/src/Illuminate/Pipeline/Pipeline.php(219): Illuminate/Foundation/Http/Middleware/ConvertEmptyStringsToNull->handle()
#30 C:/Users/USER/Desktop/projet_tutore2/somagep/vendor/laravel/framework/src/Illuminate/Foundation/Http/Middleware/TransformsRequest.php(21): Illuminate/Pipeline/Pipeline->{closure:{closure:Illuminate/Pipeline/Pipeline::carry():194}:195}()
#31 C:/Users/USER/Desktop/projet_tutore2/somagep/vendor/laravel/framework/src/Illuminate/Foundation/Http/Middleware/TrimStrings.php(51): Illuminate/Foundation/Http/Middleware/TransformsRequest->handle()
#32 C:/Users/USER/Desktop/projet_tutore2/somagep/vendor/laravel/framework/src/Illuminate/Pipeline/Pipeline.php(219): Illuminate/Foundation/Http/Middleware/TrimStrings->handle()
#33 C:/Users/USER/Desktop/projet_tutore2/somagep/vendor/laravel/framework/src/Illuminate/Http/Middleware/ValidatePostSize.php(27): Illuminate/Pipeline/Pipeline->{closure:{closure:Illuminate/Pipeline/Pipeline::carry():194}:195}()
#34 C:/Users/USER/Desktop/projet_tutore2/somagep/vendor/laravel/framework/src/Illuminate/Pipeline/Pipeline.php(219): Illuminate/Http/Middleware/ValidatePostSize->handle()
#35 C:/Users/USER/Desktop/projet_tutore2/somagep/vendor/laravel/framework/src/Illuminate/Foundation/Http/Middleware/PreventRequestsDuringMaintenance.php(109): Illuminate/Pipeline/Pipeline->{closure:{closure:Illuminate/Pipeline/Pipeline::carry():194}:195}()
#36 C:/Users/USER/Desktop/projet_tutore2/somagep/vendor/laravel/framework/src/Illuminate/Pipeline/Pipeline.php(219): Illuminate/Foundation/Http/Middleware/PreventRequestsDuringMaintenance->handle()
#37 C:/Users/USER/Desktop/projet_tutore2/somagep/vendor/laravel/framework/src/Illuminate/Http/Middleware/HandleCors.php(61): Illuminate/Pipeline/Pipeline->{closure:{closure:Illuminate/Pipeline/Pipeline::carry():194}:195}()
#38 C:/Users/USER/Desktop/projet_tutore2/somagep/vendor/laravel/framework/src/Illuminate/Pipeline/Pipeline.php(219): Illuminate/Http/Middleware/HandleCors->handle()
#39 C:/Users/USER/Desktop/projet_tutore2/somagep/vendor/laravel/framework/src/Illuminate/Http/Middleware/TrustProxies.php(58): Illuminate/Pipeline/Pipeline->{closure:{closure:Illuminate/Pipeline/Pipeline::carry():194}:195}()
#40 C:/Users/USER/Desktop/projet_tutore2/somagep/vendor/laravel/framework/src/Illuminate/Pipeline/Pipeline.php(219): Illuminate/Http/Middleware/TrustProxies->handle()
#41 C:/Users/USER/Desktop/projet_tutore2/somagep/vendor/laravel/framework/src/Illuminate/Foundation/Http/Middleware/InvokeDeferredCallbacks.php(22): Illuminate/Pipeline/Pipeline->{closure:{closure:Illuminate/Pipeline/Pipeline::carry():194}:195}()
#42 C:/Users/USER/Desktop/projet_tutore2/somagep/vendor/laravel/framework/src/Illuminate/Pipeline/Pipeline.php(219): Illuminate/Foundation/Http/Middleware/InvokeDeferredCallbacks->handle()
#43 C:/Users/USER/Desktop/projet_tutore2/somagep/vendor/laravel/framework/src/Illuminate/Http/Middleware/ValidatePathEncoding.php(28): Illuminate/Pipeline/Pipeline->{closure:{closure:Illuminate/Pipeline/Pipeline::carry():194}:195}()
#44 C:/Users/USER/Desktop/projet_tutore2/somagep/vendor/laravel/framework/src/Illuminate/Pipeline/Pipeline.php(219): Illuminate/Http/Middleware/ValidatePathEncoding->handle()
#45 C:/Users/USER/Desktop/projet_tutore2/somagep/vendor/laravel/framework/src/Illuminate/Pipeline/Pipeline.php(137): Illuminate/Pipeline/Pipeline->{closure:{closure:Illuminate/Pipeline/Pipeline::carry():194}:195}()
#46 C:/Users/USER/Desktop/projet_tutore2/somagep/vendor/laravel/framework/src/Illuminate/Foundation/Http/Kernel.php(175): Illuminate/Pipeline/Pipeline->then()
#47 C:/Users/USER/Desktop/projet_tutore2/somagep/vendor/laravel/framework/src/Illuminate/Foundation/Http/Kernel.php(144): Illuminate/Foundation/Http/Kernel->sendRequestThroughRouter()
#48 C:/Users/USER/Desktop/projet_tutore2/somagep/vendor/laravel/framework/src/Illuminate/Foundation/Application.php(1220): Illuminate/Foundation/Http/Kernel->handle()
#49 C:/Users/USER/Desktop/projet_tutore2/somagep/public/index.php(20): Illuminate/Foundation/Application->handleRequest()
#50 C:/Users/USER/Desktop/projet_tutore2/somagep/vendor/laravel/framework/src/Illuminate/Foundation/resources/server.php(23): require_once('...')
#51 {main}

[previous exception] [object] (PDOException(code: 42S02): SQLSTATE[42S02]: Base table or view not found: 1146 Table 'ditrack_db.sessions' doesn't exist at C:/Users/USER/Desktop/projet_tutore2/somagep/vendor/laravel/framework/src/Illuminate/Database/Connection.php:435)
[stacktrace]
#0 C:/Users/USER/Desktop/projet_tutore2/somagep/vendor/laravel/framework/src/Illuminate/Database/Connection.php(435): PDO->prepare()
#1 C:/Users/USER/Desktop/projet_tutore2/somagep/vendor/laravel/framework/src/Illuminate/Database/Connection.php(846): Illuminate/Database/Connection->{closure:Illuminate/Database/Connection::select():426}()
#2 C:/Users/USER/Desktop/projet_tutore2/somagep/vendor/laravel/framework/src/Illuminate/Database/Connection.php(813): Illuminate/Database/Connection->runQueryCallback()
#3 C:/Users/USER/Desktop/projet_tutore2/somagep/vendor/laravel/framework/src/Illuminate/Database/Connection.php(426): Illuminate/Database/Connection->run()
#4 C:/Users/USER/Desktop/projet_tutore2/somagep/vendor/laravel/framework/src/Illuminate/Database/Query/Builder.php(3573): Illuminate/Database/Connection->select()
#5 C:/Users/USER/Desktop/projet_tutore2/somagep/vendor/laravel/framework/src/Illuminate/Database/Query/Builder.php(3557): Illuminate/Database/Query/Builder->runSelect()
#6 C:/Users/USER/Desktop/projet_tutore2/somagep/vendor/laravel/framework/src/Illuminate/Database/Concerns/BuildsQueries.php(366): Illuminate/Database/Query/Builder->get()
#7 C:/Users/USER/Desktop/projet_tutore2/somagep/vendor/laravel/framework/src/Illuminate/Database/Query/Builder.php(3475): Illuminate/Database/Query/Builder->first()
#8 C:/Users/USER/Desktop/projet_tutore2/somagep/vendor/laravel/framework/src/Illuminate/Session/DatabaseSessionHandler.php(96): Illuminate/Database/Query/Builder->find()
#9 C:/Users/USER/Desktop/projet_tutore2/somagep/vendor/laravel/framework/src/Illuminate/Session/Store.php(128): Illuminate/Session/DatabaseSessionHandler->read()
#10 C:/Users/USER/Desktop/projet_tutore2/somagep/vendor/laravel/framework/src/Illuminate/Session/Store.php(116): Illuminate/Session/Store->readFromHandler()
#11 C:/Users/USER/Desktop/projet_tutore2/somagep/vendor/laravel/framework/src/Illuminate/Session/Store.php(100): Illuminate/Session/Store->loadSession()
#12 C:/Users/USER/Desktop/projet_tutore2/somagep/vendor/laravel/framework/src/Illuminate/Session/Middleware/StartSession.php(146): Illuminate/Session/Store->start()
#13 C:/Users/USER/Desktop/projet_tutore2/somagep/vendor/laravel/framework/src/Illuminate/Support/helpers.php(393): Illuminate/Session/Middleware/StartSession->{closure:Illuminate/Session/Middleware/StartSession::startSession():143}()
#14 C:/Users/USER/Desktop/projet_tutore2/somagep/vendor/laravel/framework/src/Illuminate/Session/Middleware/StartSession.php(143): tap()
#15 C:/Users/USER/Desktop/projet_tutore2/somagep/vendor/laravel/framework/src/Illuminate/Session/Middleware/StartSession.php(115): Illuminate/Session/Middleware/StartSession->startSession()
#16 C:/Users/USER/Desktop/projet_tutore2/somagep/vendor/laravel/framework/src/Illuminate/Session/Middleware/StartSession.php(63): Illuminate/Session/Middleware/StartSession->handleStatefulRequest()
#17 C:/Users/USER/Desktop/projet_tutore2/somagep/vendor/laravel/framework/src/Illuminate/Pipeline/Pipeline.php(219): Illuminate/Session/Middleware/StartSession->handle()
#18 C:/Users/USER/Desktop/projet_tutore2/somagep/vendor/laravel/framework/src/Illuminate/Cookie/Middleware/AddQueuedCookiesToResponse.php(36): Illuminate/Pipeline/Pipeline->{closure:{closure:Illuminate/Pipeline/Pipeline::carry():194}:195}()
#19 C:/Users/USER/Desktop/projet_tutore2/somagep/vendor/laravel/framework/src/Illuminate/Pipeline/Pipeline.php(219): Illuminate/Cookie/Middleware/AddQueuedCookiesToResponse->handle()
#20 C:/Users/USER/Desktop/projet_tutore2/somagep/vendor/laravel/framework/src/Illuminate/Cookie/Middleware/EncryptCookies.php(74): Illuminate/Pipeline/Pipeline->{closure:{closure:Illuminate/Pipeline/Pipeline::carry():194}:195}()
#21 C:/Users/USER/Desktop/projet_tutore2/somagep/vendor/laravel/framework/src/Illuminate/Pipeline/Pipeline.php(219): Illuminate/Cookie/Middleware/EncryptCookies->handle()
#22 C:/Users/USER/Desktop/projet_tutore2/somagep/vendor/laravel/framework/src/Illuminate/Pipeline/Pipeline.php(137): Illuminate/Pipeline/Pipeline->{closure:{closure:Illuminate/Pipeline/Pipeline::carry():194}:195}()
#23 C:/Users/USER/Desktop/projet_tutore2/somagep/vendor/laravel/framework/src/Illuminate/Routing/Router.php(821): Illuminate/Pipeline/Pipeline->then()
#24 C:/Users/USER/Desktop/projet_tutore2/somagep/vendor/laravel/framework/src/Illuminate/Routing/Router.php(800): Illuminate/Routing/Router->runRouteWithinStack()
#25 C:/Users/USER/Desktop/projet_tutore2/somagep/vendor/laravel/framework/src/Illuminate/Routing/Router.php(764): Illuminate/Routing/Router->runRoute()
#26 C:/Users/USER/Desktop/projet_tutore2/somagep/vendor/laravel/framework/src/Illuminate/Routing/Router.php(753): Illuminate/Routing/Router->dispatchToRoute()
#27 C:/Users/USER/Desktop/projet_tutore2/somagep/vendor/laravel/framework/src/Illuminate/Foundation/Http/Kernel.php(200): Illuminate/Routing/Router->dispatch()
#28 C:/Users/USER/Desktop/projet_tutore2/somagep/vendor/laravel/framework/src/Illuminate/Pipeline/Pipeline.php(180): Illuminate/Foundation/Http/Kernel->{closure:Illuminate/Foundation/Http/Kernel::dispatchToRouter():197}()
#29 C:/Users/USER/Desktop/projet_tutore2/somagep/vendor/laravel/framework/src/Illuminate/Foundation/Http/Middleware/TransformsRequest.php(21): Illuminate/Pipeline/Pipeline->{closure:Illuminate/Pipeline/Pipeline::prepareDestination():178}()
#30 C:/Users/USER/Desktop/projet_tutore2/somagep/vendor/laravel/framework/src/Illuminate/Foundation/Http/Middleware/ConvertEmptyStringsToNull.php(31): Illuminate/Foundation/Http/Middleware/TransformsRequest->handle()
#31 C:/Users/USER/Desktop/projet_tutore2/somagep/vendor/laravel/framework/src/Illuminate/Pipeline/Pipeline.php(219): Illuminate/Foundation/Http/Middleware/ConvertEmptyStringsToNull->handle()
#32 C:/Users/USER/Desktop/projet_tutore2/somagep/vendor/laravel/framework/src/Illuminate/Foundation/Http/Middleware/TransformsRequest.php(21): Illuminate/Pipeline/Pipeline->{closure:{closure:Illuminate/Pipeline/Pipeline::carry():194}:195}()
#33 C:/Users/USER/Desktop/projet_tutore2/somagep/vendor/laravel/framework/src/Illuminate/Foundation/Http/Middleware/TrimStrings.php(51): Illuminate/Foundation/Http/Middleware/TransformsRequest->handle()
#34 C:/Users/USER/Desktop/projet_tutore2/somagep/vendor/laravel/framework/src/Illuminate/Pipeline/Pipeline.php(219): Illuminate/Foundation/Http/Middleware/TrimStrings->handle()
#35 C:/Users/USER/Desktop/projet_tutore2/somagep/vendor/laravel/framework/src/Illuminate/Http/Middleware/ValidatePostSize.php(27): Illuminate/Pipeline/Pipeline->{closure:{closure:Illuminate/Pipeline/Pipeline::carry():194}:195}()
#36 C:/Users/USER/Desktop/projet_tutore2/somagep/vendor/laravel/framework/src/Illuminate/Pipeline/Pipeline.php(219): Illuminate/Http/Middleware/ValidatePostSize->handle()
#37 C:/Users/USER/Desktop/projet_tutore2/somagep/vendor/laravel/framework/src/Illuminate/Foundation/Http/Middleware/PreventRequestsDuringMaintenance.php(109): Illuminate/Pipeline/Pipeline->{closure:{closure:Illuminate/Pipeline/Pipeline::carry():194}:195}()
#38 C:/Users/USER/Desktop/projet_tutore2/somagep/vendor/laravel/framework/src/Illuminate/Pipeline/Pipeline.php(219): Illuminate/Foundation/Http/Middleware/PreventRequestsDuringMaintenance->handle()
#39 C:/Users/USER/Desktop/projet_tutore2/somagep/vendor/laravel/framework/src/Illuminate/Http/Middleware/HandleCors.php(61): Illuminate/Pipeline/Pipeline->{closure:{closure:Illuminate/Pipeline/Pipeline::carry():194}:195}()
#40 C:/Users/USER/Desktop/projet_tutore2/somagep/vendor/laravel/framework/src/Illuminate/Pipeline/Pipeline.php(219): Illuminate/Http/Middleware/HandleCors->handle()
#41 C:/Users/USER/Desktop/projet_tutore2/somagep/vendor/laravel/framework/src/Illuminate/Http/Middleware/TrustProxies.php(58): Illuminate/Pipeline/Pipeline->{closure:{closure:Illuminate/Pipeline/Pipeline::carry():194}:195}()
#42 C:/Users/USER/Desktop/projet_tutore2/somagep/vendor/laravel/framework/src/Illuminate/Pipeline/Pipeline.php(219): Illuminate/Http/Middleware/TrustProxies->handle()
#43 C:/Users/USER/Desktop/projet_tutore2/somagep/vendor/laravel/framework/src/Illuminate/Foundation/Http/Middleware/InvokeDeferredCallbacks.php(22): Illuminate/Pipeline/Pipeline->{closure:{closure:Illuminate/Pipeline/Pipeline::carry():194}:195}()
#44 C:/Users/USER/Desktop/projet_tutore2/somagep/vendor/laravel/framework/src/Illuminate/Pipeline/Pipeline.php(219): Illuminate/Foundation/Http/Middleware/InvokeDeferredCallbacks->handle()
#45 C:/Users/USER/Desktop/projet_tutore2/somagep/vendor/laravel/framework/src/Illuminate/Http/Middleware/ValidatePathEncoding.php(28): Illuminate/Pipeline/Pipeline->{closure:{closure:Illuminate/Pipeline/Pipeline::carry():194}:195}()
#46 C:/Users/USER/Desktop/projet_tutore2/somagep/vendor/laravel/framework/src/Illuminate/Pipeline/Pipeline.php(219): Illuminate/Http/Middleware/ValidatePathEncoding->handle()
#47 C:/Users/USER/Desktop/projet_tutore2/somagep/vendor/laravel/framework/src/Illuminate/Pipeline/Pipeline.php(137): Illuminate/Pipeline/Pipeline->{closure:{closure:Illuminate/Pipeline/Pipeline::carry():194}:195}()
#48 C:/Users/USER/Desktop/projet_tutore2/somagep/vendor/laravel/framework/src/Illuminate/Foundation/Http/Kernel.php(175): Illuminate/Pipeline/Pipeline->then()
#49 C:/Users/USER/Desktop/projet_tutore2/somagep/vendor/laravel/framework/src/Illuminate/Foundation/Http/Kernel.php(144): Illuminate/Foundation/Http/Kernel->sendRequestThroughRouter()
#50 C:/Users/USER/Desktop/projet_tutore2/somagep/vendor/laravel/framework/src/Illuminate/Foundation/Application.php(1220): Illuminate/Foundation/Http/Kernel->handle()
#51 C:/Users/USER/Desktop/projet_tutore2/somagep/public/index.php(20): Illuminate/Foundation/Application->handleRequest()
#52 C:/Users/USER/Desktop/projet_tutore2/somagep/vendor/laravel/framework/src/Illuminate/Foundation/resources/server.php(23): require_once('...')
#53 {main}
"} 
[2026-06-25 17:40:43] local.ERROR: SQLSTATE[42S02]: Base table or view not found: 1146 Table 'ditrack_db.cache' doesn't exist (Connection: mysql, Host: 127.0.0.1, Port: 3306, Database: ditrack_db, SQL: delete from `cache`) {"exception":"[object] (Illuminate\\Database\\QueryException(code: 42S02): SQLSTATE[42S02]: Base table or view not found: 1146 Table 'ditrack_db.cache' doesn't exist (Connection: mysql, Host: 127.0.0.1, Port: 3306, Database: ditrack_db, SQL: delete from `cache`) at C:/Users/USER/Desktop/projet_tutore2/somagep/vendor/laravel/framework/src/Illuminate/Database/Connection.php:857)
[stacktrace]
#0 C:/Users/USER/Desktop/projet_tutore2/somagep/vendor/laravel/framework/src/Illuminate/Database/Connection.php(813): Illuminate/Database/Connection->runQueryCallback()
#1 C:/Users/USER/Desktop/projet_tutore2/somagep/vendor/laravel/framework/src/Illuminate/Database/Connection.php(614): Illuminate/Database/Connection->run()
#2 C:/Users/USER/Desktop/projet_tutore2/somagep/vendor/laravel/framework/src/Illuminate/Database/Connection.php(578): Illuminate/Database/Connection->affectingStatement()
#3 C:/Users/USER/Desktop/projet_tutore2/somagep/vendor/laravel/framework/src/Illuminate/Database/Query/Builder.php(4520): Illuminate/Database/Connection->delete()
#4 C:/Users/USER/Desktop/projet_tutore2/somagep/vendor/laravel/framework/src/Illuminate/Cache/DatabaseStore.php(450): Illuminate/Database/Query/Builder->delete()
#5 C:/Users/USER/Desktop/projet_tutore2/somagep/vendor/laravel/framework/src/Illuminate/Cache/Repository.php(1071): Illuminate/Cache/DatabaseStore->flush()
#6 C:/Users/USER/Desktop/projet_tutore2/somagep/vendor/laravel/framework/src/Illuminate/Cache/Console/ClearCommand.php(80): Illuminate/Cache/Repository->__call()
#7 C:/Users/USER/Desktop/projet_tutore2/somagep/vendor/laravel/framework/src/Illuminate/Container/BoundMethod.php(36): Illuminate/Cache/Console/ClearCommand->handle()
#8 C:/Users/USER/Desktop/projet_tutore2/somagep/vendor/laravel/framework/src/Illuminate/Container/Util.php(43): Illuminate/Container/BoundMethod::{closure:Illuminate/Container/BoundMethod::call():35}()
#9 C:/Users/USER/Desktop/projet_tutore2/somagep/vendor/laravel/framework/src/Illuminate/Container/BoundMethod.php(96): Illuminate/Container/Util::unwrapIfClosure()
#10 C:/Users/USER/Desktop/projet_tutore2/somagep/vendor/laravel/framework/src/Illuminate/Container/BoundMethod.php(35): Illuminate/Container/BoundMethod::callBoundMethod()
#11 C:/Users/USER/Desktop/projet_tutore2/somagep/vendor/laravel/framework/src/Illuminate/Container/Container.php(799): Illuminate/Container/BoundMethod::call()
#12 C:/Users/USER/Desktop/projet_tutore2/somagep/vendor/laravel/framework/src/Illuminate/Console/Command.php(280): Illuminate/Container/Container->call()
#13 C:/Users/USER/Desktop/projet_tutore2/somagep/vendor/symfony/console/Command/Command.php(284): Illuminate/Console/Command->execute()
#14 C:/Users/USER/Desktop/projet_tutore2/somagep/vendor/laravel/framework/src/Illuminate/Console/Command.php(249): Symfony/Component/Console/Command/Command->run()
#15 C:/Users/USER/Desktop/projet_tutore2/somagep/vendor/laravel/framework/src/Illuminate/Console/Concerns/CallsCommands.php(68): Illuminate/Console/Command->run()
#16 C:/Users/USER/Desktop/projet_tutore2/somagep/vendor/laravel/framework/src/Illuminate/Console/Concerns/CallsCommands.php(41): Illuminate/Console/Command->runCommand()
#17 C:/Users/USER/Desktop/projet_tutore2/somagep/vendor/laravel/framework/src/Illuminate/Console/Concerns/CallsCommands.php(53): Illuminate/Console/Command->callSilent()
#18 C:/Users/USER/Desktop/projet_tutore2/somagep/vendor/laravel/framework/src/Illuminate/Foundation/Console/OptimizeClearCommand.php(48): Illuminate/Console/Command->callSilently()
#19 C:/Users/USER/Desktop/projet_tutore2/somagep/vendor/laravel/framework/src/Illuminate/Console/View/Components/Task.php(43): Illuminate/Foundation/Console/OptimizeClearCommand->{closure:Illuminate/Foundation/Console/OptimizeClearCommand::handle():48}()
#20 C:/Users/USER/Desktop/projet_tutore2/somagep/vendor/laravel/framework/src/Illuminate/Console/View/Components/Factory.php(59): Illuminate/Console/View/Components/Task->render()
#21 C:/Users/USER/Desktop/projet_tutore2/somagep/vendor/laravel/framework/src/Illuminate/Foundation/Console/OptimizeClearCommand.php(48): Illuminate/Console/View/Components/Factory->__call()
#22 C:/Users/USER/Desktop/projet_tutore2/somagep/vendor/laravel/framework/src/Illuminate/Container/BoundMethod.php(36): Illuminate/Foundation/Console/OptimizeClearCommand->handle()
#23 C:/Users/USER/Desktop/projet_tutore2/somagep/vendor/laravel/framework/src/Illuminate/Container/Util.php(43): Illuminate/Container/BoundMethod::{closure:Illuminate/Container/BoundMethod::call():35}()
#24 C:/Users/USER/Desktop/projet_tutore2/somagep/vendor/laravel/framework/src/Illuminate/Container/BoundMethod.php(96): Illuminate/Container/Util::unwrapIfClosure()
#25 C:/Users/USER/Desktop/projet_tutore2/somagep/vendor/laravel/framework/src/Illuminate/Container/BoundMethod.php(35): Illuminate/Container/BoundMethod::callBoundMethod()
#26 C:/Users/USER/Desktop/projet_tutore2/somagep/vendor/laravel/framework/src/Illuminate/Container/Container.php(799): Illuminate/Container/BoundMethod::call()
#27 C:/Users/USER/Desktop/projet_tutore2/somagep/vendor/laravel/framework/src/Illuminate/Console/Command.php(280): Illuminate/Container/Container->call()
#28 C:/Users/USER/Desktop/projet_tutore2/somagep/vendor/symfony/console/Command/Command.php(284): Illuminate/Console/Command->execute()
#29 C:/Users/USER/Desktop/projet_tutore2/somagep/vendor/laravel/framework/src/Illuminate/Console/Command.php(249): Symfony/Component/Console/Command/Command->run()
#30 C:/Users/USER/Desktop/projet_tutore2/somagep/vendor/symfony/console/Application.php(1144): Illuminate/Console/Command->run()
#31 C:/Users/USER/Desktop/projet_tutore2/somagep/vendor/symfony/console/Application.php(379): Symfony/Component/Console/Application->doRunCommand()
#32 C:/Users/USER/Desktop/projet_tutore2/somagep/vendor/symfony/console/Application.php(218): Symfony/Component/Console/Application->doRun()
#33 C:/Users/USER/Desktop/projet_tutore2/somagep/vendor/laravel/framework/src/Illuminate/Foundation/Console/Kernel.php(198): Symfony/Component/Console/Application->run()
#34 C:/Users/USER/Desktop/projet_tutore2/somagep/vendor/laravel/framework/src/Illuminate/Foundation/Application.php(1235): Illuminate/Foundation/Console/Kernel->handle()
#35 C:/Users/USER/Desktop/projet_tutore2/somagep/artisan(16): Illuminate/Foundation/Application->handleCommand()
#36 {main}

[previous exception] [object] (PDOException(code: 42S02): SQLSTATE[42S02]: Base table or view not found: 1146 Table 'ditrack_db.cache' doesn't exist at C:/Users/USER/Desktop/projet_tutore2/somagep/vendor/laravel/framework/src/Illuminate/Database/Connection.php:622)
[stacktrace]
#0 C:/Users/USER/Desktop/projet_tutore2/somagep/vendor/laravel/framework/src/Illuminate/Database/Connection.php(622): PDO->prepare()
#1 C:/Users/USER/Desktop/projet_tutore2/somagep/vendor/laravel/framework/src/Illuminate/Database/Connection.php(846): Illuminate/Database/Connection->{closure:Illuminate/Database/Connection::affectingStatement():614}()
#2 C:/Users/USER/Desktop/projet_tutore2/somagep/vendor/laravel/framework/src/Illuminate/Database/Connection.php(813): Illuminate/Database/Connection->runQueryCallback()
#3 C:/Users/USER/Desktop/projet_tutore2/somagep/vendor/laravel/framework/src/Illuminate/Database/Connection.php(614): Illuminate/Database/Connection->run()
#4 C:/Users/USER/Desktop/projet_tutore2/somagep/vendor/laravel/framework/src/Illuminate/Database/Connection.php(578): Illuminate/Database/Connection->affectingStatement()
#5 C:/Users/USER/Desktop/projet_tutore2/somagep/vendor/laravel/framework/src/Illuminate/Database/Query/Builder.php(4520): Illuminate/Database/Connection->delete()
#6 C:/Users/USER/Desktop/projet_tutore2/somagep/vendor/laravel/framework/src/Illuminate/Cache/DatabaseStore.php(450): Illuminate/Database/Query/Builder->delete()
#7 C:/Users/USER/Desktop/projet_tutore2/somagep/vendor/laravel/framework/src/Illuminate/Cache/Repository.php(1071): Illuminate/Cache/DatabaseStore->flush()
#8 C:/Users/USER/Desktop/projet_tutore2/somagep/vendor/laravel/framework/src/Illuminate/Cache/Console/ClearCommand.php(80): Illuminate/Cache/Repository->__call()
#9 C:/Users/USER/Desktop/projet_tutore2/somagep/vendor/laravel/framework/src/Illuminate/Container/BoundMethod.php(36): Illuminate/Cache/Console/ClearCommand->handle()
#10 C:/Users/USER/Desktop/projet_tutore2/somagep/vendor/laravel/framework/src/Illuminate/Container/Util.php(43): Illuminate/Container/BoundMethod::{closure:Illuminate/Container/BoundMethod::call():35}()
#11 C:/Users/USER/Desktop/projet_tutore2/somagep/vendor/laravel/framework/src/Illuminate/Container/BoundMethod.php(96): Illuminate/Container/Util::unwrapIfClosure()
#12 C:/Users/USER/Desktop/projet_tutore2/somagep/vendor/laravel/framework/src/Illuminate/Container/BoundMethod.php(35): Illuminate/Container/BoundMethod::callBoundMethod()
#13 C:/Users/USER/Desktop/projet_tutore2/somagep/vendor/laravel/framework/src/Illuminate/Container/Container.php(799): Illuminate/Container/BoundMethod::call()
#14 C:/Users/USER/Desktop/projet_tutore2/somagep/vendor/laravel/framework/src/Illuminate/Console/Command.php(280): Illuminate/Container/Container->call()
#15 C:/Users/USER/Desktop/projet_tutore2/somagep/vendor/symfony/console/Command/Command.php(284): Illuminate/Console/Command->execute()
#16 C:/Users/USER/Desktop/projet_tutore2/somagep/vendor/laravel/framework/src/Illuminate/Console/Command.php(249): Symfony/Component/Console/Command/Command->run()
#17 C:/Users/USER/Desktop/projet_tutore2/somagep/vendor/laravel/framework/src/Illuminate/Console/Concerns/CallsCommands.php(68): Illuminate/Console/Command->run()
#18 C:/Users/USER/Desktop/projet_tutore2/somagep/vendor/laravel/framework/src/Illuminate/Console/Concerns/CallsCommands.php(41): Illuminate/Console/Command->runCommand()
#19 C:/Users/USER/Desktop/projet_tutore2/somagep/vendor/laravel/framework/src/Illuminate/Console/Concerns/CallsCommands.php(53): Illuminate/Console/Command->callSilent()
#20 C:/Users/USER/Desktop/projet_tutore2/somagep/vendor/laravel/framework/src/Illuminate/Foundation/Console/OptimizeClearCommand.php(48): Illuminate/Console/Command->callSilently()
#21 C:/Users/USER/Desktop/projet_tutore2/somagep/vendor/laravel/framework/src/Illuminate/Console/View/Components/Task.php(43): Illuminate/Foundation/Console/OptimizeClearCommand->{closure:Illuminate/Foundation/Console/OptimizeClearCommand::handle():48}()
#22 C:/Users/USER/Desktop/projet_tutore2/somagep/vendor/laravel/framework/src/Illuminate/Console/View/Components/Factory.php(59): Illuminate/Console/View/Components/Task->render()
#23 C:/Users/USER/Desktop/projet_tutore2/somagep/vendor/laravel/framework/src/Illuminate/Foundation/Console/OptimizeClearCommand.php(48): Illuminate/Console/View/Components/Factory->__call()
#24 C:/Users/USER/Desktop/projet_tutore2/somagep/vendor/laravel/framework/src/Illuminate/Container/BoundMethod.php(36): Illuminate/Foundation/Console/OptimizeClearCommand->handle()
#25 C:/Users/USER/Desktop/projet_tutore2/somagep/vendor/laravel/framework/src/Illuminate/Container/Util.php(43): Illuminate/Container/BoundMethod::{closure:Illuminate/Container/BoundMethod::call():35}()
#26 C:/Users/USER/Desktop/projet_tutore2/somagep/vendor/laravel/framework/src/Illuminate/Container/BoundMethod.php(96): Illuminate/Container/Util::unwrapIfClosure()
#27 C:/Users/USER/Desktop/projet_tutore2/somagep/vendor/laravel/framework/src/Illuminate/Container/BoundMethod.php(35): Illuminate/Container/BoundMethod::callBoundMethod()
#28 C:/Users/USER/Desktop/projet_tutore2/somagep/vendor/laravel/framework/src/Illuminate/Container/Container.php(799): Illuminate/Container/BoundMethod::call()
#29 C:/Users/USER/Desktop/projet_tutore2/somagep/vendor/laravel/framework/src/Illuminate/Console/Command.php(280): Illuminate/Container/Container->call()
#30 C:/Users/USER/Desktop/projet_tutore2/somagep/vendor/symfony/console/Command/Command.php(284): Illuminate/Console/Command->execute()
#31 C:/Users/USER/Desktop/projet_tutore2/somagep/vendor/laravel/framework/src/Illuminate/Console/Command.php(249): Symfony/Component/Console/Command/Command->run()
#32 C:/Users/USER/Desktop/projet_tutore2/somagep/vendor/symfony/console/Application.php(1144): Illuminate/Console/Command->run()
#33 C:/Users/USER/Desktop/projet_tutore2/somagep/vendor/symfony/console/Application.php(379): Symfony/Component/Console/Application->doRunCommand()
#34 C:/Users/USER/Desktop/projet_tutore2/somagep/vendor/symfony/console/Application.php(218): Symfony/Component/Console/Application->doRun()
#35 C:/Users/USER/Desktop/projet_tutore2/somagep/vendor/laravel/framework/src/Illuminate/Foundation/Console/Kernel.php(198): Symfony/Component/Console/Application->run()
#36 C:/Users/USER/Desktop/projet_tutore2/somagep/vendor/laravel/framework/src/Illuminate/Foundation/Application.php(1235): Illuminate/Foundation/Console/Kernel->handle()
#37 C:/Users/USER/Desktop/projet_tutore2/somagep/artisan(16): Illuminate/Foundation/Application->handleCommand()
#38 {main}
"} 
[2026-06-25 17:43:02] local.ERROR: SQLSTATE[42S02]: Base table or view not found: 1146 Table 'ditrack_db.cache' doesn't exist (Connection: mysql, Host: 127.0.0.1, Port: 3306, Database: ditrack_db, SQL: delete from `cache`) {"exception":"[object] (Illuminate\\Database\\QueryException(code: 42S02): SQLSTATE[42S02]: Base table or view not found: 1146 Table 'ditrack_db.cache' doesn't exist (Connection: mysql, Host: 127.0.0.1, Port: 3306, Database: ditrack_db, SQL: delete from `cache`) at C:/Users/USER/Desktop/projet_tutore2/somagep/vendor/laravel/framework/src/Illuminate/Database/Connection.php:857)
[stacktrace]
#0 C:/Users/USER/Desktop/projet_tutore2/somagep/vendor/laravel/framework/src/Illuminate/Database/Connection.php(813): Illuminate/Database/Connection->runQueryCallback()
#1 C:/Users/USER/Desktop/projet_tutore2/somagep/vendor/laravel/framework/src/Illuminate/Database/Connection.php(614): Illuminate/Database/Connection->run()
#2 C:/Users/USER/Desktop/projet_tutore2/somagep/vendor/laravel/framework/src/Illuminate/Database/Connection.php(578): Illuminate/Database/Connection->affectingStatement()
#3 C:/Users/USER/Desktop/projet_tutore2/somagep/vendor/laravel/framework/src/Illuminate/Database/Query/Builder.php(4520): Illuminate/Database/Connection->delete()
#4 C:/Users/USER/Desktop/projet_tutore2/somagep/vendor/laravel/framework/src/Illuminate/Cache/DatabaseStore.php(450): Illuminate/Database/Query/Builder->delete()
#5 C:/Users/USER/Desktop/projet_tutore2/somagep/vendor/laravel/framework/src/Illuminate/Cache/Repository.php(1071): Illuminate/Cache/DatabaseStore->flush()
#6 C:/Users/USER/Desktop/projet_tutore2/somagep/vendor/laravel/framework/src/Illuminate/Cache/Console/ClearCommand.php(80): Illuminate/Cache/Repository->__call()
#7 C:/Users/USER/Desktop/projet_tutore2/somagep/vendor/laravel/framework/src/Illuminate/Container/BoundMethod.php(36): Illuminate/Cache/Console/ClearCommand->handle()
#8 C:/Users/USER/Desktop/projet_tutore2/somagep/vendor/laravel/framework/src/Illuminate/Container/Util.php(43): Illuminate/Container/BoundMethod::{closure:Illuminate/Container/BoundMethod::call():35}()
#9 C:/Users/USER/Desktop/projet_tutore2/somagep/vendor/laravel/framework/src/Illuminate/Container/BoundMethod.php(96): Illuminate/Container/Util::unwrapIfClosure()
#10 C:/Users/USER/Desktop/projet_tutore2/somagep/vendor/laravel/framework/src/Illuminate/Container/BoundMethod.php(35): Illuminate/Container/BoundMethod::callBoundMethod()
#11 C:/Users/USER/Desktop/projet_tutore2/somagep/vendor/laravel/framework/src/Illuminate/Container/Container.php(799): Illuminate/Container/BoundMethod::call()
#12 C:/Users/USER/Desktop/projet_tutore2/somagep/vendor/laravel/framework/src/Illuminate/Console/Command.php(280): Illuminate/Container/Container->call()
#13 C:/Users/USER/Desktop/projet_tutore2/somagep/vendor/symfony/console/Command/Command.php(284): Illuminate/Console/Command->execute()
#14 C:/Users/USER/Desktop/projet_tutore2/somagep/vendor/laravel/framework/src/Illuminate/Console/Command.php(249): Symfony/Component/Console/Command/Command->run()
#15 C:/Users/USER/Desktop/projet_tutore2/somagep/vendor/laravel/framework/src/Illuminate/Console/Concerns/CallsCommands.php(68): Illuminate/Console/Command->run()
#16 C:/Users/USER/Desktop/projet_tutore2/somagep/vendor/laravel/framework/src/Illuminate/Console/Concerns/CallsCommands.php(41): Illuminate/Console/Command->runCommand()
#17 C:/Users/USER/Desktop/projet_tutore2/somagep/vendor/laravel/framework/src/Illuminate/Console/Concerns/CallsCommands.php(53): Illuminate/Console/Command->callSilent()
#18 C:/Users/USER/Desktop/projet_tutore2/somagep/vendor/laravel/framework/src/Illuminate/Foundation/Console/OptimizeClearCommand.php(48): Illuminate/Console/Command->callSilently()
#19 C:/Users/USER/Desktop/projet_tutore2/somagep/vendor/laravel/framework/src/Illuminate/Console/View/Components/Task.php(43): Illuminate/Foundation/Console/OptimizeClearCommand->{closure:Illuminate/Foundation/Console/OptimizeClearCommand::handle():48}()
#20 C:/Users/USER/Desktop/projet_tutore2/somagep/vendor/laravel/framework/src/Illuminate/Console/View/Components/Factory.php(59): Illuminate/Console/View/Components/Task->render()
#21 C:/Users/USER/Desktop/projet_tutore2/somagep/vendor/laravel/framework/src/Illuminate/Foundation/Console/OptimizeClearCommand.php(48): Illuminate/Console/View/Components/Factory->__call()
#22 C:/Users/USER/Desktop/projet_tutore2/somagep/vendor/laravel/framework/src/Illuminate/Container/BoundMethod.php(36): Illuminate/Foundation/Console/OptimizeClearCommand->handle()
#23 C:/Users/USER/Desktop/projet_tutore2/somagep/vendor/laravel/framework/src/Illuminate/Container/Util.php(43): Illuminate/Container/BoundMethod::{closure:Illuminate/Container/BoundMethod::call():35}()
#24 C:/Users/USER/Desktop/projet_tutore2/somagep/vendor/laravel/framework/src/Illuminate/Container/BoundMethod.php(96): Illuminate/Container/Util::unwrapIfClosure()
#25 C:/Users/USER/Desktop/projet_tutore2/somagep/vendor/laravel/framework/src/Illuminate/Container/BoundMethod.php(35): Illuminate/Container/BoundMethod::callBoundMethod()
#26 C:/Users/USER/Desktop/projet_tutore2/somagep/vendor/laravel/framework/src/Illuminate/Container/Container.php(799): Illuminate/Container/BoundMethod::call()
#27 C:/Users/USER/Desktop/projet_tutore2/somagep/vendor/laravel/framework/src/Illuminate/Console/Command.php(280): Illuminate/Container/Container->call()
#28 C:/Users/USER/Desktop/projet_tutore2/somagep/vendor/symfony/console/Command/Command.php(284): Illuminate/Console/Command->execute()
#29 C:/Users/USER/Desktop/projet_tutore2/somagep/vendor/laravel/framework/src/Illuminate/Console/Command.php(249): Symfony/Component/Console/Command/Command->run()
#30 C:/Users/USER/Desktop/projet_tutore2/somagep/vendor/symfony/console/Application.php(1144): Illuminate/Console/Command->run()
#31 C:/Users/USER/Desktop/projet_tutore2/somagep/vendor/symfony/console/Application.php(379): Symfony/Component/Console/Application->doRunCommand()
#32 C:/Users/USER/Desktop/projet_tutore2/somagep/vendor/symfony/console/Application.php(218): Symfony/Component/Console/Application->doRun()
#33 C:/Users/USER/Desktop/projet_tutore2/somagep/vendor/laravel/framework/src/Illuminate/Foundation/Console/Kernel.php(198): Symfony/Component/Console/Application->run()
#34 C:/Users/USER/Desktop/projet_tutore2/somagep/vendor/laravel/framework/src/Illuminate/Foundation/Application.php(1235): Illuminate/Foundation/Console/Kernel->handle()
#35 C:/Users/USER/Desktop/projet_tutore2/somagep/artisan(16): Illuminate/Foundation/Application->handleCommand()
#36 {main}

[previous exception] [object] (PDOException(code: 42S02): SQLSTATE[42S02]: Base table or view not found: 1146 Table 'ditrack_db.cache' doesn't exist at C:/Users/USER/Desktop/projet_tutore2/somagep/vendor/laravel/framework/src/Illuminate/Database/Connection.php:622)
[stacktrace]
#0 C:/Users/USER/Desktop/projet_tutore2/somagep/vendor/laravel/framework/src/Illuminate/Database/Connection.php(622): PDO->prepare()
#1 C:/Users/USER/Desktop/projet_tutore2/somagep/vendor/laravel/framework/src/Illuminate/Database/Connection.php(846): Illuminate/Database/Connection->{closure:Illuminate/Database/Connection::affectingStatement():614}()
#2 C:/Users/USER/Desktop/projet_tutore2/somagep/vendor/laravel/framework/src/Illuminate/Database/Connection.php(813): Illuminate/Database/Connection->runQueryCallback()
#3 C:/Users/USER/Desktop/projet_tutore2/somagep/vendor/laravel/framework/src/Illuminate/Database/Connection.php(614): Illuminate/Database/Connection->run()
#4 C:/Users/USER/Desktop/projet_tutore2/somagep/vendor/laravel/framework/src/Illuminate/Database/Connection.php(578): Illuminate/Database/Connection->affectingStatement()
#5 C:/Users/USER/Desktop/projet_tutore2/somagep/vendor/laravel/framework/src/Illuminate/Database/Query/Builder.php(4520): Illuminate/Database/Connection->delete()
#6 C:/Users/USER/Desktop/projet_tutore2/somagep/vendor/laravel/framework/src/Illuminate/Cache/DatabaseStore.php(450): Illuminate/Database/Query/Builder->delete()
#7 C:/Users/USER/Desktop/projet_tutore2/somagep/vendor/laravel/framework/src/Illuminate/Cache/Repository.php(1071): Illuminate/Cache/DatabaseStore->flush()
#8 C:/Users/USER/Desktop/projet_tutore2/somagep/vendor/laravel/framework/src/Illuminate/Cache/Console/ClearCommand.php(80): Illuminate/Cache/Repository->__call()
#9 C:/Users/USER/Desktop/projet_tutore2/somagep/vendor/laravel/framework/src/Illuminate/Container/BoundMethod.php(36): Illuminate/Cache/Console/ClearCommand->handle()
#10 C:/Users/USER/Desktop/projet_tutore2/somagep/vendor/laravel/framework/src/Illuminate/Container/Util.php(43): Illuminate/Container/BoundMethod::{closure:Illuminate/Container/BoundMethod::call():35}()
#11 C:/Users/USER/Desktop/projet_tutore2/somagep/vendor/laravel/framework/src/Illuminate/Container/BoundMethod.php(96): Illuminate/Container/Util::unwrapIfClosure()
#12 C:/Users/USER/Desktop/projet_tutore2/somagep/vendor/laravel/framework/src/Illuminate/Container/BoundMethod.php(35): Illuminate/Container/BoundMethod::callBoundMethod()
#13 C:/Users/USER/Desktop/projet_tutore2/somagep/vendor/laravel/framework/src/Illuminate/Container/Container.php(799): Illuminate/Container/BoundMethod::call()
#14 C:/Users/USER/Desktop/projet_tutore2/somagep/vendor/laravel/framework/src/Illuminate/Console/Command.php(280): Illuminate/Container/Container->call()
#15 C:/Users/USER/Desktop/projet_tutore2/somagep/vendor/symfony/console/Command/Command.php(284): Illuminate/Console/Command->execute()
#16 C:/Users/USER/Desktop/projet_tutore2/somagep/vendor/laravel/framework/src/Illuminate/Console/Command.php(249): Symfony/Component/Console/Command/Command->run()
#17 C:/Users/USER/Desktop/projet_tutore2/somagep/vendor/laravel/framework/src/Illuminate/Console/Concerns/CallsCommands.php(68): Illuminate/Console/Command->run()
#18 C:/Users/USER/Desktop/projet_tutore2/somagep/vendor/laravel/framework/src/Illuminate/Console/Concerns/CallsCommands.php(41): Illuminate/Console/Command->runCommand()
#19 C:/Users/USER/Desktop/projet_tutore2/somagep/vendor/laravel/framework/src/Illuminate/Console/Concerns/CallsCommands.php(53): Illuminate/Console/Command->callSilent()
#20 C:/Users/USER/Desktop/projet_tutore2/somagep/vendor/laravel/framework/src/Illuminate/Foundation/Console/OptimizeClearCommand.php(48): Illuminate/Console/Command->callSilently()
#21 C:/Users/USER/Desktop/projet_tutore2/somagep/vendor/laravel/framework/src/Illuminate/Console/View/Components/Task.php(43): Illuminate/Foundation/Console/OptimizeClearCommand->{closure:Illuminate/Foundation/Console/OptimizeClearCommand::handle():48}()
#22 C:/Users/USER/Desktop/projet_tutore2/somagep/vendor/laravel/framework/src/Illuminate/Console/View/Components/Factory.php(59): Illuminate/Console/View/Components/Task->render()
#23 C:/Users/USER/Desktop/projet_tutore2/somagep/vendor/laravel/framework/src/Illuminate/Foundation/Console/OptimizeClearCommand.php(48): Illuminate/Console/View/Components/Factory->__call()
#24 C:/Users/USER/Desktop/projet_tutore2/somagep/vendor/laravel/framework/src/Illuminate/Container/BoundMethod.php(36): Illuminate/Foundation/Console/OptimizeClearCommand->handle()
#25 C:/Users/USER/Desktop/projet_tutore2/somagep/vendor/laravel/framework/src/Illuminate/Container/Util.php(43): Illuminate/Container/BoundMethod::{closure:Illuminate/Container/BoundMethod::call():35}()
#26 C:/Users/USER/Desktop/projet_tutore2/somagep/vendor/laravel/framework/src/Illuminate/Container/BoundMethod.php(96): Illuminate/Container/Util::unwrapIfClosure()
#27 C:/Users/USER/Desktop/projet_tutore2/somagep/vendor/laravel/framework/src/Illuminate/Container/BoundMethod.php(35): Illuminate/Container/BoundMethod::callBoundMethod()
#28 C:/Users/USER/Desktop/projet_tutore2/somagep/vendor/laravel/framework/src/Illuminate/Container/Container.php(799): Illuminate/Container/BoundMethod::call()
#29 C:/Users/USER/Desktop/projet_tutore2/somagep/vendor/laravel/framework/src/Illuminate/Console/Command.php(280): Illuminate/Container/Container->call()
#30 C:/Users/USER/Desktop/projet_tutore2/somagep/vendor/symfony/console/Command/Command.php(284): Illuminate/Console/Command->execute()
#31 C:/Users/USER/Desktop/projet_tutore2/somagep/vendor/laravel/framework/src/Illuminate/Console/Command.php(249): Symfony/Component/Console/Command/Command->run()
#32 C:/Users/USER/Desktop/projet_tutore2/somagep/vendor/symfony/console/Application.php(1144): Illuminate/Console/Command->run()
#33 C:/Users/USER/Desktop/projet_tutore2/somagep/vendor/symfony/console/Application.php(379): Symfony/Component/Console/Application->doRunCommand()
#34 C:/Users/USER/Desktop/projet_tutore2/somagep/vendor/symfony/console/Application.php(218): Symfony/Component/Console/Application->doRun()
#35 C:/Users/USER/Desktop/projet_tutore2/somagep/vendor/laravel/framework/src/Illuminate/Foundation/Console/Kernel.php(198): Symfony/Component/Console/Application->run()
#36 C:/Users/USER/Desktop/projet_tutore2/somagep/vendor/laravel/framework/src/Illuminate/Foundation/Application.php(1235): Illuminate/Foundation/Console/Kernel->handle()
#37 C:/Users/USER/Desktop/projet_tutore2/somagep/artisan(16): Illuminate/Foundation/Application->handleCommand()
#38 {main}
"} 
[2026-06-25 17:43:16] local.ERROR: SQLSTATE[42S02]: Base table or view not found: 1146 Table 'ditrack_db.sessions' doesn't exist (Connection: mysql, Host: 127.0.0.1, Port: 3306, Database: ditrack_db, SQL: select * from `sessions` where `id` = fEWYlI8k8k9tScy4CgTNOyBKhrGcTRoNNfzE7vZK limit 1) {"exception":"[object] (Illuminate\\Database\\QueryException(code: 42S02): SQLSTATE[42S02]: Base table or view not found: 1146 Table 'ditrack_db.sessions' doesn't exist (Connection: mysql, Host: 127.0.0.1, Port: 3306, Database: ditrack_db, SQL: select * from `sessions` where `id` = fEWYlI8k8k9tScy4CgTNOyBKhrGcTRoNNfzE7vZK limit 1) at C:/Users/USER/Desktop/projet_tutore2/somagep/vendor/laravel/framework/src/Illuminate/Database/Connection.php:857)
[stacktrace]
#0 C:/Users/USER/Desktop/projet_tutore2/somagep/vendor/laravel/framework/src/Illuminate/Database/Connection.php(813): Illuminate/Database/Connection->runQueryCallback()
#1 C:/Users/USER/Desktop/projet_tutore2/somagep/vendor/laravel/framework/src/Illuminate/Database/Connection.php(426): Illuminate/Database/Connection->run()
#2 C:/Users/USER/Desktop/projet_tutore2/somagep/vendor/laravel/framework/src/Illuminate/Database/Query/Builder.php(3573): Illuminate/Database/Connection->select()
#3 C:/Users/USER/Desktop/projet_tutore2/somagep/vendor/laravel/framework/src/Illuminate/Database/Query/Builder.php(3557): Illuminate/Database/Query/Builder->runSelect()
#4 C:/Users/USER/Desktop/projet_tutore2/somagep/vendor/laravel/framework/src/Illuminate/Database/Concerns/BuildsQueries.php(366): Illuminate/Database/Query/Builder->get()
#5 C:/Users/USER/Desktop/projet_tutore2/somagep/vendor/laravel/framework/src/Illuminate/Database/Query/Builder.php(3475): Illuminate/Database/Query/Builder->first()
#6 C:/Users/USER/Desktop/projet_tutore2/somagep/vendor/laravel/framework/src/Illuminate/Session/DatabaseSessionHandler.php(96): Illuminate/Database/Query/Builder->find()
#7 C:/Users/USER/Desktop/projet_tutore2/somagep/vendor/laravel/framework/src/Illuminate/Session/Store.php(128): Illuminate/Session/DatabaseSessionHandler->read()
#8 C:/Users/USER/Desktop/projet_tutore2/somagep/vendor/laravel/framework/src/Illuminate/Session/Store.php(116): Illuminate/Session/Store->readFromHandler()
#9 C:/Users/USER/Desktop/projet_tutore2/somagep/vendor/laravel/framework/src/Illuminate/Session/Store.php(100): Illuminate/Session/Store->loadSession()
#10 C:/Users/USER/Desktop/projet_tutore2/somagep/vendor/laravel/framework/src/Illuminate/Session/Middleware/StartSession.php(146): Illuminate/Session/Store->start()
#11 C:/Users/USER/Desktop/projet_tutore2/somagep/vendor/laravel/framework/src/Illuminate/Support/helpers.php(393): Illuminate/Session/Middleware/StartSession->{closure:Illuminate/Session/Middleware/StartSession::startSession():143}()
#12 C:/Users/USER/Desktop/projet_tutore2/somagep/vendor/laravel/framework/src/Illuminate/Session/Middleware/StartSession.php(143): tap()
#13 C:/Users/USER/Desktop/projet_tutore2/somagep/vendor/laravel/framework/src/Illuminate/Session/Middleware/StartSession.php(115): Illuminate/Session/Middleware/StartSession->startSession()
#14 C:/Users/USER/Desktop/projet_tutore2/somagep/vendor/laravel/framework/src/Illuminate/Session/Middleware/StartSession.php(63): Illuminate/Session/Middleware/StartSession->handleStatefulRequest()
#15 C:/Users/USER/Desktop/projet_tutore2/somagep/vendor/laravel/framework/src/Illuminate/Pipeline/Pipeline.php(219): Illuminate/Session/Middleware/StartSession->handle()
#16 C:/Users/USER/Desktop/projet_tutore2/somagep/vendor/laravel/framework/src/Illuminate/Cookie/Middleware/AddQueuedCookiesToResponse.php(36): Illuminate/Pipeline/Pipeline->{closure:{closure:Illuminate/Pipeline/Pipeline::carry():194}:195}()
#17 C:/Users/USER/Desktop/projet_tutore2/somagep/vendor/laravel/framework/src/Illuminate/Pipeline/Pipeline.php(219): Illuminate/Cookie/Middleware/AddQueuedCookiesToResponse->handle()
#18 C:/Users/USER/Desktop/projet_tutore2/somagep/vendor/laravel/framework/src/Illuminate/Cookie/Middleware/EncryptCookies.php(74): Illuminate/Pipeline/Pipeline->{closure:{closure:Illuminate/Pipeline/Pipeline::carry():194}:195}()
#19 C:/Users/USER/Desktop/projet_tutore2/somagep/vendor/laravel/framework/src/Illuminate/Pipeline/Pipeline.php(219): Illuminate/Cookie/Middleware/EncryptCookies->handle()
#20 C:/Users/USER/Desktop/projet_tutore2/somagep/vendor/laravel/framework/src/Illuminate/Pipeline/Pipeline.php(137): Illuminate/Pipeline/Pipeline->{closure:{closure:Illuminate/Pipeline/Pipeline::carry():194}:195}()
#21 C:/Users/USER/Desktop/projet_tutore2/somagep/vendor/laravel/framework/src/Illuminate/Routing/Router.php(821): Illuminate/Pipeline/Pipeline->then()
#22 C:/Users/USER/Desktop/projet_tutore2/somagep/vendor/laravel/framework/src/Illuminate/Routing/Router.php(800): Illuminate/Routing/Router->runRouteWithinStack()
#23 C:/Users/USER/Desktop/projet_tutore2/somagep/vendor/laravel/framework/src/Illuminate/Routing/Router.php(764): Illuminate/Routing/Router->runRoute()
#24 C:/Users/USER/Desktop/projet_tutore2/somagep/vendor/laravel/framework/src/Illuminate/Routing/Router.php(753): Illuminate/Routing/Router->dispatchToRoute()
#25 C:/Users/USER/Desktop/projet_tutore2/somagep/vendor/laravel/framework/src/Illuminate/Foundation/Http/Kernel.php(200): Illuminate/Routing/Router->dispatch()
#26 C:/Users/USER/Desktop/projet_tutore2/somagep/vendor/laravel/framework/src/Illuminate/Pipeline/Pipeline.php(180): Illuminate/Foundation/Http/Kernel->{closure:Illuminate/Foundation/Http/Kernel::dispatchToRouter():197}()
#27 C:/Users/USER/Desktop/projet_tutore2/somagep/vendor/laravel/framework/src/Illuminate/Foundation/Http/Middleware/TransformsRequest.php(21): Illuminate/Pipeline/Pipeline->{closure:Illuminate/Pipeline/Pipeline::prepareDestination():178}()
#28 C:/Users/USER/Desktop/projet_tutore2/somagep/vendor/laravel/framework/src/Illuminate/Foundation/Http/Middleware/ConvertEmptyStringsToNull.php(31): Illuminate/Foundation/Http/Middleware/TransformsRequest->handle()
#29 C:/Users/USER/Desktop/projet_tutore2/somagep/vendor/laravel/framework/src/Illuminate/Pipeline/Pipeline.php(219): Illuminate/Foundation/Http/Middleware/ConvertEmptyStringsToNull->handle()
#30 C:/Users/USER/Desktop/projet_tutore2/somagep/vendor/laravel/framework/src/Illuminate/Foundation/Http/Middleware/TransformsRequest.php(21): Illuminate/Pipeline/Pipeline->{closure:{closure:Illuminate/Pipeline/Pipeline::carry():194}:195}()
#31 C:/Users/USER/Desktop/projet_tutore2/somagep/vendor/laravel/framework/src/Illuminate/Foundation/Http/Middleware/TrimStrings.php(51): Illuminate/Foundation/Http/Middleware/TransformsRequest->handle()
#32 C:/Users/USER/Desktop/projet_tutore2/somagep/vendor/laravel/framework/src/Illuminate/Pipeline/Pipeline.php(219): Illuminate/Foundation/Http/Middleware/TrimStrings->handle()
#33 C:/Users/USER/Desktop/projet_tutore2/somagep/vendor/laravel/framework/src/Illuminate/Http/Middleware/ValidatePostSize.php(27): Illuminate/Pipeline/Pipeline->{closure:{closure:Illuminate/Pipeline/Pipeline::carry():194}:195}()
#34 C:/Users/USER/Desktop/projet_tutore2/somagep/vendor/laravel/framework/src/Illuminate/Pipeline/Pipeline.php(219): Illuminate/Http/Middleware/ValidatePostSize->handle()
#35 C:/Users/USER/Desktop/projet_tutore2/somagep/vendor/laravel/framework/src/Illuminate/Foundation/Http/Middleware/PreventRequestsDuringMaintenance.php(109): Illuminate/Pipeline/Pipeline->{closure:{closure:Illuminate/Pipeline/Pipeline::carry():194}:195}()
#36 C:/Users/USER/Desktop/projet_tutore2/somagep/vendor/laravel/framework/src/Illuminate/Pipeline/Pipeline.php(219): Illuminate/Foundation/Http/Middleware/PreventRequestsDuringMaintenance->handle()
#37 C:/Users/USER/Desktop/projet_tutore2/somagep/vendor/laravel/framework/src/Illuminate/Http/Middleware/HandleCors.php(61): Illuminate/Pipeline/Pipeline->{closure:{closure:Illuminate/Pipeline/Pipeline::carry():194}:195}()
#38 C:/Users/USER/Desktop/projet_tutore2/somagep/vendor/laravel/framework/src/Illuminate/Pipeline/Pipeline.php(219): Illuminate/Http/Middleware/HandleCors->handle()
#39 C:/Users/USER/Desktop/projet_tutore2/somagep/vendor/laravel/framework/src/Illuminate/Http/Middleware/TrustProxies.php(58): Illuminate/Pipeline/Pipeline->{closure:{closure:Illuminate/Pipeline/Pipeline::carry():194}:195}()
#40 C:/Users/USER/Desktop/projet_tutore2/somagep/vendor/laravel/framework/src/Illuminate/Pipeline/Pipeline.php(219): Illuminate/Http/Middleware/TrustProxies->handle()
#41 C:/Users/USER/Desktop/projet_tutore2/somagep/vendor/laravel/framework/src/Illuminate/Foundation/Http/Middleware/InvokeDeferredCallbacks.php(22): Illuminate/Pipeline/Pipeline->{closure:{closure:Illuminate/Pipeline/Pipeline::carry():194}:195}()
#42 C:/Users/USER/Desktop/projet_tutore2/somagep/vendor/laravel/framework/src/Illuminate/Pipeline/Pipeline.php(219): Illuminate/Foundation/Http/Middleware/InvokeDeferredCallbacks->handle()
#43 C:/Users/USER/Desktop/projet_tutore2/somagep/vendor/laravel/framework/src/Illuminate/Http/Middleware/ValidatePathEncoding.php(28): Illuminate/Pipeline/Pipeline->{closure:{closure:Illuminate/Pipeline/Pipeline::carry():194}:195}()
#44 C:/Users/USER/Desktop/projet_tutore2/somagep/vendor/laravel/framework/src/Illuminate/Pipeline/Pipeline.php(219): Illuminate/Http/Middleware/ValidatePathEncoding->handle()
#45 C:/Users/USER/Desktop/projet_tutore2/somagep/vendor/laravel/framework/src/Illuminate/Pipeline/Pipeline.php(137): Illuminate/Pipeline/Pipeline->{closure:{closure:Illuminate/Pipeline/Pipeline::carry():194}:195}()
#46 C:/Users/USER/Desktop/projet_tutore2/somagep/vendor/laravel/framework/src/Illuminate/Foundation/Http/Kernel.php(175): Illuminate/Pipeline/Pipeline->then()
#47 C:/Users/USER/Desktop/projet_tutore2/somagep/vendor/laravel/framework/src/Illuminate/Foundation/Http/Kernel.php(144): Illuminate/Foundation/Http/Kernel->sendRequestThroughRouter()
#48 C:/Users/USER/Desktop/projet_tutore2/somagep/vendor/laravel/framework/src/Illuminate/Foundation/Application.php(1220): Illuminate/Foundation/Http/Kernel->handle()
#49 C:/Users/USER/Desktop/projet_tutore2/somagep/public/index.php(20): Illuminate/Foundation/Application->handleRequest()
#50 C:/Users/USER/Desktop/projet_tutore2/somagep/vendor/laravel/framework/src/Illuminate/Foundation/resources/server.php(23): require_once('...')
#51 {main}

[previous exception] [object] (PDOException(code: 42S02): SQLSTATE[42S02]: Base table or view not found: 1146 Table 'ditrack_db.sessions' doesn't exist at C:/Users/USER/Desktop/projet_tutore2/somagep/vendor/laravel/framework/src/Illuminate/Database/Connection.php:435)
[stacktrace]
#0 C:/Users/USER/Desktop/projet_tutore2/somagep/vendor/laravel/framework/src/Illuminate/Database/Connection.php(435): PDO->prepare()
#1 C:/Users/USER/Desktop/projet_tutore2/somagep/vendor/laravel/framework/src/Illuminate/Database/Connection.php(846): Illuminate/Database/Connection->{closure:Illuminate/Database/Connection::select():426}()
#2 C:/Users/USER/Desktop/projet_tutore2/somagep/vendor/laravel/framework/src/Illuminate/Database/Connection.php(813): Illuminate/Database/Connection->runQueryCallback()
#3 C:/Users/USER/Desktop/projet_tutore2/somagep/vendor/laravel/framework/src/Illuminate/Database/Connection.php(426): Illuminate/Database/Connection->run()
#4 C:/Users/USER/Desktop/projet_tutore2/somagep/vendor/laravel/framework/src/Illuminate/Database/Query/Builder.php(3573): Illuminate/Database/Connection->select()
#5 C:/Users/USER/Desktop/projet_tutore2/somagep/vendor/laravel/framework/src/Illuminate/Database/Query/Builder.php(3557): Illuminate/Database/Query/Builder->runSelect()
#6 C:/Users/USER/Desktop/projet_tutore2/somagep/vendor/laravel/framework/src/Illuminate/Database/Concerns/BuildsQueries.php(366): Illuminate/Database/Query/Builder->get()
#7 C:/Users/USER/Desktop/projet_tutore2/somagep/vendor/laravel/framework/src/Illuminate/Database/Query/Builder.php(3475): Illuminate/Database/Query/Builder->first()
#8 C:/Users/USER/Desktop/projet_tutore2/somagep/vendor/laravel/framework/src/Illuminate/Session/DatabaseSessionHandler.php(96): Illuminate/Database/Query/Builder->find()
#9 C:/Users/USER/Desktop/projet_tutore2/somagep/vendor/laravel/framework/src/Illuminate/Session/Store.php(128): Illuminate/Session/DatabaseSessionHandler->read()
#10 C:/Users/USER/Desktop/projet_tutore2/somagep/vendor/laravel/framework/src/Illuminate/Session/Store.php(116): Illuminate/Session/Store->readFromHandler()
#11 C:/Users/USER/Desktop/projet_tutore2/somagep/vendor/laravel/framework/src/Illuminate/Session/Store.php(100): Illuminate/Session/Store->loadSession()
#12 C:/Users/USER/Desktop/projet_tutore2/somagep/vendor/laravel/framework/src/Illuminate/Session/Middleware/StartSession.php(146): Illuminate/Session/Store->start()
#13 C:/Users/USER/Desktop/projet_tutore2/somagep/vendor/laravel/framework/src/Illuminate/Support/helpers.php(393): Illuminate/Session/Middleware/StartSession->{closure:Illuminate/Session/Middleware/StartSession::startSession():143}()
#14 C:/Users/USER/Desktop/projet_tutore2/somagep/vendor/laravel/framework/src/Illuminate/Session/Middleware/StartSession.php(143): tap()
#15 C:/Users/USER/Desktop/projet_tutore2/somagep/vendor/laravel/framework/src/Illuminate/Session/Middleware/StartSession.php(115): Illuminate/Session/Middleware/StartSession->startSession()
#16 C:/Users/USER/Desktop/projet_tutore2/somagep/vendor/laravel/framework/src/Illuminate/Session/Middleware/StartSession.php(63): Illuminate/Session/Middleware/StartSession->handleStatefulRequest()
#17 C:/Users/USER/Desktop/projet_tutore2/somagep/vendor/laravel/framework/src/Illuminate/Pipeline/Pipeline.php(219): Illuminate/Session/Middleware/StartSession->handle()
#18 C:/Users/USER/Desktop/projet_tutore2/somagep/vendor/laravel/framework/src/Illuminate/Cookie/Middleware/AddQueuedCookiesToResponse.php(36): Illuminate/Pipeline/Pipeline->{closure:{closure:Illuminate/Pipeline/Pipeline::carry():194}:195}()
#19 C:/Users/USER/Desktop/projet_tutore2/somagep/vendor/laravel/framework/src/Illuminate/Pipeline/Pipeline.php(219): Illuminate/Cookie/Middleware/AddQueuedCookiesToResponse->handle()
#20 C:/Users/USER/Desktop/projet_tutore2/somagep/vendor/laravel/framework/src/Illuminate/Cookie/Middleware/EncryptCookies.php(74): Illuminate/Pipeline/Pipeline->{closure:{closure:Illuminate/Pipeline/Pipeline::carry():194}:195}()
#21 C:/Users/USER/Desktop/projet_tutore2/somagep/vendor/laravel/framework/src/Illuminate/Pipeline/Pipeline.php(219): Illuminate/Cookie/Middleware/EncryptCookies->handle()
#22 C:/Users/USER/Desktop/projet_tutore2/somagep/vendor/laravel/framework/src/Illuminate/Pipeline/Pipeline.php(137): Illuminate/Pipeline/Pipeline->{closure:{closure:Illuminate/Pipeline/Pipeline::carry():194}:195}()
#23 C:/Users/USER/Desktop/projet_tutore2/somagep/vendor/laravel/framework/src/Illuminate/Routing/Router.php(821): Illuminate/Pipeline/Pipeline->then()
#24 C:/Users/USER/Desktop/projet_tutore2/somagep/vendor/laravel/framework/src/Illuminate/Routing/Router.php(800): Illuminate/Routing/Router->runRouteWithinStack()
#25 C:/Users/USER/Desktop/projet_tutore2/somagep/vendor/laravel/framework/src/Illuminate/Routing/Router.php(764): Illuminate/Routing/Router->runRoute()
#26 C:/Users/USER/Desktop/projet_tutore2/somagep/vendor/laravel/framework/src/Illuminate/Routing/Router.php(753): Illuminate/Routing/Router->dispatchToRoute()
#27 C:/Users/USER/Desktop/projet_tutore2/somagep/vendor/laravel/framework/src/Illuminate/Foundation/Http/Kernel.php(200): Illuminate/Routing/Router->dispatch()
#28 C:/Users/USER/Desktop/projet_tutore2/somagep/vendor/laravel/framework/src/Illuminate/Pipeline/Pipeline.php(180): Illuminate/Foundation/Http/Kernel->{closure:Illuminate/Foundation/Http/Kernel::dispatchToRouter():197}()
#29 C:/Users/USER/Desktop/projet_tutore2/somagep/vendor/laravel/framework/src/Illuminate/Foundation/Http/Middleware/TransformsRequest.php(21): Illuminate/Pipeline/Pipeline->{closure:Illuminate/Pipeline/Pipeline::prepareDestination():178}()
#30 C:/Users/USER/Desktop/projet_tutore2/somagep/vendor/laravel/framework/src/Illuminate/Foundation/Http/Middleware/ConvertEmptyStringsToNull.php(31): Illuminate/Foundation/Http/Middleware/TransformsRequest->handle()
#31 C:/Users/USER/Desktop/projet_tutore2/somagep/vendor/laravel/framework/src/Illuminate/Pipeline/Pipeline.php(219): Illuminate/Foundation/Http/Middleware/ConvertEmptyStringsToNull->handle()
#32 C:/Users/USER/Desktop/projet_tutore2/somagep/vendor/laravel/framework/src/Illuminate/Foundation/Http/Middleware/TransformsRequest.php(21): Illuminate/Pipeline/Pipeline->{closure:{closure:Illuminate/Pipeline/Pipeline::carry():194}:195}()
#33 C:/Users/USER/Desktop/projet_tutore2/somagep/vendor/laravel/framework/src/Illuminate/Foundation/Http/Middleware/TrimStrings.php(51): Illuminate/Foundation/Http/Middleware/TransformsRequest->handle()
#34 C:/Users/USER/Desktop/projet_tutore2/somagep/vendor/laravel/framework/src/Illuminate/Pipeline/Pipeline.php(219): Illuminate/Foundation/Http/Middleware/TrimStrings->handle()
#35 C:/Users/USER/Desktop/projet_tutore2/somagep/vendor/laravel/framework/src/Illuminate/Http/Middleware/ValidatePostSize.php(27): Illuminate/Pipeline/Pipeline->{closure:{closure:Illuminate/Pipeline/Pipeline::carry():194}:195}()
#36 C:/Users/USER/Desktop/projet_tutore2/somagep/vendor/laravel/framework/src/Illuminate/Pipeline/Pipeline.php(219): Illuminate/Http/Middleware/ValidatePostSize->handle()
#37 C:/Users/USER/Desktop/projet_tutore2/somagep/vendor/laravel/framework/src/Illuminate/Foundation/Http/Middleware/PreventRequestsDuringMaintenance.php(109): Illuminate/Pipeline/Pipeline->{closure:{closure:Illuminate/Pipeline/Pipeline::carry():194}:195}()
#38 C:/Users/USER/Desktop/projet_tutore2/somagep/vendor/laravel/framework/src/Illuminate/Pipeline/Pipeline.php(219): Illuminate/Foundation/Http/Middleware/PreventRequestsDuringMaintenance->handle()
#39 C:/Users/USER/Desktop/projet_tutore2/somagep/vendor/laravel/framework/src/Illuminate/Http/Middleware/HandleCors.php(61): Illuminate/Pipeline/Pipeline->{closure:{closure:Illuminate/Pipeline/Pipeline::carry():194}:195}()
#40 C:/Users/USER/Desktop/projet_tutore2/somagep/vendor/laravel/framework/src/Illuminate/Pipeline/Pipeline.php(219): Illuminate/Http/Middleware/HandleCors->handle()
#41 C:/Users/USER/Desktop/projet_tutore2/somagep/vendor/laravel/framework/src/Illuminate/Http/Middleware/TrustProxies.php(58): Illuminate/Pipeline/Pipeline->{closure:{closure:Illuminate/Pipeline/Pipeline::carry():194}:195}()
#42 C:/Users/USER/Desktop/projet_tutore2/somagep/vendor/laravel/framework/src/Illuminate/Pipeline/Pipeline.php(219): Illuminate/Http/Middleware/TrustProxies->handle()
#43 C:/Users/USER/Desktop/projet_tutore2/somagep/vendor/laravel/framework/src/Illuminate/Foundation/Http/Middleware/InvokeDeferredCallbacks.php(22): Illuminate/Pipeline/Pipeline->{closure:{closure:Illuminate/Pipeline/Pipeline::carry():194}:195}()
#44 C:/Users/USER/Desktop/projet_tutore2/somagep/vendor/laravel/framework/src/Illuminate/Pipeline/Pipeline.php(219): Illuminate/Foundation/Http/Middleware/InvokeDeferredCallbacks->handle()
#45 C:/Users/USER/Desktop/projet_tutore2/somagep/vendor/laravel/framework/src/Illuminate/Http/Middleware/ValidatePathEncoding.php(28): Illuminate/Pipeline/Pipeline->{closure:{closure:Illuminate/Pipeline/Pipeline::carry():194}:195}()
#46 C:/Users/USER/Desktop/projet_tutore2/somagep/vendor/laravel/framework/src/Illuminate/Pipeline/Pipeline.php(219): Illuminate/Http/Middleware/ValidatePathEncoding->handle()
#47 C:/Users/USER/Desktop/projet_tutore2/somagep/vendor/laravel/framework/src/Illuminate/Pipeline/Pipeline.php(137): Illuminate/Pipeline/Pipeline->{closure:{closure:Illuminate/Pipeline/Pipeline::carry():194}:195}()
#48 C:/Users/USER/Desktop/projet_tutore2/somagep/vendor/laravel/framework/src/Illuminate/Foundation/Http/Kernel.php(175): Illuminate/Pipeline/Pipeline->then()
#49 C:/Users/USER/Desktop/projet_tutore2/somagep/vendor/laravel/framework/src/Illuminate/Foundation/Http/Kernel.php(144): Illuminate/Foundation/Http/Kernel->sendRequestThroughRouter()
#50 C:/Users/USER/Desktop/projet_tutore2/somagep/vendor/laravel/framework/src/Illuminate/Foundation/Application.php(1220): Illuminate/Foundation/Http/Kernel->handle()
#51 C:/Users/USER/Desktop/projet_tutore2/somagep/public/index.php(20): Illuminate/Foundation/Application->handleRequest()
#52 C:/Users/USER/Desktop/projet_tutore2/somagep/vendor/laravel/framework/src/Illuminate/Foundation/resources/server.php(23): require_once('...')
#53 {main}
"} 
[2026-06-25 17:53:03] local.ERROR: syntax error, unexpected token "`", expecting ";" or "{" {"exception":"[object] (ParseError(code: 0): syntax error, unexpected token \"`\", expecting \";\" or \"{\" at C:/Users/USER/Desktop/projet_tutore2/somagep/app/Http/Controllers/AbonneController.php:75)
[stacktrace]
#0 C:/Users/USER/Desktop/projet_tutore2/somagep/vendor/composer/ClassLoader.php(427): {closure:Composer/Autoload/ClassLoader::initializeIncludeClosure():575}()
#1 [internal function]: Composer/Autoload/ClassLoader->loadClass()
#2 C:/Users/USER/Desktop/projet_tutore2/somagep/vendor/laravel/framework/src/Illuminate/Routing/Route.php(1187): ReflectionClass->__construct()
#3 C:/Users/USER/Desktop/projet_tutore2/somagep/vendor/laravel/framework/src/Illuminate/Routing/Route.php(1137): Illuminate/Routing/Route->attributeProvidedControllerMiddleware()
#4 C:/Users/USER/Desktop/projet_tutore2/somagep/vendor/laravel/framework/src/Illuminate/Routing/Route.php(1074): Illuminate/Routing/Route->controllerMiddleware()
#5 C:/Users/USER/Desktop/projet_tutore2/somagep/vendor/laravel/framework/src/Illuminate/Routing/Router.php(834): Illuminate/Routing/Route->gatherMiddleware()
#6 C:/Users/USER/Desktop/projet_tutore2/somagep/vendor/laravel/framework/src/Illuminate/Routing/Router.php(816): Illuminate/Routing/Router->gatherRouteMiddleware()
#7 C:/Users/USER/Desktop/projet_tutore2/somagep/vendor/laravel/framework/src/Illuminate/Routing/Router.php(800): Illuminate/Routing/Router->runRouteWithinStack()
#8 C:/Users/USER/Desktop/projet_tutore2/somagep/vendor/laravel/framework/src/Illuminate/Routing/Router.php(764): Illuminate/Routing/Router->runRoute()
#9 C:/Users/USER/Desktop/projet_tutore2/somagep/vendor/laravel/framework/src/Illuminate/Routing/Router.php(753): Illuminate/Routing/Router->dispatchToRoute()
#10 C:/Users/USER/Desktop/projet_tutore2/somagep/vendor/laravel/framework/src/Illuminate/Foundation/Http/Kernel.php(200): Illuminate/Routing/Router->dispatch()
#11 C:/Users/USER/Desktop/projet_tutore2/somagep/vendor/laravel/framework/src/Illuminate/Pipeline/Pipeline.php(180): Illuminate/Foundation/Http/Kernel->{closure:Illuminate/Foundation/Http/Kernel::dispatchToRouter():197}()
#12 C:/Users/USER/Desktop/projet_tutore2/somagep/vendor/laravel/framework/src/Illuminate/Foundation/Http/Middleware/TransformsRequest.php(21): Illuminate/Pipeline/Pipeline->{closure:Illuminate/Pipeline/Pipeline::prepareDestination():178}()
#13 C:/Users/USER/Desktop/projet_tutore2/somagep/vendor/laravel/framework/src/Illuminate/Foundation/Http/Middleware/ConvertEmptyStringsToNull.php(31): Illuminate/Foundation/Http/Middleware/TransformsRequest->handle()
#14 C:/Users/USER/Desktop/projet_tutore2/somagep/vendor/laravel/framework/src/Illuminate/Pipeline/Pipeline.php(219): Illuminate/Foundation/Http/Middleware/ConvertEmptyStringsToNull->handle()
#15 C:/Users/USER/Desktop/projet_tutore2/somagep/vendor/laravel/framework/src/Illuminate/Foundation/Http/Middleware/TransformsRequest.php(21): Illuminate/Pipeline/Pipeline->{closure:{closure:Illuminate/Pipeline/Pipeline::carry():194}:195}()
#16 C:/Users/USER/Desktop/projet_tutore2/somagep/vendor/laravel/framework/src/Illuminate/Foundation/Http/Middleware/TrimStrings.php(51): Illuminate/Foundation/Http/Middleware/TransformsRequest->handle()
#17 C:/Users/USER/Desktop/projet_tutore2/somagep/vendor/laravel/framework/src/Illuminate/Pipeline/Pipeline.php(219): Illuminate/Foundation/Http/Middleware/TrimStrings->handle()
#18 C:/Users/USER/Desktop/projet_tutore2/somagep/vendor/laravel/framework/src/Illuminate/Http/Middleware/ValidatePostSize.php(27): Illuminate/Pipeline/Pipeline->{closure:{closure:Illuminate/Pipeline/Pipeline::carry():194}:195}()
#19 C:/Users/USER/Desktop/projet_tutore2/somagep/vendor/laravel/framework/src/Illuminate/Pipeline/Pipeline.php(219): Illuminate/Http/Middleware/ValidatePostSize->handle()
#20 C:/Users/USER/Desktop/projet_tutore2/somagep/vendor/laravel/framework/src/Illuminate/Foundation/Http/Middleware/PreventRequestsDuringMaintenance.php(109): Illuminate/Pipeline/Pipeline->{closure:{closure:Illuminate/Pipeline/Pipeline::carry():194}:195}()
#21 C:/Users/USER/Desktop/projet_tutore2/somagep/vendor/laravel/framework/src/Illuminate/Pipeline/Pipeline.php(219): Illuminate/Foundation/Http/Middleware/PreventRequestsDuringMaintenance->handle()
#22 C:/Users/USER/Desktop/projet_tutore2/somagep/vendor/laravel/framework/src/Illuminate/Http/Middleware/HandleCors.php(61): Illuminate/Pipeline/Pipeline->{closure:{closure:Illuminate/Pipeline/Pipeline::carry():194}:195}()
#23 C:/Users/USER/Desktop/projet_tutore2/somagep/vendor/laravel/framework/src/Illuminate/Pipeline/Pipeline.php(219): Illuminate/Http/Middleware/HandleCors->handle()
#24 C:/Users/USER/Desktop/projet_tutore2/somagep/vendor/laravel/framework/src/Illuminate/Http/Middleware/TrustProxies.php(58): Illuminate/Pipeline/Pipeline->{closure:{closure:Illuminate/Pipeline/Pipeline::carry():194}:195}()
#25 C:/Users/USER/Desktop/projet_tutore2/somagep/vendor/laravel/framework/src/Illuminate/Pipeline/Pipeline.php(219): Illuminate/Http/Middleware/TrustProxies->handle()
#26 C:/Users/USER/Desktop/projet_tutore2/somagep/vendor/laravel/framework/src/Illuminate/Foundation/Http/Middleware/InvokeDeferredCallbacks.php(22): Illuminate/Pipeline/Pipeline->{closure:{closure:Illuminate/Pipeline/Pipeline::carry():194}:195}()
#27 C:/Users/USER/Desktop/projet_tutore2/somagep/vendor/laravel/framework/src/Illuminate/Pipeline/Pipeline.php(219): Illuminate/Foundation/Http/Middleware/InvokeDeferredCallbacks->handle()
#28 C:/Users/USER/Desktop/projet_tutore2/somagep/vendor/laravel/framework/src/Illuminate/Http/Middleware/ValidatePathEncoding.php(28): Illuminate/Pipeline/Pipeline->{closure:{closure:Illuminate/Pipeline/Pipeline::carry():194}:195}()
#29 C:/Users/USER/Desktop/projet_tutore2/somagep/vendor/laravel/framework/src/Illuminate/Pipeline/Pipeline.php(219): Illuminate/Http/Middleware/ValidatePathEncoding->handle()
#30 C:/Users/USER/Desktop/projet_tutore2/somagep/vendor/laravel/framework/src/Illuminate/Pipeline/Pipeline.php(137): Illuminate/Pipeline/Pipeline->{closure:{closure:Illuminate/Pipeline/Pipeline::carry():194}:195}()
#31 C:/Users/USER/Desktop/projet_tutore2/somagep/vendor/laravel/framework/src/Illuminate/Foundation/Http/Kernel.php(175): Illuminate/Pipeline/Pipeline->then()
#32 C:/Users/USER/Desktop/projet_tutore2/somagep/vendor/laravel/framework/src/Illuminate/Foundation/Http/Kernel.php(144): Illuminate/Foundation/Http/Kernel->sendRequestThroughRouter()
#33 C:/Users/USER/Desktop/projet_tutore2/somagep/vendor/laravel/framework/src/Illuminate/Foundation/Application.php(1220): Illuminate/Foundation/Http/Kernel->handle()
#34 C:/Users/USER/Desktop/projet_tutore2/somagep/public/index.php(20): Illuminate/Foundation/Application->handleRequest()
#35 C:/Users/USER/Desktop/projet_tutore2/somagep/vendor/laravel/framework/src/Illuminate/Foundation/resources/server.php(23): require_once('...')
#36 {main}
"} 
[2026-06-25 17:53:12] local.ERROR: syntax error, unexpected token "`", expecting ";" or "{" {"exception":"[object] (ParseError(code: 0): syntax error, unexpected token \"`\", expecting \";\" or \"{\" at C:/Users/USER/Desktop/projet_tutore2/somagep/app/Http/Controllers/AbonneController.php:75)
[stacktrace]
#0 C:/Users/USER/Desktop/projet_tutore2/somagep/vendor/composer/ClassLoader.php(427): {closure:Composer/Autoload/ClassLoader::initializeIncludeClosure():575}()
#1 [internal function]: Composer/Autoload/ClassLoader->loadClass()
#2 C:/Users/USER/Desktop/projet_tutore2/somagep/vendor/laravel/framework/src/Illuminate/Routing/Route.php(1187): ReflectionClass->__construct()
#3 C:/Users/USER/Desktop/projet_tutore2/somagep/vendor/laravel/framework/src/Illuminate/Routing/Route.php(1137): Illuminate/Routing/Route->attributeProvidedControllerMiddleware()
#4 C:/Users/USER/Desktop/projet_tutore2/somagep/vendor/laravel/framework/src/Illuminate/Routing/Route.php(1074): Illuminate/Routing/Route->controllerMiddleware()
#5 C:/Users/USER/Desktop/projet_tutore2/somagep/vendor/laravel/framework/src/Illuminate/Routing/Router.php(834): Illuminate/Routing/Route->gatherMiddleware()
#6 C:/Users/USER/Desktop/projet_tutore2/somagep/vendor/laravel/framework/src/Illuminate/Routing/Router.php(816): Illuminate/Routing/Router->gatherRouteMiddleware()
#7 C:/Users/USER/Desktop/projet_tutore2/somagep/vendor/laravel/framework/src/Illuminate/Routing/Router.php(800): Illuminate/Routing/Router->runRouteWithinStack()
#8 C:/Users/USER/Desktop/projet_tutore2/somagep/vendor/laravel/framework/src/Illuminate/Routing/Router.php(764): Illuminate/Routing/Router->runRoute()
#9 C:/Users/USER/Desktop/projet_tutore2/somagep/vendor/laravel/framework/src/Illuminate/Routing/Router.php(753): Illuminate/Routing/Router->dispatchToRoute()
#10 C:/Users/USER/Desktop/projet_tutore2/somagep/vendor/laravel/framework/src/Illuminate/Foundation/Http/Kernel.php(200): Illuminate/Routing/Router->dispatch()
#11 C:/Users/USER/Desktop/projet_tutore2/somagep/vendor/laravel/framework/src/Illuminate/Pipeline/Pipeline.php(180): Illuminate/Foundation/Http/Kernel->{closure:Illuminate/Foundation/Http/Kernel::dispatchToRouter():197}()
#12 C:/Users/USER/Desktop/projet_tutore2/somagep/vendor/laravel/framework/src/Illuminate/Foundation/Http/Middleware/TransformsRequest.php(21): Illuminate/Pipeline/Pipeline->{closure:Illuminate/Pipeline/Pipeline::prepareDestination():178}()
#13 C:/Users/USER/Desktop/projet_tutore2/somagep/vendor/laravel/framework/src/Illuminate/Foundation/Http/Middleware/ConvertEmptyStringsToNull.php(31): Illuminate/Foundation/Http/Middleware/TransformsRequest->handle()
#14 C:/Users/USER/Desktop/projet_tutore2/somagep/vendor/laravel/framework/src/Illuminate/Pipeline/Pipeline.php(219): Illuminate/Foundation/Http/Middleware/ConvertEmptyStringsToNull->handle()
#15 C:/Users/USER/Desktop/projet_tutore2/somagep/vendor/laravel/framework/src/Illuminate/Foundation/Http/Middleware/TransformsRequest.php(21): Illuminate/Pipeline/Pipeline->{closure:{closure:Illuminate/Pipeline/Pipeline::carry():194}:195}()
#16 C:/Users/USER/Desktop/projet_tutore2/somagep/vendor/laravel/framework/src/Illuminate/Foundation/Http/Middleware/TrimStrings.php(51): Illuminate/Foundation/Http/Middleware/TransformsRequest->handle()
#17 C:/Users/USER/Desktop/projet_tutore2/somagep/vendor/laravel/framework/src/Illuminate/Pipeline/Pipeline.php(219): Illuminate/Foundation/Http/Middleware/TrimStrings->handle()
#18 C:/Users/USER/Desktop/projet_tutore2/somagep/vendor/laravel/framework/src/Illuminate/Http/Middleware/ValidatePostSize.php(27): Illuminate/Pipeline/Pipeline->{closure:{closure:Illuminate/Pipeline/Pipeline::carry():194}:195}()
#19 C:/Users/USER/Desktop/projet_tutore2/somagep/vendor/laravel/framework/src/Illuminate/Pipeline/Pipeline.php(219): Illuminate/Http/Middleware/ValidatePostSize->handle()
#20 C:/Users/USER/Desktop/projet_tutore2/somagep/vendor/laravel/framework/src/Illuminate/Foundation/Http/Middleware/PreventRequestsDuringMaintenance.php(109): Illuminate/Pipeline/Pipeline->{closure:{closure:Illuminate/Pipeline/Pipeline::carry():194}:195}()
#21 C:/Users/USER/Desktop/projet_tutore2/somagep/vendor/laravel/framework/src/Illuminate/Pipeline/Pipeline.php(219): Illuminate/Foundation/Http/Middleware/PreventRequestsDuringMaintenance->handle()
#22 C:/Users/USER/Desktop/projet_tutore2/somagep/vendor/laravel/framework/src/Illuminate/Http/Middleware/HandleCors.php(61): Illuminate/Pipeline/Pipeline->{closure:{closure:Illuminate/Pipeline/Pipeline::carry():194}:195}()
#23 C:/Users/USER/Desktop/projet_tutore2/somagep/vendor/laravel/framework/src/Illuminate/Pipeline/Pipeline.php(219): Illuminate/Http/Middleware/HandleCors->handle()
#24 C:/Users/USER/Desktop/projet_tutore2/somagep/vendor/laravel/framework/src/Illuminate/Http/Middleware/TrustProxies.php(58): Illuminate/Pipeline/Pipeline->{closure:{closure:Illuminate/Pipeline/Pipeline::carry():194}:195}()
#25 C:/Users/USER/Desktop/projet_tutore2/somagep/vendor/laravel/framework/src/Illuminate/Pipeline/Pipeline.php(219): Illuminate/Http/Middleware/TrustProxies->handle()
#26 C:/Users/USER/Desktop/projet_tutore2/somagep/vendor/laravel/framework/src/Illuminate/Foundation/Http/Middleware/InvokeDeferredCallbacks.php(22): Illuminate/Pipeline/Pipeline->{closure:{closure:Illuminate/Pipeline/Pipeline::carry():194}:195}()
#27 C:/Users/USER/Desktop/projet_tutore2/somagep/vendor/laravel/framework/src/Illuminate/Pipeline/Pipeline.php(219): Illuminate/Foundation/Http/Middleware/InvokeDeferredCallbacks->handle()
#28 C:/Users/USER/Desktop/projet_tutore2/somagep/vendor/laravel/framework/src/Illuminate/Http/Middleware/ValidatePathEncoding.php(28): Illuminate/Pipeline/Pipeline->{closure:{closure:Illuminate/Pipeline/Pipeline::carry():194}:195}()
#29 C:/Users/USER/Desktop/projet_tutore2/somagep/vendor/laravel/framework/src/Illuminate/Pipeline/Pipeline.php(219): Illuminate/Http/Middleware/ValidatePathEncoding->handle()
#30 C:/Users/USER/Desktop/projet_tutore2/somagep/vendor/laravel/framework/src/Illuminate/Pipeline/Pipeline.php(137): Illuminate/Pipeline/Pipeline->{closure:{closure:Illuminate/Pipeline/Pipeline::carry():194}:195}()
#31 C:/Users/USER/Desktop/projet_tutore2/somagep/vendor/laravel/framework/src/Illuminate/Foundation/Http/Kernel.php(175): Illuminate/Pipeline/Pipeline->then()
#32 C:/Users/USER/Desktop/projet_tutore2/somagep/vendor/laravel/framework/src/Illuminate/Foundation/Http/Kernel.php(144): Illuminate/Foundation/Http/Kernel->sendRequestThroughRouter()
#33 C:/Users/USER/Desktop/projet_tutore2/somagep/vendor/laravel/framework/src/Illuminate/Foundation/Application.php(1220): Illuminate/Foundation/Http/Kernel->handle()
#34 C:/Users/USER/Desktop/projet_tutore2/somagep/public/index.php(20): Illuminate/Foundation/Application->handleRequest()
#35 C:/Users/USER/Desktop/projet_tutore2/somagep/vendor/laravel/framework/src/Illuminate/Foundation/resources/server.php(23): require_once('...')
#36 {main}
"} 
[2026-06-25 17:53:19] local.ERROR: Call to undefined method App\Http\Controllers\FactureController::index() {"userId":1,"exception":"[object] (Error(code: 0): Call to undefined method App\\Http\\Controllers\\FactureController::index() at C:/Users/USER/Desktop/projet_tutore2/somagep/vendor/laravel/framework/src/Illuminate/Routing/ControllerDispatcher.php:46)
[stacktrace]
#0 C:/Users/USER/Desktop/projet_tutore2/somagep/vendor/laravel/framework/src/Illuminate/Routing/Route.php(275): Illuminate/Routing/ControllerDispatcher->dispatch()
#1 C:/Users/USER/Desktop/projet_tutore2/somagep/vendor/laravel/framework/src/Illuminate/Routing/Route.php(215): Illuminate/Routing/Route->runController()
#2 C:/Users/USER/Desktop/projet_tutore2/somagep/vendor/laravel/framework/src/Illuminate/Routing/Router.php(822): Illuminate/Routing/Route->run()
#3 C:/Users/USER/Desktop/projet_tutore2/somagep/vendor/laravel/framework/src/Illuminate/Pipeline/Pipeline.php(180): Illuminate/Routing/Router->{closure:Illuminate/Routing/Router::runRouteWithinStack():821}()
#4 C:/Users/USER/Desktop/projet_tutore2/somagep/vendor/laravel/framework/src/Illuminate/Routing/Middleware/SubstituteBindings.php(52): Illuminate/Pipeline/Pipeline->{closure:Illuminate/Pipeline/Pipeline::prepareDestination():178}()
#5 C:/Users/USER/Desktop/projet_tutore2/somagep/vendor/laravel/framework/src/Illuminate/Pipeline/Pipeline.php(219): Illuminate/Routing/Middleware/SubstituteBindings->handle()
#6 C:/Users/USER/Desktop/projet_tutore2/somagep/vendor/laravel/framework/src/Illuminate/Auth/Middleware/Authenticate.php(63): Illuminate/Pipeline/Pipeline->{closure:{closure:Illuminate/Pipeline/Pipeline::carry():194}:195}()
#7 C:/Users/USER/Desktop/projet_tutore2/somagep/vendor/laravel/framework/src/Illuminate/Pipeline/Pipeline.php(219): Illuminate/Auth/Middleware/Authenticate->handle()
#8 C:/Users/USER/Desktop/projet_tutore2/somagep/vendor/laravel/framework/src/Illuminate/Foundation/Http/Middleware/PreventRequestForgery.php(104): Illuminate/Pipeline/Pipeline->{closure:{closure:Illuminate/Pipeline/Pipeline::carry():194}:195}()
#9 C:/Users/USER/Desktop/projet_tutore2/somagep/vendor/laravel/framework/src/Illuminate/Pipeline/Pipeline.php(219): Illuminate/Foundation/Http/Middleware/PreventRequestForgery->handle()
#10 C:/Users/USER/Desktop/projet_tutore2/somagep/vendor/laravel/framework/src/Illuminate/View/Middleware/ShareErrorsFromSession.php(48): Illuminate/Pipeline/Pipeline->{closure:{closure:Illuminate/Pipeline/Pipeline::carry():194}:195}()
#11 C:/Users/USER/Desktop/projet_tutore2/somagep/vendor/laravel/framework/src/Illuminate/Pipeline/Pipeline.php(219): Illuminate/View/Middleware/ShareErrorsFromSession->handle()
#12 C:/Users/USER/Desktop/projet_tutore2/somagep/vendor/laravel/framework/src/Illuminate/Session/Middleware/StartSession.php(120): Illuminate/Pipeline/Pipeline->{closure:{closure:Illuminate/Pipeline/Pipeline::carry():194}:195}()
#13 C:/Users/USER/Desktop/projet_tutore2/somagep/vendor/laravel/framework/src/Illuminate/Session/Middleware/StartSession.php(63): Illuminate/Session/Middleware/StartSession->handleStatefulRequest()
#14 C:/Users/USER/Desktop/projet_tutore2/somagep/vendor/laravel/framework/src/Illuminate/Pipeline/Pipeline.php(219): Illuminate/Session/Middleware/StartSession->handle()
#15 C:/Users/USER/Desktop/projet_tutore2/somagep/vendor/laravel/framework/src/Illuminate/Cookie/Middleware/AddQueuedCookiesToResponse.php(36): Illuminate/Pipeline/Pipeline->{closure:{closure:Illuminate/Pipeline/Pipeline::carry():194}:195}()
#16 C:/Users/USER/Desktop/projet_tutore2/somagep/vendor/laravel/framework/src/Illuminate/Pipeline/Pipeline.php(219): Illuminate/Cookie/Middleware/AddQueuedCookiesToResponse->handle()
#17 C:/Users/USER/Desktop/projet_tutore2/somagep/vendor/laravel/framework/src/Illuminate/Cookie/Middleware/EncryptCookies.php(74): Illuminate/Pipeline/Pipeline->{closure:{closure:Illuminate/Pipeline/Pipeline::carry():194}:195}()
#18 C:/Users/USER/Desktop/projet_tutore2/somagep/vendor/laravel/framework/src/Illuminate/Pipeline/Pipeline.php(219): Illuminate/Cookie/Middleware/EncryptCookies->handle()
#19 C:/Users/USER/Desktop/projet_tutore2/somagep/vendor/laravel/framework/src/Illuminate/Pipeline/Pipeline.php(137): Illuminate/Pipeline/Pipeline->{closure:{closure:Illuminate/Pipeline/Pipeline::carry():194}:195}()
#20 C:/Users/USER/Desktop/projet_tutore2/somagep/vendor/laravel/framework/src/Illuminate/Routing/Router.php(821): Illuminate/Pipeline/Pipeline->then()
#21 C:/Users/USER/Desktop/projet_tutore2/somagep/vendor/laravel/framework/src/Illuminate/Routing/Router.php(800): Illuminate/Routing/Router->runRouteWithinStack()
#22 C:/Users/USER/Desktop/projet_tutore2/somagep/vendor/laravel/framework/src/Illuminate/Routing/Router.php(764): Illuminate/Routing/Router->runRoute()
#23 C:/Users/USER/Desktop/projet_tutore2/somagep/vendor/laravel/framework/src/Illuminate/Routing/Router.php(753): Illuminate/Routing/Router->dispatchToRoute()
#24 C:/Users/USER/Desktop/projet_tutore2/somagep/vendor/laravel/framework/src/Illuminate/Foundation/Http/Kernel.php(200): Illuminate/Routing/Router->dispatch()
#25 C:/Users/USER/Desktop/projet_tutore2/somagep/vendor/laravel/framework/src/Illuminate/Pipeline/Pipeline.php(180): Illuminate/Foundation/Http/Kernel->{closure:Illuminate/Foundation/Http/Kernel::dispatchToRouter():197}()
#26 C:/Users/USER/Desktop/projet_tutore2/somagep/vendor/laravel/framework/src/Illuminate/Foundation/Http/Middleware/TransformsRequest.php(21): Illuminate/Pipeline/Pipeline->{closure:Illuminate/Pipeline/Pipeline::prepareDestination():178}()
#27 C:/Users/USER/Desktop/projet_tutore2/somagep/vendor/laravel/framework/src/Illuminate/Foundation/Http/Middleware/ConvertEmptyStringsToNull.php(31): Illuminate/Foundation/Http/Middleware/TransformsRequest->handle()
#28 C:/Users/USER/Desktop/projet_tutore2/somagep/vendor/laravel/framework/src/Illuminate/Pipeline/Pipeline.php(219): Illuminate/Foundation/Http/Middleware/ConvertEmptyStringsToNull->handle()
#29 C:/Users/USER/Desktop/projet_tutore2/somagep/vendor/laravel/framework/src/Illuminate/Foundation/Http/Middleware/TransformsRequest.php(21): Illuminate/Pipeline/Pipeline->{closure:{closure:Illuminate/Pipeline/Pipeline::carry():194}:195}()
#30 C:/Users/USER/Desktop/projet_tutore2/somagep/vendor/laravel/framework/src/Illuminate/Foundation/Http/Middleware/TrimStrings.php(51): Illuminate/Foundation/Http/Middleware/TransformsRequest->handle()
#31 C:/Users/USER/Desktop/projet_tutore2/somagep/vendor/laravel/framework/src/Illuminate/Pipeline/Pipeline.php(219): Illuminate/Foundation/Http/Middleware/TrimStrings->handle()
#32 C:/Users/USER/Desktop/projet_tutore2/somagep/vendor/laravel/framework/src/Illuminate/Http/Middleware/ValidatePostSize.php(27): Illuminate/Pipeline/Pipeline->{closure:{closure:Illuminate/Pipeline/Pipeline::carry():194}:195}()
#33 C:/Users/USER/Desktop/projet_tutore2/somagep/vendor/laravel/framework/src/Illuminate/Pipeline/Pipeline.php(219): Illuminate/Http/Middleware/ValidatePostSize->handle()
#34 C:/Users/USER/Desktop/projet_tutore2/somagep/vendor/laravel/framework/src/Illuminate/Foundation/Http/Middleware/PreventRequestsDuringMaintenance.php(109): Illuminate/Pipeline/Pipeline->{closure:{closure:Illuminate/Pipeline/Pipeline::carry():194}:195}()
#35 C:/Users/USER/Desktop/projet_tutore2/somagep/vendor/laravel/framework/src/Illuminate/Pipeline/Pipeline.php(219): Illuminate/Foundation/Http/Middleware/PreventRequestsDuringMaintenance->handle()
#36 C:/Users/USER/Desktop/projet_tutore2/somagep/vendor/laravel/framework/src/Illuminate/Http/Middleware/HandleCors.php(61): Illuminate/Pipeline/Pipeline->{closure:{closure:Illuminate/Pipeline/Pipeline::carry():194}:195}()
#37 C:/Users/USER/Desktop/projet_tutore2/somagep/vendor/laravel/framework/src/Illuminate/Pipeline/Pipeline.php(219): Illuminate/Http/Middleware/HandleCors->handle()
#38 C:/Users/USER/Desktop/projet_tutore2/somagep/vendor/laravel/framework/src/Illuminate/Http/Middleware/TrustProxies.php(58): Illuminate/Pipeline/Pipeline->{closure:{closure:Illuminate/Pipeline/Pipeline::carry():194}:195}()
#39 C:/Users/USER/Desktop/projet_tutore2/somagep/vendor/laravel/framework/src/Illuminate/Pipeline/Pipeline.php(219): Illuminate/Http/Middleware/TrustProxies->handle()
#40 C:/Users/USER/Desktop/projet_tutore2/somagep/vendor/laravel/framework/src/Illuminate/Foundation/Http/Middleware/InvokeDeferredCallbacks.php(22): Illuminate/Pipeline/Pipeline->{closure:{closure:Illuminate/Pipeline/Pipeline::carry():194}:195}()
#41 C:/Users/USER/Desktop/projet_tutore2/somagep/vendor/laravel/framework/src/Illuminate/Pipeline/Pipeline.php(219): Illuminate/Foundation/Http/Middleware/InvokeDeferredCallbacks->handle()
#42 C:/Users/USER/Desktop/projet_tutore2/somagep/vendor/laravel/framework/src/Illuminate/Http/Middleware/ValidatePathEncoding.php(28): Illuminate/Pipeline/Pipeline->{closure:{closure:Illuminate/Pipeline/Pipeline::carry():194}:195}()
#43 C:/Users/USER/Desktop/projet_tutore2/somagep/vendor/laravel/framework/src/Illuminate/Pipeline/Pipeline.php(219): Illuminate/Http/Middleware/ValidatePathEncoding->handle()
#44 C:/Users/USER/Desktop/projet_tutore2/somagep/vendor/laravel/framework/src/Illuminate/Pipeline/Pipeline.php(137): Illuminate/Pipeline/Pipeline->{closure:{closure:Illuminate/Pipeline/Pipeline::carry():194}:195}()
#45 C:/Users/USER/Desktop/projet_tutore2/somagep/vendor/laravel/framework/src/Illuminate/Foundation/Http/Kernel.php(175): Illuminate/Pipeline/Pipeline->then()
#46 C:/Users/USER/Desktop/projet_tutore2/somagep/vendor/laravel/framework/src/Illuminate/Foundation/Http/Kernel.php(144): Illuminate/Foundation/Http/Kernel->sendRequestThroughRouter()
#47 C:/Users/USER/Desktop/projet_tutore2/somagep/vendor/laravel/framework/src/Illuminate/Foundation/Application.php(1220): Illuminate/Foundation/Http/Kernel->handle()
#48 C:/Users/USER/Desktop/projet_tutore2/somagep/public/index.php(20): Illuminate/Foundation/Application->handleRequest()
#49 C:/Users/USER/Desktop/projet_tutore2/somagep/vendor/laravel/framework/src/Illuminate/Foundation/resources/server.php(23): require_once('...')
#50 {main}
"} 
[2026-06-25 17:54:30] local.ERROR: syntax error, unexpected token "`", expecting ";" or "{" {"exception":"[object] (ParseError(code: 0): syntax error, unexpected token \"`\", expecting \";\" or \"{\" at C:/Users/USER/Desktop/projet_tutore2/somagep/app/Http/Controllers/AbonneController.php:75)
[stacktrace]
#0 C:/Users/USER/Desktop/projet_tutore2/somagep/vendor/composer/ClassLoader.php(427): {closure:Composer/Autoload/ClassLoader::initializeIncludeClosure():575}()
#1 [internal function]: Composer/Autoload/ClassLoader->loadClass()
#2 C:/Users/USER/Desktop/projet_tutore2/somagep/vendor/laravel/framework/src/Illuminate/Routing/Route.php(1187): ReflectionClass->__construct()
#3 C:/Users/USER/Desktop/projet_tutore2/somagep/vendor/laravel/framework/src/Illuminate/Routing/Route.php(1137): Illuminate/Routing/Route->attributeProvidedControllerMiddleware()
#4 C:/Users/USER/Desktop/projet_tutore2/somagep/vendor/laravel/framework/src/Illuminate/Routing/Route.php(1074): Illuminate/Routing/Route->controllerMiddleware()
#5 C:/Users/USER/Desktop/projet_tutore2/somagep/vendor/laravel/framework/src/Illuminate/Routing/Router.php(834): Illuminate/Routing/Route->gatherMiddleware()
#6 C:/Users/USER/Desktop/projet_tutore2/somagep/vendor/laravel/framework/src/Illuminate/Routing/Router.php(816): Illuminate/Routing/Router->gatherRouteMiddleware()
#7 C:/Users/USER/Desktop/projet_tutore2/somagep/vendor/laravel/framework/src/Illuminate/Routing/Router.php(800): Illuminate/Routing/Router->runRouteWithinStack()
#8 C:/Users/USER/Desktop/projet_tutore2/somagep/vendor/laravel/framework/src/Illuminate/Routing/Router.php(764): Illuminate/Routing/Router->runRoute()
#9 C:/Users/USER/Desktop/projet_tutore2/somagep/vendor/laravel/framework/src/Illuminate/Routing/Router.php(753): Illuminate/Routing/Router->dispatchToRoute()
#10 C:/Users/USER/Desktop/projet_tutore2/somagep/vendor/laravel/framework/src/Illuminate/Foundation/Http/Kernel.php(200): Illuminate/Routing/Router->dispatch()
#11 C:/Users/USER/Desktop/projet_tutore2/somagep/vendor/laravel/framework/src/Illuminate/Pipeline/Pipeline.php(180): Illuminate/Foundation/Http/Kernel->{closure:Illuminate/Foundation/Http/Kernel::dispatchToRouter():197}()
#12 C:/Users/USER/Desktop/projet_tutore2/somagep/vendor/laravel/framework/src/Illuminate/Foundation/Http/Middleware/TransformsRequest.php(21): Illuminate/Pipeline/Pipeline->{closure:Illuminate/Pipeline/Pipeline::prepareDestination():178}()
#13 C:/Users/USER/Desktop/projet_tutore2/somagep/vendor/laravel/framework/src/Illuminate/Foundation/Http/Middleware/ConvertEmptyStringsToNull.php(31): Illuminate/Foundation/Http/Middleware/TransformsRequest->handle()
#14 C:/Users/USER/Desktop/projet_tutore2/somagep/vendor/laravel/framework/src/Illuminate/Pipeline/Pipeline.php(219): Illuminate/Foundation/Http/Middleware/ConvertEmptyStringsToNull->handle()
#15 C:/Users/USER/Desktop/projet_tutore2/somagep/vendor/laravel/framework/src/Illuminate/Foundation/Http/Middleware/TransformsRequest.php(21): Illuminate/Pipeline/Pipeline->{closure:{closure:Illuminate/Pipeline/Pipeline::carry():194}:195}()
#16 C:/Users/USER/Desktop/projet_tutore2/somagep/vendor/laravel/framework/src/Illuminate/Foundation/Http/Middleware/TrimStrings.php(51): Illuminate/Foundation/Http/Middleware/TransformsRequest->handle()
#17 C:/Users/USER/Desktop/projet_tutore2/somagep/vendor/laravel/framework/src/Illuminate/Pipeline/Pipeline.php(219): Illuminate/Foundation/Http/Middleware/TrimStrings->handle()
#18 C:/Users/USER/Desktop/projet_tutore2/somagep/vendor/laravel/framework/src/Illuminate/Http/Middleware/ValidatePostSize.php(27): Illuminate/Pipeline/Pipeline->{closure:{closure:Illuminate/Pipeline/Pipeline::carry():194}:195}()
#19 C:/Users/USER/Desktop/projet_tutore2/somagep/vendor/laravel/framework/src/Illuminate/Pipeline/Pipeline.php(219): Illuminate/Http/Middleware/ValidatePostSize->handle()
#20 C:/Users/USER/Desktop/projet_tutore2/somagep/vendor/laravel/framework/src/Illuminate/Foundation/Http/Middleware/PreventRequestsDuringMaintenance.php(109): Illuminate/Pipeline/Pipeline->{closure:{closure:Illuminate/Pipeline/Pipeline::carry():194}:195}()
#21 C:/Users/USER/Desktop/projet_tutore2/somagep/vendor/laravel/framework/src/Illuminate/Pipeline/Pipeline.php(219): Illuminate/Foundation/Http/Middleware/PreventRequestsDuringMaintenance->handle()
#22 C:/Users/USER/Desktop/projet_tutore2/somagep/vendor/laravel/framework/src/Illuminate/Http/Middleware/HandleCors.php(61): Illuminate/Pipeline/Pipeline->{closure:{closure:Illuminate/Pipeline/Pipeline::carry():194}:195}()
#23 C:/Users/USER/Desktop/projet_tutore2/somagep/vendor/laravel/framework/src/Illuminate/Pipeline/Pipeline.php(219): Illuminate/Http/Middleware/HandleCors->handle()
#24 C:/Users/USER/Desktop/projet_tutore2/somagep/vendor/laravel/framework/src/Illuminate/Http/Middleware/TrustProxies.php(58): Illuminate/Pipeline/Pipeline->{closure:{closure:Illuminate/Pipeline/Pipeline::carry():194}:195}()
#25 C:/Users/USER/Desktop/projet_tutore2/somagep/vendor/laravel/framework/src/Illuminate/Pipeline/Pipeline.php(219): Illuminate/Http/Middleware/TrustProxies->handle()
#26 C:/Users/USER/Desktop/projet_tutore2/somagep/vendor/laravel/framework/src/Illuminate/Foundation/Http/Middleware/InvokeDeferredCallbacks.php(22): Illuminate/Pipeline/Pipeline->{closure:{closure:Illuminate/Pipeline/Pipeline::carry():194}:195}()
#27 C:/Users/USER/Desktop/projet_tutore2/somagep/vendor/laravel/framework/src/Illuminate/Pipeline/Pipeline.php(219): Illuminate/Foundation/Http/Middleware/InvokeDeferredCallbacks->handle()
#28 C:/Users/USER/Desktop/projet_tutore2/somagep/vendor/laravel/framework/src/Illuminate/Http/Middleware/ValidatePathEncoding.php(28): Illuminate/Pipeline/Pipeline->{closure:{closure:Illuminate/Pipeline/Pipeline::carry():194}:195}()
#29 C:/Users/USER/Desktop/projet_tutore2/somagep/vendor/laravel/framework/src/Illuminate/Pipeline/Pipeline.php(219): Illuminate/Http/Middleware/ValidatePathEncoding->handle()
#30 C:/Users/USER/Desktop/projet_tutore2/somagep/vendor/laravel/framework/src/Illuminate/Pipeline/Pipeline.php(137): Illuminate/Pipeline/Pipeline->{closure:{closure:Illuminate/Pipeline/Pipeline::carry():194}:195}()
#31 C:/Users/USER/Desktop/projet_tutore2/somagep/vendor/laravel/framework/src/Illuminate/Foundation/Http/Kernel.php(175): Illuminate/Pipeline/Pipeline->then()
#32 C:/Users/USER/Desktop/projet_tutore2/somagep/vendor/laravel/framework/src/Illuminate/Foundation/Http/Kernel.php(144): Illuminate/Foundation/Http/Kernel->sendRequestThroughRouter()
#33 C:/Users/USER/Desktop/projet_tutore2/somagep/vendor/laravel/framework/src/Illuminate/Foundation/Application.php(1220): Illuminate/Foundation/Http/Kernel->handle()
#34 C:/Users/USER/Desktop/projet_tutore2/somagep/public/index.php(20): Illuminate/Foundation/Application->handleRequest()
#35 C:/Users/USER/Desktop/projet_tutore2/somagep/vendor/laravel/framework/src/Illuminate/Foundation/resources/server.php(23): require_once('...')
#36 {main}
"} 
[2026-06-25 17:54:36] local.ERROR: syntax error, unexpected token "`", expecting ";" or "{" {"exception":"[object] (ParseError(code: 0): syntax error, unexpected token \"`\", expecting \";\" or \"{\" at C:/Users/USER/Desktop/projet_tutore2/somagep/app/Http/Controllers/AbonneController.php:75)
[stacktrace]
#0 C:/Users/USER/Desktop/projet_tutore2/somagep/vendor/composer/ClassLoader.php(427): {closure:Composer/Autoload/ClassLoader::initializeIncludeClosure():575}()
#1 [internal function]: Composer/Autoload/ClassLoader->loadClass()
#2 C:/Users/USER/Desktop/projet_tutore2/somagep/vendor/laravel/framework/src/Illuminate/Routing/Route.php(1187): ReflectionClass->__construct()
#3 C:/Users/USER/Desktop/projet_tutore2/somagep/vendor/laravel/framework/src/Illuminate/Routing/Route.php(1137): Illuminate/Routing/Route->attributeProvidedControllerMiddleware()
#4 C:/Users/USER/Desktop/projet_tutore2/somagep/vendor/laravel/framework/src/Illuminate/Routing/Route.php(1074): Illuminate/Routing/Route->controllerMiddleware()
#5 C:/Users/USER/Desktop/projet_tutore2/somagep/vendor/laravel/framework/src/Illuminate/Routing/Router.php(834): Illuminate/Routing/Route->gatherMiddleware()
#6 C:/Users/USER/Desktop/projet_tutore2/somagep/vendor/laravel/framework/src/Illuminate/Routing/Router.php(816): Illuminate/Routing/Router->gatherRouteMiddleware()
#7 C:/Users/USER/Desktop/projet_tutore2/somagep/vendor/laravel/framework/src/Illuminate/Routing/Router.php(800): Illuminate/Routing/Router->runRouteWithinStack()
#8 C:/Users/USER/Desktop/projet_tutore2/somagep/vendor/laravel/framework/src/Illuminate/Routing/Router.php(764): Illuminate/Routing/Router->runRoute()
#9 C:/Users/USER/Desktop/projet_tutore2/somagep/vendor/laravel/framework/src/Illuminate/Routing/Router.php(753): Illuminate/Routing/Router->dispatchToRoute()
#10 C:/Users/USER/Desktop/projet_tutore2/somagep/vendor/laravel/framework/src/Illuminate/Foundation/Http/Kernel.php(200): Illuminate/Routing/Router->dispatch()
#11 C:/Users/USER/Desktop/projet_tutore2/somagep/vendor/laravel/framework/src/Illuminate/Pipeline/Pipeline.php(180): Illuminate/Foundation/Http/Kernel->{closure:Illuminate/Foundation/Http/Kernel::dispatchToRouter():197}()
#12 C:/Users/USER/Desktop/projet_tutore2/somagep/vendor/laravel/framework/src/Illuminate/Foundation/Http/Middleware/TransformsRequest.php(21): Illuminate/Pipeline/Pipeline->{closure:Illuminate/Pipeline/Pipeline::prepareDestination():178}()
#13 C:/Users/USER/Desktop/projet_tutore2/somagep/vendor/laravel/framework/src/Illuminate/Foundation/Http/Middleware/ConvertEmptyStringsToNull.php(31): Illuminate/Foundation/Http/Middleware/TransformsRequest->handle()
#14 C:/Users/USER/Desktop/projet_tutore2/somagep/vendor/laravel/framework/src/Illuminate/Pipeline/Pipeline.php(219): Illuminate/Foundation/Http/Middleware/ConvertEmptyStringsToNull->handle()
#15 C:/Users/USER/Desktop/projet_tutore2/somagep/vendor/laravel/framework/src/Illuminate/Foundation/Http/Middleware/TransformsRequest.php(21): Illuminate/Pipeline/Pipeline->{closure:{closure:Illuminate/Pipeline/Pipeline::carry():194}:195}()
#16 C:/Users/USER/Desktop/projet_tutore2/somagep/vendor/laravel/framework/src/Illuminate/Foundation/Http/Middleware/TrimStrings.php(51): Illuminate/Foundation/Http/Middleware/TransformsRequest->handle()
#17 C:/Users/USER/Desktop/projet_tutore2/somagep/vendor/laravel/framework/src/Illuminate/Pipeline/Pipeline.php(219): Illuminate/Foundation/Http/Middleware/TrimStrings->handle()
#18 C:/Users/USER/Desktop/projet_tutore2/somagep/vendor/laravel/framework/src/Illuminate/Http/Middleware/ValidatePostSize.php(27): Illuminate/Pipeline/Pipeline->{closure:{closure:Illuminate/Pipeline/Pipeline::carry():194}:195}()
#19 C:/Users/USER/Desktop/projet_tutore2/somagep/vendor/laravel/framework/src/Illuminate/Pipeline/Pipeline.php(219): Illuminate/Http/Middleware/ValidatePostSize->handle()
#20 C:/Users/USER/Desktop/projet_tutore2/somagep/vendor/laravel/framework/src/Illuminate/Foundation/Http/Middleware/PreventRequestsDuringMaintenance.php(109): Illuminate/Pipeline/Pipeline->{closure:{closure:Illuminate/Pipeline/Pipeline::carry():194}:195}()
#21 C:/Users/USER/Desktop/projet_tutore2/somagep/vendor/laravel/framework/src/Illuminate/Pipeline/Pipeline.php(219): Illuminate/Foundation/Http/Middleware/PreventRequestsDuringMaintenance->handle()
#22 C:/Users/USER/Desktop/projet_tutore2/somagep/vendor/laravel/framework/src/Illuminate/Http/Middleware/HandleCors.php(61): Illuminate/Pipeline/Pipeline->{closure:{closure:Illuminate/Pipeline/Pipeline::carry():194}:195}()
#23 C:/Users/USER/Desktop/projet_tutore2/somagep/vendor/laravel/framework/src/Illuminate/Pipeline/Pipeline.php(219): Illuminate/Http/Middleware/HandleCors->handle()
#24 C:/Users/USER/Desktop/projet_tutore2/somagep/vendor/laravel/framework/src/Illuminate/Http/Middleware/TrustProxies.php(58): Illuminate/Pipeline/Pipeline->{closure:{closure:Illuminate/Pipeline/Pipeline::carry():194}:195}()
#25 C:/Users/USER/Desktop/projet_tutore2/somagep/vendor/laravel/framework/src/Illuminate/Pipeline/Pipeline.php(219): Illuminate/Http/Middleware/TrustProxies->handle()
#26 C:/Users/USER/Desktop/projet_tutore2/somagep/vendor/laravel/framework/src/Illuminate/Foundation/Http/Middleware/InvokeDeferredCallbacks.php(22): Illuminate/Pipeline/Pipeline->{closure:{closure:Illuminate/Pipeline/Pipeline::carry():194}:195}()
#27 C:/Users/USER/Desktop/projet_tutore2/somagep/vendor/laravel/framework/src/Illuminate/Pipeline/Pipeline.php(219): Illuminate/Foundation/Http/Middleware/InvokeDeferredCallbacks->handle()
#28 C:/Users/USER/Desktop/projet_tutore2/somagep/vendor/laravel/framework/src/Illuminate/Http/Middleware/ValidatePathEncoding.php(28): Illuminate/Pipeline/Pipeline->{closure:{closure:Illuminate/Pipeline/Pipeline::carry():194}:195}()
#29 C:/Users/USER/Desktop/projet_tutore2/somagep/vendor/laravel/framework/src/Illuminate/Pipeline/Pipeline.php(219): Illuminate/Http/Middleware/ValidatePathEncoding->handle()
#30 C:/Users/USER/Desktop/projet_tutore2/somagep/vendor/laravel/framework/src/Illuminate/Pipeline/Pipeline.php(137): Illuminate/Pipeline/Pipeline->{closure:{closure:Illuminate/Pipeline/Pipeline::carry():194}:195}()
#31 C:/Users/USER/Desktop/projet_tutore2/somagep/vendor/laravel/framework/src/Illuminate/Foundation/Http/Kernel.php(175): Illuminate/Pipeline/Pipeline->then()
#32 C:/Users/USER/Desktop/projet_tutore2/somagep/vendor/laravel/framework/src/Illuminate/Foundation/Http/Kernel.php(144): Illuminate/Foundation/Http/Kernel->sendRequestThroughRouter()
#33 C:/Users/USER/Desktop/projet_tutore2/somagep/vendor/laravel/framework/src/Illuminate/Foundation/Application.php(1220): Illuminate/Foundation/Http/Kernel->handle()
#34 C:/Users/USER/Desktop/projet_tutore2/somagep/public/index.php(20): Illuminate/Foundation/Application->handleRequest()
#35 C:/Users/USER/Desktop/projet_tutore2/somagep/vendor/laravel/framework/src/Illuminate/Foundation/resources/server.php(23): require_once('...')
#36 {main}
"} 
[2026-06-25 17:54:39] local.ERROR: syntax error, unexpected token "`", expecting ";" or "{" {"exception":"[object] (ParseError(code: 0): syntax error, unexpected token \"`\", expecting \";\" or \"{\" at C:/Users/USER/Desktop/projet_tutore2/somagep/app/Http/Controllers/AbonneController.php:75)
[stacktrace]
#0 C:/Users/USER/Desktop/projet_tutore2/somagep/vendor/composer/ClassLoader.php(427): {closure:Composer/Autoload/ClassLoader::initializeIncludeClosure():575}()
#1 [internal function]: Composer/Autoload/ClassLoader->loadClass()
#2 C:/Users/USER/Desktop/projet_tutore2/somagep/vendor/laravel/framework/src/Illuminate/Routing/Route.php(1187): ReflectionClass->__construct()
#3 C:/Users/USER/Desktop/projet_tutore2/somagep/vendor/laravel/framework/src/Illuminate/Routing/Route.php(1137): Illuminate/Routing/Route->attributeProvidedControllerMiddleware()
#4 C:/Users/USER/Desktop/projet_tutore2/somagep/vendor/laravel/framework/src/Illuminate/Routing/Route.php(1074): Illuminate/Routing/Route->controllerMiddleware()
#5 C:/Users/USER/Desktop/projet_tutore2/somagep/vendor/laravel/framework/src/Illuminate/Routing/Router.php(834): Illuminate/Routing/Route->gatherMiddleware()
#6 C:/Users/USER/Desktop/projet_tutore2/somagep/vendor/laravel/framework/src/Illuminate/Routing/Router.php(816): Illuminate/Routing/Router->gatherRouteMiddleware()
#7 C:/Users/USER/Desktop/projet_tutore2/somagep/vendor/laravel/framework/src/Illuminate/Routing/Router.php(800): Illuminate/Routing/Router->runRouteWithinStack()
#8 C:/Users/USER/Desktop/projet_tutore2/somagep/vendor/laravel/framework/src/Illuminate/Routing/Router.php(764): Illuminate/Routing/Router->runRoute()
#9 C:/Users/USER/Desktop/projet_tutore2/somagep/vendor/laravel/framework/src/Illuminate/Routing/Router.php(753): Illuminate/Routing/Router->dispatchToRoute()
#10 C:/Users/USER/Desktop/projet_tutore2/somagep/vendor/laravel/framework/src/Illuminate/Foundation/Http/Kernel.php(200): Illuminate/Routing/Router->dispatch()
#11 C:/Users/USER/Desktop/projet_tutore2/somagep/vendor/laravel/framework/src/Illuminate/Pipeline/Pipeline.php(180): Illuminate/Foundation/Http/Kernel->{closure:Illuminate/Foundation/Http/Kernel::dispatchToRouter():197}()
#12 C:/Users/USER/Desktop/projet_tutore2/somagep/vendor/laravel/framework/src/Illuminate/Foundation/Http/Middleware/TransformsRequest.php(21): Illuminate/Pipeline/Pipeline->{closure:Illuminate/Pipeline/Pipeline::prepareDestination():178}()
#13 C:/Users/USER/Desktop/projet_tutore2/somagep/vendor/laravel/framework/src/Illuminate/Foundation/Http/Middleware/ConvertEmptyStringsToNull.php(31): Illuminate/Foundation/Http/Middleware/TransformsRequest->handle()
#14 C:/Users/USER/Desktop/projet_tutore2/somagep/vendor/laravel/framework/src/Illuminate/Pipeline/Pipeline.php(219): Illuminate/Foundation/Http/Middleware/ConvertEmptyStringsToNull->handle()
#15 C:/Users/USER/Desktop/projet_tutore2/somagep/vendor/laravel/framework/src/Illuminate/Foundation/Http/Middleware/TransformsRequest.php(21): Illuminate/Pipeline/Pipeline->{closure:{closure:Illuminate/Pipeline/Pipeline::carry():194}:195}()
#16 C:/Users/USER/Desktop/projet_tutore2/somagep/vendor/laravel/framework/src/Illuminate/Foundation/Http/Middleware/TrimStrings.php(51): Illuminate/Foundation/Http/Middleware/TransformsRequest->handle()
#17 C:/Users/USER/Desktop/projet_tutore2/somagep/vendor/laravel/framework/src/Illuminate/Pipeline/Pipeline.php(219): Illuminate/Foundation/Http/Middleware/TrimStrings->handle()
#18 C:/Users/USER/Desktop/projet_tutore2/somagep/vendor/laravel/framework/src/Illuminate/Http/Middleware/ValidatePostSize.php(27): Illuminate/Pipeline/Pipeline->{closure:{closure:Illuminate/Pipeline/Pipeline::carry():194}:195}()
#19 C:/Users/USER/Desktop/projet_tutore2/somagep/vendor/laravel/framework/src/Illuminate/Pipeline/Pipeline.php(219): Illuminate/Http/Middleware/ValidatePostSize->handle()
#20 C:/Users/USER/Desktop/projet_tutore2/somagep/vendor/laravel/framework/src/Illuminate/Foundation/Http/Middleware/PreventRequestsDuringMaintenance.php(109): Illuminate/Pipeline/Pipeline->{closure:{closure:Illuminate/Pipeline/Pipeline::carry():194}:195}()
#21 C:/Users/USER/Desktop/projet_tutore2/somagep/vendor/laravel/framework/src/Illuminate/Pipeline/Pipeline.php(219): Illuminate/Foundation/Http/Middleware/PreventRequestsDuringMaintenance->handle()
#22 C:/Users/USER/Desktop/projet_tutore2/somagep/vendor/laravel/framework/src/Illuminate/Http/Middleware/HandleCors.php(61): Illuminate/Pipeline/Pipeline->{closure:{closure:Illuminate/Pipeline/Pipeline::carry():194}:195}()
#23 C:/Users/USER/Desktop/projet_tutore2/somagep/vendor/laravel/framework/src/Illuminate/Pipeline/Pipeline.php(219): Illuminate/Http/Middleware/HandleCors->handle()
#24 C:/Users/USER/Desktop/projet_tutore2/somagep/vendor/laravel/framework/src/Illuminate/Http/Middleware/TrustProxies.php(58): Illuminate/Pipeline/Pipeline->{closure:{closure:Illuminate/Pipeline/Pipeline::carry():194}:195}()
#25 C:/Users/USER/Desktop/projet_tutore2/somagep/vendor/laravel/framework/src/Illuminate/Pipeline/Pipeline.php(219): Illuminate/Http/Middleware/TrustProxies->handle()
#26 C:/Users/USER/Desktop/projet_tutore2/somagep/vendor/laravel/framework/src/Illuminate/Foundation/Http/Middleware/InvokeDeferredCallbacks.php(22): Illuminate/Pipeline/Pipeline->{closure:{closure:Illuminate/Pipeline/Pipeline::carry():194}:195}()
#27 C:/Users/USER/Desktop/projet_tutore2/somagep/vendor/laravel/framework/src/Illuminate/Pipeline/Pipeline.php(219): Illuminate/Foundation/Http/Middleware/InvokeDeferredCallbacks->handle()
#28 C:/Users/USER/Desktop/projet_tutore2/somagep/vendor/laravel/framework/src/Illuminate/Http/Middleware/ValidatePathEncoding.php(28): Illuminate/Pipeline/Pipeline->{closure:{closure:Illuminate/Pipeline/Pipeline::carry():194}:195}()
#29 C:/Users/USER/Desktop/projet_tutore2/somagep/vendor/laravel/framework/src/Illuminate/Pipeline/Pipeline.php(219): Illuminate/Http/Middleware/ValidatePathEncoding->handle()
#30 C:/Users/USER/Desktop/projet_tutore2/somagep/vendor/laravel/framework/src/Illuminate/Pipeline/Pipeline.php(137): Illuminate/Pipeline/Pipeline->{closure:{closure:Illuminate/Pipeline/Pipeline::carry():194}:195}()
#31 C:/Users/USER/Desktop/projet_tutore2/somagep/vendor/laravel/framework/src/Illuminate/Foundation/Http/Kernel.php(175): Illuminate/Pipeline/Pipeline->then()
#32 C:/Users/USER/Desktop/projet_tutore2/somagep/vendor/laravel/framework/src/Illuminate/Foundation/Http/Kernel.php(144): Illuminate/Foundation/Http/Kernel->sendRequestThroughRouter()
#33 C:/Users/USER/Desktop/projet_tutore2/somagep/vendor/laravel/framework/src/Illuminate/Foundation/Application.php(1220): Illuminate/Foundation/Http/Kernel->handle()
#34 C:/Users/USER/Desktop/projet_tutore2/somagep/public/index.php(20): Illuminate/Foundation/Application->handleRequest()
#35 C:/Users/USER/Desktop/projet_tutore2/somagep/vendor/laravel/framework/src/Illuminate/Foundation/resources/server.php(23): require_once('...')
#36 {main}
"} 
[2026-06-25 17:54:45] local.ERROR: syntax error, unexpected token "`", expecting ";" or "{" {"exception":"[object] (ParseError(code: 0): syntax error, unexpected token \"`\", expecting \";\" or \"{\" at C:/Users/USER/Desktop/projet_tutore2/somagep/app/Http/Controllers/AbonneController.php:75)
[stacktrace]
#0 C:/Users/USER/Desktop/projet_tutore2/somagep/vendor/composer/ClassLoader.php(427): {closure:Composer/Autoload/ClassLoader::initializeIncludeClosure():575}()
#1 [internal function]: Composer/Autoload/ClassLoader->loadClass()
#2 C:/Users/USER/Desktop/projet_tutore2/somagep/vendor/laravel/framework/src/Illuminate/Routing/Route.php(1187): ReflectionClass->__construct()
#3 C:/Users/USER/Desktop/projet_tutore2/somagep/vendor/laravel/framework/src/Illuminate/Routing/Route.php(1137): Illuminate/Routing/Route->attributeProvidedControllerMiddleware()
#4 C:/Users/USER/Desktop/projet_tutore2/somagep/vendor/laravel/framework/src/Illuminate/Routing/Route.php(1074): Illuminate/Routing/Route->controllerMiddleware()
#5 C:/Users/USER/Desktop/projet_tutore2/somagep/vendor/laravel/framework/src/Illuminate/Routing/Router.php(834): Illuminate/Routing/Route->gatherMiddleware()
#6 C:/Users/USER/Desktop/projet_tutore2/somagep/vendor/laravel/framework/src/Illuminate/Routing/Router.php(816): Illuminate/Routing/Router->gatherRouteMiddleware()
#7 C:/Users/USER/Desktop/projet_tutore2/somagep/vendor/laravel/framework/src/Illuminate/Routing/Router.php(800): Illuminate/Routing/Router->runRouteWithinStack()
#8 C:/Users/USER/Desktop/projet_tutore2/somagep/vendor/laravel/framework/src/Illuminate/Routing/Router.php(764): Illuminate/Routing/Router->runRoute()
#9 C:/Users/USER/Desktop/projet_tutore2/somagep/vendor/laravel/framework/src/Illuminate/Routing/Router.php(753): Illuminate/Routing/Router->dispatchToRoute()
#10 C:/Users/USER/Desktop/projet_tutore2/somagep/vendor/laravel/framework/src/Illuminate/Foundation/Http/Kernel.php(200): Illuminate/Routing/Router->dispatch()
#11 C:/Users/USER/Desktop/projet_tutore2/somagep/vendor/laravel/framework/src/Illuminate/Pipeline/Pipeline.php(180): Illuminate/Foundation/Http/Kernel->{closure:Illuminate/Foundation/Http/Kernel::dispatchToRouter():197}()
#12 C:/Users/USER/Desktop/projet_tutore2/somagep/vendor/laravel/framework/src/Illuminate/Foundation/Http/Middleware/TransformsRequest.php(21): Illuminate/Pipeline/Pipeline->{closure:Illuminate/Pipeline/Pipeline::prepareDestination():178}()
#13 C:/Users/USER/Desktop/projet_tutore2/somagep/vendor/laravel/framework/src/Illuminate/Foundation/Http/Middleware/ConvertEmptyStringsToNull.php(31): Illuminate/Foundation/Http/Middleware/TransformsRequest->handle()
#14 C:/Users/USER/Desktop/projet_tutore2/somagep/vendor/laravel/framework/src/Illuminate/Pipeline/Pipeline.php(219): Illuminate/Foundation/Http/Middleware/ConvertEmptyStringsToNull->handle()
#15 C:/Users/USER/Desktop/projet_tutore2/somagep/vendor/laravel/framework/src/Illuminate/Foundation/Http/Middleware/TransformsRequest.php(21): Illuminate/Pipeline/Pipeline->{closure:{closure:Illuminate/Pipeline/Pipeline::carry():194}:195}()
#16 C:/Users/USER/Desktop/projet_tutore2/somagep/vendor/laravel/framework/src/Illuminate/Foundation/Http/Middleware/TrimStrings.php(51): Illuminate/Foundation/Http/Middleware/TransformsRequest->handle()
#17 C:/Users/USER/Desktop/projet_tutore2/somagep/vendor/laravel/framework/src/Illuminate/Pipeline/Pipeline.php(219): Illuminate/Foundation/Http/Middleware/TrimStrings->handle()
#18 C:/Users/USER/Desktop/projet_tutore2/somagep/vendor/laravel/framework/src/Illuminate/Http/Middleware/ValidatePostSize.php(27): Illuminate/Pipeline/Pipeline->{closure:{closure:Illuminate/Pipeline/Pipeline::carry():194}:195}()
#19 C:/Users/USER/Desktop/projet_tutore2/somagep/vendor/laravel/framework/src/Illuminate/Pipeline/Pipeline.php(219): Illuminate/Http/Middleware/ValidatePostSize->handle()
#20 C:/Users/USER/Desktop/projet_tutore2/somagep/vendor/laravel/framework/src/Illuminate/Foundation/Http/Middleware/PreventRequestsDuringMaintenance.php(109): Illuminate/Pipeline/Pipeline->{closure:{closure:Illuminate/Pipeline/Pipeline::carry():194}:195}()
#21 C:/Users/USER/Desktop/projet_tutore2/somagep/vendor/laravel/framework/src/Illuminate/Pipeline/Pipeline.php(219): Illuminate/Foundation/Http/Middleware/PreventRequestsDuringMaintenance->handle()
#22 C:/Users/USER/Desktop/projet_tutore2/somagep/vendor/laravel/framework/src/Illuminate/Http/Middleware/HandleCors.php(61): Illuminate/Pipeline/Pipeline->{closure:{closure:Illuminate/Pipeline/Pipeline::carry():194}:195}()
#23 C:/Users/USER/Desktop/projet_tutore2/somagep/vendor/laravel/framework/src/Illuminate/Pipeline/Pipeline.php(219): Illuminate/Http/Middleware/HandleCors->handle()
#24 C:/Users/USER/Desktop/projet_tutore2/somagep/vendor/laravel/framework/src/Illuminate/Http/Middleware/TrustProxies.php(58): Illuminate/Pipeline/Pipeline->{closure:{closure:Illuminate/Pipeline/Pipeline::carry():194}:195}()
#25 C:/Users/USER/Desktop/projet_tutore2/somagep/vendor/laravel/framework/src/Illuminate/Pipeline/Pipeline.php(219): Illuminate/Http/Middleware/TrustProxies->handle()
#26 C:/Users/USER/Desktop/projet_tutore2/somagep/vendor/laravel/framework/src/Illuminate/Foundation/Http/Middleware/InvokeDeferredCallbacks.php(22): Illuminate/Pipeline/Pipeline->{closure:{closure:Illuminate/Pipeline/Pipeline::carry():194}:195}()
#27 C:/Users/USER/Desktop/projet_tutore2/somagep/vendor/laravel/framework/src/Illuminate/Pipeline/Pipeline.php(219): Illuminate/Foundation/Http/Middleware/InvokeDeferredCallbacks->handle()
#28 C:/Users/USER/Desktop/projet_tutore2/somagep/vendor/laravel/framework/src/Illuminate/Http/Middleware/ValidatePathEncoding.php(28): Illuminate/Pipeline/Pipeline->{closure:{closure:Illuminate/Pipeline/Pipeline::carry():194}:195}()
#29 C:/Users/USER/Desktop/projet_tutore2/somagep/vendor/laravel/framework/src/Illuminate/Pipeline/Pipeline.php(219): Illuminate/Http/Middleware/ValidatePathEncoding->handle()
#30 C:/Users/USER/Desktop/projet_tutore2/somagep/vendor/laravel/framework/src/Illuminate/Pipeline/Pipeline.php(137): Illuminate/Pipeline/Pipeline->{closure:{closure:Illuminate/Pipeline/Pipeline::carry():194}:195}()
#31 C:/Users/USER/Desktop/projet_tutore2/somagep/vendor/laravel/framework/src/Illuminate/Foundation/Http/Kernel.php(175): Illuminate/Pipeline/Pipeline->then()
#32 C:/Users/USER/Desktop/projet_tutore2/somagep/vendor/laravel/framework/src/Illuminate/Foundation/Http/Kernel.php(144): Illuminate/Foundation/Http/Kernel->sendRequestThroughRouter()
#33 C:/Users/USER/Desktop/projet_tutore2/somagep/vendor/laravel/framework/src/Illuminate/Foundation/Application.php(1220): Illuminate/Foundation/Http/Kernel->handle()
#34 C:/Users/USER/Desktop/projet_tutore2/somagep/public/index.php(20): Illuminate/Foundation/Application->handleRequest()
#35 C:/Users/USER/Desktop/projet_tutore2/somagep/vendor/laravel/framework/src/Illuminate/Foundation/resources/server.php(23): require_once('...')
#36 {main}
"} 
[2026-06-25 17:56:29] local.ERROR: syntax error, unexpected token "`", expecting ";" or "{" {"exception":"[object] (ParseError(code: 0): syntax error, unexpected token \"`\", expecting \";\" or \"{\" at C:/Users/USER/Desktop/projet_tutore2/somagep/app/Http/Controllers/AbonneController.php:75)
[stacktrace]
#0 C:/Users/USER/Desktop/projet_tutore2/somagep/vendor/composer/ClassLoader.php(427): {closure:Composer/Autoload/ClassLoader::initializeIncludeClosure():575}()
#1 [internal function]: Composer/Autoload/ClassLoader->loadClass()
#2 C:/Users/USER/Desktop/projet_tutore2/somagep/vendor/laravel/framework/src/Illuminate/Routing/Route.php(1187): ReflectionClass->__construct()
#3 C:/Users/USER/Desktop/projet_tutore2/somagep/vendor/laravel/framework/src/Illuminate/Routing/Route.php(1137): Illuminate/Routing/Route->attributeProvidedControllerMiddleware()
#4 C:/Users/USER/Desktop/projet_tutore2/somagep/vendor/laravel/framework/src/Illuminate/Routing/Route.php(1074): Illuminate/Routing/Route->controllerMiddleware()
#5 C:/Users/USER/Desktop/projet_tutore2/somagep/vendor/laravel/framework/src/Illuminate/Routing/Router.php(834): Illuminate/Routing/Route->gatherMiddleware()
#6 C:/Users/USER/Desktop/projet_tutore2/somagep/vendor/laravel/framework/src/Illuminate/Routing/Router.php(816): Illuminate/Routing/Router->gatherRouteMiddleware()
#7 C:/Users/USER/Desktop/projet_tutore2/somagep/vendor/laravel/framework/src/Illuminate/Routing/Router.php(800): Illuminate/Routing/Router->runRouteWithinStack()
#8 C:/Users/USER/Desktop/projet_tutore2/somagep/vendor/laravel/framework/src/Illuminate/Routing/Router.php(764): Illuminate/Routing/Router->runRoute()
#9 C:/Users/USER/Desktop/projet_tutore2/somagep/vendor/laravel/framework/src/Illuminate/Routing/Router.php(753): Illuminate/Routing/Router->dispatchToRoute()
#10 C:/Users/USER/Desktop/projet_tutore2/somagep/vendor/laravel/framework/src/Illuminate/Foundation/Http/Kernel.php(200): Illuminate/Routing/Router->dispatch()
#11 C:/Users/USER/Desktop/projet_tutore2/somagep/vendor/laravel/framework/src/Illuminate/Pipeline/Pipeline.php(180): Illuminate/Foundation/Http/Kernel->{closure:Illuminate/Foundation/Http/Kernel::dispatchToRouter():197}()
#12 C:/Users/USER/Desktop/projet_tutore2/somagep/vendor/laravel/framework/src/Illuminate/Foundation/Http/Middleware/TransformsRequest.php(21): Illuminate/Pipeline/Pipeline->{closure:Illuminate/Pipeline/Pipeline::prepareDestination():178}()
#13 C:/Users/USER/Desktop/projet_tutore2/somagep/vendor/laravel/framework/src/Illuminate/Foundation/Http/Middleware/ConvertEmptyStringsToNull.php(31): Illuminate/Foundation/Http/Middleware/TransformsRequest->handle()
#14 C:/Users/USER/Desktop/projet_tutore2/somagep/vendor/laravel/framework/src/Illuminate/Pipeline/Pipeline.php(219): Illuminate/Foundation/Http/Middleware/ConvertEmptyStringsToNull->handle()
#15 C:/Users/USER/Desktop/projet_tutore2/somagep/vendor/laravel/framework/src/Illuminate/Foundation/Http/Middleware/TransformsRequest.php(21): Illuminate/Pipeline/Pipeline->{closure:{closure:Illuminate/Pipeline/Pipeline::carry():194}:195}()
#16 C:/Users/USER/Desktop/projet_tutore2/somagep/vendor/laravel/framework/src/Illuminate/Foundation/Http/Middleware/TrimStrings.php(51): Illuminate/Foundation/Http/Middleware/TransformsRequest->handle()
#17 C:/Users/USER/Desktop/projet_tutore2/somagep/vendor/laravel/framework/src/Illuminate/Pipeline/Pipeline.php(219): Illuminate/Foundation/Http/Middleware/TrimStrings->handle()
#18 C:/Users/USER/Desktop/projet_tutore2/somagep/vendor/laravel/framework/src/Illuminate/Http/Middleware/ValidatePostSize.php(27): Illuminate/Pipeline/Pipeline->{closure:{closure:Illuminate/Pipeline/Pipeline::carry():194}:195}()
#19 C:/Users/USER/Desktop/projet_tutore2/somagep/vendor/laravel/framework/src/Illuminate/Pipeline/Pipeline.php(219): Illuminate/Http/Middleware/ValidatePostSize->handle()
#20 C:/Users/USER/Desktop/projet_tutore2/somagep/vendor/laravel/framework/src/Illuminate/Foundation/Http/Middleware/PreventRequestsDuringMaintenance.php(109): Illuminate/Pipeline/Pipeline->{closure:{closure:Illuminate/Pipeline/Pipeline::carry():194}:195}()
#21 C:/Users/USER/Desktop/projet_tutore2/somagep/vendor/laravel/framework/src/Illuminate/Pipeline/Pipeline.php(219): Illuminate/Foundation/Http/Middleware/PreventRequestsDuringMaintenance->handle()
#22 C:/Users/USER/Desktop/projet_tutore2/somagep/vendor/laravel/framework/src/Illuminate/Http/Middleware/HandleCors.php(61): Illuminate/Pipeline/Pipeline->{closure:{closure:Illuminate/Pipeline/Pipeline::carry():194}:195}()
#23 C:/Users/USER/Desktop/projet_tutore2/somagep/vendor/laravel/framework/src/Illuminate/Pipeline/Pipeline.php(219): Illuminate/Http/Middleware/HandleCors->handle()
#24 C:/Users/USER/Desktop/projet_tutore2/somagep/vendor/laravel/framework/src/Illuminate/Http/Middleware/TrustProxies.php(58): Illuminate/Pipeline/Pipeline->{closure:{closure:Illuminate/Pipeline/Pipeline::carry():194}:195}()
#25 C:/Users/USER/Desktop/projet_tutore2/somagep/vendor/laravel/framework/src/Illuminate/Pipeline/Pipeline.php(219): Illuminate/Http/Middleware/TrustProxies->handle()
#26 C:/Users/USER/Desktop/projet_tutore2/somagep/vendor/laravel/framework/src/Illuminate/Foundation/Http/Middleware/InvokeDeferredCallbacks.php(22): Illuminate/Pipeline/Pipeline->{closure:{closure:Illuminate/Pipeline/Pipeline::carry():194}:195}()
#27 C:/Users/USER/Desktop/projet_tutore2/somagep/vendor/laravel/framework/src/Illuminate/Pipeline/Pipeline.php(219): Illuminate/Foundation/Http/Middleware/InvokeDeferredCallbacks->handle()
#28 C:/Users/USER/Desktop/projet_tutore2/somagep/vendor/laravel/framework/src/Illuminate/Http/Middleware/ValidatePathEncoding.php(28): Illuminate/Pipeline/Pipeline->{closure:{closure:Illuminate/Pipeline/Pipeline::carry():194}:195}()
#29 C:/Users/USER/Desktop/projet_tutore2/somagep/vendor/laravel/framework/src/Illuminate/Pipeline/Pipeline.php(219): Illuminate/Http/Middleware/ValidatePathEncoding->handle()
#30 C:/Users/USER/Desktop/projet_tutore2/somagep/vendor/laravel/framework/src/Illuminate/Pipeline/Pipeline.php(137): Illuminate/Pipeline/Pipeline->{closure:{closure:Illuminate/Pipeline/Pipeline::carry():194}:195}()
#31 C:/Users/USER/Desktop/projet_tutore2/somagep/vendor/laravel/framework/src/Illuminate/Foundation/Http/Kernel.php(175): Illuminate/Pipeline/Pipeline->then()
#32 C:/Users/USER/Desktop/projet_tutore2/somagep/vendor/laravel/framework/src/Illuminate/Foundation/Http/Kernel.php(144): Illuminate/Foundation/Http/Kernel->sendRequestThroughRouter()
#33 C:/Users/USER/Desktop/projet_tutore2/somagep/vendor/laravel/framework/src/Illuminate/Foundation/Application.php(1220): Illuminate/Foundation/Http/Kernel->handle()
#34 C:/Users/USER/Desktop/projet_tutore2/somagep/public/index.php(20): Illuminate/Foundation/Application->handleRequest()
#35 C:/Users/USER/Desktop/projet_tutore2/somagep/vendor/laravel/framework/src/Illuminate/Foundation/resources/server.php(23): require_once('...')
#36 {main}
"} 
[2026-06-25 17:56:51] local.ERROR: syntax error, unexpected token "`", expecting ";" or "{" {"exception":"[object] (ParseError(code: 0): syntax error, unexpected token \"`\", expecting \";\" or \"{\" at C:/Users/USER/Desktop/projet_tutore2/somagep/app/Http/Controllers/AbonneController.php:75)
[stacktrace]
#0 C:/Users/USER/Desktop/projet_tutore2/somagep/vendor/composer/ClassLoader.php(427): {closure:Composer/Autoload/ClassLoader::initializeIncludeClosure():575}()
#1 [internal function]: Composer/Autoload/ClassLoader->loadClass()
#2 C:/Users/USER/Desktop/projet_tutore2/somagep/vendor/laravel/framework/src/Illuminate/Routing/Route.php(1187): ReflectionClass->__construct()
#3 C:/Users/USER/Desktop/projet_tutore2/somagep/vendor/laravel/framework/src/Illuminate/Routing/Route.php(1137): Illuminate/Routing/Route->attributeProvidedControllerMiddleware()
#4 C:/Users/USER/Desktop/projet_tutore2/somagep/vendor/laravel/framework/src/Illuminate/Routing/Route.php(1074): Illuminate/Routing/Route->controllerMiddleware()
#5 C:/Users/USER/Desktop/projet_tutore2/somagep/vendor/laravel/framework/src/Illuminate/Routing/Router.php(834): Illuminate/Routing/Route->gatherMiddleware()
#6 C:/Users/USER/Desktop/projet_tutore2/somagep/vendor/laravel/framework/src/Illuminate/Routing/Router.php(816): Illuminate/Routing/Router->gatherRouteMiddleware()
#7 C:/Users/USER/Desktop/projet_tutore2/somagep/vendor/laravel/framework/src/Illuminate/Routing/Router.php(800): Illuminate/Routing/Router->runRouteWithinStack()
#8 C:/Users/USER/Desktop/projet_tutore2/somagep/vendor/laravel/framework/src/Illuminate/Routing/Router.php(764): Illuminate/Routing/Router->runRoute()
#9 C:/Users/USER/Desktop/projet_tutore2/somagep/vendor/laravel/framework/src/Illuminate/Routing/Router.php(753): Illuminate/Routing/Router->dispatchToRoute()
#10 C:/Users/USER/Desktop/projet_tutore2/somagep/vendor/laravel/framework/src/Illuminate/Foundation/Http/Kernel.php(200): Illuminate/Routing/Router->dispatch()
#11 C:/Users/USER/Desktop/projet_tutore2/somagep/vendor/laravel/framework/src/Illuminate/Pipeline/Pipeline.php(180): Illuminate/Foundation/Http/Kernel->{closure:Illuminate/Foundation/Http/Kernel::dispatchToRouter():197}()
#12 C:/Users/USER/Desktop/projet_tutore2/somagep/vendor/laravel/framework/src/Illuminate/Foundation/Http/Middleware/TransformsRequest.php(21): Illuminate/Pipeline/Pipeline->{closure:Illuminate/Pipeline/Pipeline::prepareDestination():178}()
#13 C:/Users/USER/Desktop/projet_tutore2/somagep/vendor/laravel/framework/src/Illuminate/Foundation/Http/Middleware/ConvertEmptyStringsToNull.php(31): Illuminate/Foundation/Http/Middleware/TransformsRequest->handle()
#14 C:/Users/USER/Desktop/projet_tutore2/somagep/vendor/laravel/framework/src/Illuminate/Pipeline/Pipeline.php(219): Illuminate/Foundation/Http/Middleware/ConvertEmptyStringsToNull->handle()
#15 C:/Users/USER/Desktop/projet_tutore2/somagep/vendor/laravel/framework/src/Illuminate/Foundation/Http/Middleware/TransformsRequest.php(21): Illuminate/Pipeline/Pipeline->{closure:{closure:Illuminate/Pipeline/Pipeline::carry():194}:195}()
#16 C:/Users/USER/Desktop/projet_tutore2/somagep/vendor/laravel/framework/src/Illuminate/Foundation/Http/Middleware/TrimStrings.php(51): Illuminate/Foundation/Http/Middleware/TransformsRequest->handle()
#17 C:/Users/USER/Desktop/projet_tutore2/somagep/vendor/laravel/framework/src/Illuminate/Pipeline/Pipeline.php(219): Illuminate/Foundation/Http/Middleware/TrimStrings->handle()
#18 C:/Users/USER/Desktop/projet_tutore2/somagep/vendor/laravel/framework/src/Illuminate/Http/Middleware/ValidatePostSize.php(27): Illuminate/Pipeline/Pipeline->{closure:{closure:Illuminate/Pipeline/Pipeline::carry():194}:195}()
#19 C:/Users/USER/Desktop/projet_tutore2/somagep/vendor/laravel/framework/src/Illuminate/Pipeline/Pipeline.php(219): Illuminate/Http/Middleware/ValidatePostSize->handle()
#20 C:/Users/USER/Desktop/projet_tutore2/somagep/vendor/laravel/framework/src/Illuminate/Foundation/Http/Middleware/PreventRequestsDuringMaintenance.php(109): Illuminate/Pipeline/Pipeline->{closure:{closure:Illuminate/Pipeline/Pipeline::carry():194}:195}()
#21 C:/Users/USER/Desktop/projet_tutore2/somagep/vendor/laravel/framework/src/Illuminate/Pipeline/Pipeline.php(219): Illuminate/Foundation/Http/Middleware/PreventRequestsDuringMaintenance->handle()
#22 C:/Users/USER/Desktop/projet_tutore2/somagep/vendor/laravel/framework/src/Illuminate/Http/Middleware/HandleCors.php(61): Illuminate/Pipeline/Pipeline->{closure:{closure:Illuminate/Pipeline/Pipeline::carry():194}:195}()
#23 C:/Users/USER/Desktop/projet_tutore2/somagep/vendor/laravel/framework/src/Illuminate/Pipeline/Pipeline.php(219): Illuminate/Http/Middleware/HandleCors->handle()
#24 C:/Users/USER/Desktop/projet_tutore2/somagep/vendor/laravel/framework/src/Illuminate/Http/Middleware/TrustProxies.php(58): Illuminate/Pipeline/Pipeline->{closure:{closure:Illuminate/Pipeline/Pipeline::carry():194}:195}()
#25 C:/Users/USER/Desktop/projet_tutore2/somagep/vendor/laravel/framework/src/Illuminate/Pipeline/Pipeline.php(219): Illuminate/Http/Middleware/TrustProxies->handle()
#26 C:/Users/USER/Desktop/projet_tutore2/somagep/vendor/laravel/framework/src/Illuminate/Foundation/Http/Middleware/InvokeDeferredCallbacks.php(22): Illuminate/Pipeline/Pipeline->{closure:{closure:Illuminate/Pipeline/Pipeline::carry():194}:195}()
#27 C:/Users/USER/Desktop/projet_tutore2/somagep/vendor/laravel/framework/src/Illuminate/Pipeline/Pipeline.php(219): Illuminate/Foundation/Http/Middleware/InvokeDeferredCallbacks->handle()
#28 C:/Users/USER/Desktop/projet_tutore2/somagep/vendor/laravel/framework/src/Illuminate/Http/Middleware/ValidatePathEncoding.php(28): Illuminate/Pipeline/Pipeline->{closure:{closure:Illuminate/Pipeline/Pipeline::carry():194}:195}()
#29 C:/Users/USER/Desktop/projet_tutore2/somagep/vendor/laravel/framework/src/Illuminate/Pipeline/Pipeline.php(219): Illuminate/Http/Middleware/ValidatePathEncoding->handle()
#30 C:/Users/USER/Desktop/projet_tutore2/somagep/vendor/laravel/framework/src/Illuminate/Pipeline/Pipeline.php(137): Illuminate/Pipeline/Pipeline->{closure:{closure:Illuminate/Pipeline/Pipeline::carry():194}:195}()
#31 C:/Users/USER/Desktop/projet_tutore2/somagep/vendor/laravel/framework/src/Illuminate/Foundation/Http/Kernel.php(175): Illuminate/Pipeline/Pipeline->then()
#32 C:/Users/USER/Desktop/projet_tutore2/somagep/vendor/laravel/framework/src/Illuminate/Foundation/Http/Kernel.php(144): Illuminate/Foundation/Http/Kernel->sendRequestThroughRouter()
#33 C:/Users/USER/Desktop/projet_tutore2/somagep/vendor/laravel/framework/src/Illuminate/Foundation/Application.php(1220): Illuminate/Foundation/Http/Kernel->handle()
#34 C:/Users/USER/Desktop/projet_tutore2/somagep/public/index.php(20): Illuminate/Foundation/Application->handleRequest()
#35 C:/Users/USER/Desktop/projet_tutore2/somagep/vendor/laravel/framework/src/Illuminate/Foundation/resources/server.php(23): require_once('...')
#36 {main}
"} 
[2026-06-25 17:57:07] local.ERROR: syntax error, unexpected token "`", expecting ";" or "{" {"exception":"[object] (ParseError(code: 0): syntax error, unexpected token \"`\", expecting \";\" or \"{\" at C:/Users/USER/Desktop/projet_tutore2/somagep/app/Http/Controllers/AbonneController.php:75)
[stacktrace]
#0 C:/Users/USER/Desktop/projet_tutore2/somagep/vendor/composer/ClassLoader.php(427): {closure:Composer/Autoload/ClassLoader::initializeIncludeClosure():575}()
#1 [internal function]: Composer/Autoload/ClassLoader->loadClass()
#2 C:/Users/USER/Desktop/projet_tutore2/somagep/vendor/laravel/framework/src/Illuminate/Routing/Route.php(1187): ReflectionClass->__construct()
#3 C:/Users/USER/Desktop/projet_tutore2/somagep/vendor/laravel/framework/src/Illuminate/Routing/Route.php(1137): Illuminate/Routing/Route->attributeProvidedControllerMiddleware()
#4 C:/Users/USER/Desktop/projet_tutore2/somagep/vendor/laravel/framework/src/Illuminate/Routing/Route.php(1074): Illuminate/Routing/Route->controllerMiddleware()
#5 C:/Users/USER/Desktop/projet_tutore2/somagep/vendor/laravel/framework/src/Illuminate/Routing/Router.php(834): Illuminate/Routing/Route->gatherMiddleware()
#6 C:/Users/USER/Desktop/projet_tutore2/somagep/vendor/laravel/framework/src/Illuminate/Routing/Router.php(816): Illuminate/Routing/Router->gatherRouteMiddleware()
#7 C:/Users/USER/Desktop/projet_tutore2/somagep/vendor/laravel/framework/src/Illuminate/Routing/Router.php(800): Illuminate/Routing/Router->runRouteWithinStack()
#8 C:/Users/USER/Desktop/projet_tutore2/somagep/vendor/laravel/framework/src/Illuminate/Routing/Router.php(764): Illuminate/Routing/Router->runRoute()
#9 C:/Users/USER/Desktop/projet_tutore2/somagep/vendor/laravel/framework/src/Illuminate/Routing/Router.php(753): Illuminate/Routing/Router->dispatchToRoute()
#10 C:/Users/USER/Desktop/projet_tutore2/somagep/vendor/laravel/framework/src/Illuminate/Foundation/Http/Kernel.php(200): Illuminate/Routing/Router->dispatch()
#11 C:/Users/USER/Desktop/projet_tutore2/somagep/vendor/laravel/framework/src/Illuminate/Pipeline/Pipeline.php(180): Illuminate/Foundation/Http/Kernel->{closure:Illuminate/Foundation/Http/Kernel::dispatchToRouter():197}()
#12 C:/Users/USER/Desktop/projet_tutore2/somagep/vendor/laravel/framework/src/Illuminate/Foundation/Http/Middleware/TransformsRequest.php(21): Illuminate/Pipeline/Pipeline->{closure:Illuminate/Pipeline/Pipeline::prepareDestination():178}()
#13 C:/Users/USER/Desktop/projet_tutore2/somagep/vendor/laravel/framework/src/Illuminate/Foundation/Http/Middleware/ConvertEmptyStringsToNull.php(31): Illuminate/Foundation/Http/Middleware/TransformsRequest->handle()
#14 C:/Users/USER/Desktop/projet_tutore2/somagep/vendor/laravel/framework/src/Illuminate/Pipeline/Pipeline.php(219): Illuminate/Foundation/Http/Middleware/ConvertEmptyStringsToNull->handle()
#15 C:/Users/USER/Desktop/projet_tutore2/somagep/vendor/laravel/framework/src/Illuminate/Foundation/Http/Middleware/TransformsRequest.php(21): Illuminate/Pipeline/Pipeline->{closure:{closure:Illuminate/Pipeline/Pipeline::carry():194}:195}()
#16 C:/Users/USER/Desktop/projet_tutore2/somagep/vendor/laravel/framework/src/Illuminate/Foundation/Http/Middleware/TrimStrings.php(51): Illuminate/Foundation/Http/Middleware/TransformsRequest->handle()
#17 C:/Users/USER/Desktop/projet_tutore2/somagep/vendor/laravel/framework/src/Illuminate/Pipeline/Pipeline.php(219): Illuminate/Foundation/Http/Middleware/TrimStrings->handle()
#18 C:/Users/USER/Desktop/projet_tutore2/somagep/vendor/laravel/framework/src/Illuminate/Http/Middleware/ValidatePostSize.php(27): Illuminate/Pipeline/Pipeline->{closure:{closure:Illuminate/Pipeline/Pipeline::carry():194}:195}()
#19 C:/Users/USER/Desktop/projet_tutore2/somagep/vendor/laravel/framework/src/Illuminate/Pipeline/Pipeline.php(219): Illuminate/Http/Middleware/ValidatePostSize->handle()
#20 C:/Users/USER/Desktop/projet_tutore2/somagep/vendor/laravel/framework/src/Illuminate/Foundation/Http/Middleware/PreventRequestsDuringMaintenance.php(109): Illuminate/Pipeline/Pipeline->{closure:{closure:Illuminate/Pipeline/Pipeline::carry():194}:195}()
#21 C:/Users/USER/Desktop/projet_tutore2/somagep/vendor/laravel/framework/src/Illuminate/Pipeline/Pipeline.php(219): Illuminate/Foundation/Http/Middleware/PreventRequestsDuringMaintenance->handle()
#22 C:/Users/USER/Desktop/projet_tutore2/somagep/vendor/laravel/framework/src/Illuminate/Http/Middleware/HandleCors.php(61): Illuminate/Pipeline/Pipeline->{closure:{closure:Illuminate/Pipeline/Pipeline::carry():194}:195}()
#23 C:/Users/USER/Desktop/projet_tutore2/somagep/vendor/laravel/framework/src/Illuminate/Pipeline/Pipeline.php(219): Illuminate/Http/Middleware/HandleCors->handle()
#24 C:/Users/USER/Desktop/projet_tutore2/somagep/vendor/laravel/framework/src/Illuminate/Http/Middleware/TrustProxies.php(58): Illuminate/Pipeline/Pipeline->{closure:{closure:Illuminate/Pipeline/Pipeline::carry():194}:195}()
#25 C:/Users/USER/Desktop/projet_tutore2/somagep/vendor/laravel/framework/src/Illuminate/Pipeline/Pipeline.php(219): Illuminate/Http/Middleware/TrustProxies->handle()
#26 C:/Users/USER/Desktop/projet_tutore2/somagep/vendor/laravel/framework/src/Illuminate/Foundation/Http/Middleware/InvokeDeferredCallbacks.php(22): Illuminate/Pipeline/Pipeline->{closure:{closure:Illuminate/Pipeline/Pipeline::carry():194}:195}()
#27 C:/Users/USER/Desktop/projet_tutore2/somagep/vendor/laravel/framework/src/Illuminate/Pipeline/Pipeline.php(219): Illuminate/Foundation/Http/Middleware/InvokeDeferredCallbacks->handle()
#28 C:/Users/USER/Desktop/projet_tutore2/somagep/vendor/laravel/framework/src/Illuminate/Http/Middleware/ValidatePathEncoding.php(28): Illuminate/Pipeline/Pipeline->{closure:{closure:Illuminate/Pipeline/Pipeline::carry():194}:195}()
#29 C:/Users/USER/Desktop/projet_tutore2/somagep/vendor/laravel/framework/src/Illuminate/Pipeline/Pipeline.php(219): Illuminate/Http/Middleware/ValidatePathEncoding->handle()
#30 C:/Users/USER/Desktop/projet_tutore2/somagep/vendor/laravel/framework/src/Illuminate/Pipeline/Pipeline.php(137): Illuminate/Pipeline/Pipeline->{closure:{closure:Illuminate/Pipeline/Pipeline::carry():194}:195}()
#31 C:/Users/USER/Desktop/projet_tutore2/somagep/vendor/laravel/framework/src/Illuminate/Foundation/Http/Kernel.php(175): Illuminate/Pipeline/Pipeline->then()
#32 C:/Users/USER/Desktop/projet_tutore2/somagep/vendor/laravel/framework/src/Illuminate/Foundation/Http/Kernel.php(144): Illuminate/Foundation/Http/Kernel->sendRequestThroughRouter()
#33 C:/Users/USER/Desktop/projet_tutore2/somagep/vendor/laravel/framework/src/Illuminate/Foundation/Application.php(1220): Illuminate/Foundation/Http/Kernel->handle()
#34 C:/Users/USER/Desktop/projet_tutore2/somagep/public/index.php(20): Illuminate/Foundation/Application->handleRequest()
#35 C:/Users/USER/Desktop/projet_tutore2/somagep/vendor/laravel/framework/src/Illuminate/Foundation/resources/server.php(23): require_once('...')
#36 {main}
"} 
[2026-06-25 17:57:30] local.ERROR: syntax error, unexpected token "`", expecting ";" or "{" {"exception":"[object] (ParseError(code: 0): syntax error, unexpected token \"`\", expecting \";\" or \"{\" at C:/Users/USER/Desktop/projet_tutore2/somagep/app/Http/Controllers/AbonneController.php:75)
[stacktrace]
#0 C:/Users/USER/Desktop/projet_tutore2/somagep/vendor/composer/ClassLoader.php(427): {closure:Composer/Autoload/ClassLoader::initializeIncludeClosure():575}()
#1 [internal function]: Composer/Autoload/ClassLoader->loadClass()
#2 C:/Users/USER/Desktop/projet_tutore2/somagep/vendor/laravel/framework/src/Illuminate/Routing/Route.php(1187): ReflectionClass->__construct()
#3 C:/Users/USER/Desktop/projet_tutore2/somagep/vendor/laravel/framework/src/Illuminate/Routing/Route.php(1137): Illuminate/Routing/Route->attributeProvidedControllerMiddleware()
#4 C:/Users/USER/Desktop/projet_tutore2/somagep/vendor/laravel/framework/src/Illuminate/Routing/Route.php(1074): Illuminate/Routing/Route->controllerMiddleware()
#5 C:/Users/USER/Desktop/projet_tutore2/somagep/vendor/laravel/framework/src/Illuminate/Routing/Router.php(834): Illuminate/Routing/Route->gatherMiddleware()
#6 C:/Users/USER/Desktop/projet_tutore2/somagep/vendor/laravel/framework/src/Illuminate/Routing/Router.php(816): Illuminate/Routing/Router->gatherRouteMiddleware()
#7 C:/Users/USER/Desktop/projet_tutore2/somagep/vendor/laravel/framework/src/Illuminate/Routing/Router.php(800): Illuminate/Routing/Router->runRouteWithinStack()
#8 C:/Users/USER/Desktop/projet_tutore2/somagep/vendor/laravel/framework/src/Illuminate/Routing/Router.php(764): Illuminate/Routing/Router->runRoute()
#9 C:/Users/USER/Desktop/projet_tutore2/somagep/vendor/laravel/framework/src/Illuminate/Routing/Router.php(753): Illuminate/Routing/Router->dispatchToRoute()
#10 C:/Users/USER/Desktop/projet_tutore2/somagep/vendor/laravel/framework/src/Illuminate/Foundation/Http/Kernel.php(200): Illuminate/Routing/Router->dispatch()
#11 C:/Users/USER/Desktop/projet_tutore2/somagep/vendor/laravel/framework/src/Illuminate/Pipeline/Pipeline.php(180): Illuminate/Foundation/Http/Kernel->{closure:Illuminate/Foundation/Http/Kernel::dispatchToRouter():197}()
#12 C:/Users/USER/Desktop/projet_tutore2/somagep/vendor/laravel/framework/src/Illuminate/Foundation/Http/Middleware/TransformsRequest.php(21): Illuminate/Pipeline/Pipeline->{closure:Illuminate/Pipeline/Pipeline::prepareDestination():178}()
#13 C:/Users/USER/Desktop/projet_tutore2/somagep/vendor/laravel/framework/src/Illuminate/Foundation/Http/Middleware/ConvertEmptyStringsToNull.php(31): Illuminate/Foundation/Http/Middleware/TransformsRequest->handle()
#14 C:/Users/USER/Desktop/projet_tutore2/somagep/vendor/laravel/framework/src/Illuminate/Pipeline/Pipeline.php(219): Illuminate/Foundation/Http/Middleware/ConvertEmptyStringsToNull->handle()
#15 C:/Users/USER/Desktop/projet_tutore2/somagep/vendor/laravel/framework/src/Illuminate/Foundation/Http/Middleware/TransformsRequest.php(21): Illuminate/Pipeline/Pipeline->{closure:{closure:Illuminate/Pipeline/Pipeline::carry():194}:195}()
#16 C:/Users/USER/Desktop/projet_tutore2/somagep/vendor/laravel/framework/src/Illuminate/Foundation/Http/Middleware/TrimStrings.php(51): Illuminate/Foundation/Http/Middleware/TransformsRequest->handle()
#17 C:/Users/USER/Desktop/projet_tutore2/somagep/vendor/laravel/framework/src/Illuminate/Pipeline/Pipeline.php(219): Illuminate/Foundation/Http/Middleware/TrimStrings->handle()
#18 C:/Users/USER/Desktop/projet_tutore2/somagep/vendor/laravel/framework/src/Illuminate/Http/Middleware/ValidatePostSize.php(27): Illuminate/Pipeline/Pipeline->{closure:{closure:Illuminate/Pipeline/Pipeline::carry():194}:195}()
#19 C:/Users/USER/Desktop/projet_tutore2/somagep/vendor/laravel/framework/src/Illuminate/Pipeline/Pipeline.php(219): Illuminate/Http/Middleware/ValidatePostSize->handle()
#20 C:/Users/USER/Desktop/projet_tutore2/somagep/vendor/laravel/framework/src/Illuminate/Foundation/Http/Middleware/PreventRequestsDuringMaintenance.php(109): Illuminate/Pipeline/Pipeline->{closure:{closure:Illuminate/Pipeline/Pipeline::carry():194}:195}()
#21 C:/Users/USER/Desktop/projet_tutore2/somagep/vendor/laravel/framework/src/Illuminate/Pipeline/Pipeline.php(219): Illuminate/Foundation/Http/Middleware/PreventRequestsDuringMaintenance->handle()
#22 C:/Users/USER/Desktop/projet_tutore2/somagep/vendor/laravel/framework/src/Illuminate/Http/Middleware/HandleCors.php(61): Illuminate/Pipeline/Pipeline->{closure:{closure:Illuminate/Pipeline/Pipeline::carry():194}:195}()
#23 C:/Users/USER/Desktop/projet_tutore2/somagep/vendor/laravel/framework/src/Illuminate/Pipeline/Pipeline.php(219): Illuminate/Http/Middleware/HandleCors->handle()
#24 C:/Users/USER/Desktop/projet_tutore2/somagep/vendor/laravel/framework/src/Illuminate/Http/Middleware/TrustProxies.php(58): Illuminate/Pipeline/Pipeline->{closure:{closure:Illuminate/Pipeline/Pipeline::carry():194}:195}()
#25 C:/Users/USER/Desktop/projet_tutore2/somagep/vendor/laravel/framework/src/Illuminate/Pipeline/Pipeline.php(219): Illuminate/Http/Middleware/TrustProxies->handle()
#26 C:/Users/USER/Desktop/projet_tutore2/somagep/vendor/laravel/framework/src/Illuminate/Foundation/Http/Middleware/InvokeDeferredCallbacks.php(22): Illuminate/Pipeline/Pipeline->{closure:{closure:Illuminate/Pipeline/Pipeline::carry():194}:195}()
#27 C:/Users/USER/Desktop/projet_tutore2/somagep/vendor/laravel/framework/src/Illuminate/Pipeline/Pipeline.php(219): Illuminate/Foundation/Http/Middleware/InvokeDeferredCallbacks->handle()
#28 C:/Users/USER/Desktop/projet_tutore2/somagep/vendor/laravel/framework/src/Illuminate/Http/Middleware/ValidatePathEncoding.php(28): Illuminate/Pipeline/Pipeline->{closure:{closure:Illuminate/Pipeline/Pipeline::carry():194}:195}()
#29 C:/Users/USER/Desktop/projet_tutore2/somagep/vendor/laravel/framework/src/Illuminate/Pipeline/Pipeline.php(219): Illuminate/Http/Middleware/ValidatePathEncoding->handle()
#30 C:/Users/USER/Desktop/projet_tutore2/somagep/vendor/laravel/framework/src/Illuminate/Pipeline/Pipeline.php(137): Illuminate/Pipeline/Pipeline->{closure:{closure:Illuminate/Pipeline/Pipeline::carry():194}:195}()
#31 C:/Users/USER/Desktop/projet_tutore2/somagep/vendor/laravel/framework/src/Illuminate/Foundation/Http/Kernel.php(175): Illuminate/Pipeline/Pipeline->then()
#32 C:/Users/USER/Desktop/projet_tutore2/somagep/vendor/laravel/framework/src/Illuminate/Foundation/Http/Kernel.php(144): Illuminate/Foundation/Http/Kernel->sendRequestThroughRouter()
#33 C:/Users/USER/Desktop/projet_tutore2/somagep/vendor/laravel/framework/src/Illuminate/Foundation/Application.php(1220): Illuminate/Foundation/Http/Kernel->handle()
#34 C:/Users/USER/Desktop/projet_tutore2/somagep/public/index.php(20): Illuminate/Foundation/Application->handleRequest()
#35 C:/Users/USER/Desktop/projet_tutore2/somagep/vendor/laravel/framework/src/Illuminate/Foundation/resources/server.php(23): require_once('...')
#36 {main}
"} 
[2026-06-25 17:59:03] local.ERROR: syntax error, unexpected token "`", expecting ";" or "{" {"exception":"[object] (ParseError(code: 0): syntax error, unexpected token \"`\", expecting \";\" or \"{\" at C:/Users/USER/Desktop/projet_tutore2/somagep/app/Http/Controllers/AbonneController.php:75)
[stacktrace]
#0 C:/Users/USER/Desktop/projet_tutore2/somagep/vendor/composer/ClassLoader.php(427): {closure:Composer/Autoload/ClassLoader::initializeIncludeClosure():575}()
#1 [internal function]: Composer/Autoload/ClassLoader->loadClass()
#2 C:/Users/USER/Desktop/projet_tutore2/somagep/vendor/laravel/framework/src/Illuminate/Routing/Route.php(1187): ReflectionClass->__construct()
#3 C:/Users/USER/Desktop/projet_tutore2/somagep/vendor/laravel/framework/src/Illuminate/Routing/Route.php(1137): Illuminate/Routing/Route->attributeProvidedControllerMiddleware()
#4 C:/Users/USER/Desktop/projet_tutore2/somagep/vendor/laravel/framework/src/Illuminate/Routing/Route.php(1074): Illuminate/Routing/Route->controllerMiddleware()
#5 C:/Users/USER/Desktop/projet_tutore2/somagep/vendor/laravel/framework/src/Illuminate/Routing/Router.php(834): Illuminate/Routing/Route->gatherMiddleware()
#6 C:/Users/USER/Desktop/projet_tutore2/somagep/vendor/laravel/framework/src/Illuminate/Routing/Router.php(816): Illuminate/Routing/Router->gatherRouteMiddleware()
#7 C:/Users/USER/Desktop/projet_tutore2/somagep/vendor/laravel/framework/src/Illuminate/Routing/Router.php(800): Illuminate/Routing/Router->runRouteWithinStack()
#8 C:/Users/USER/Desktop/projet_tutore2/somagep/vendor/laravel/framework/src/Illuminate/Routing/Router.php(764): Illuminate/Routing/Router->runRoute()
#9 C:/Users/USER/Desktop/projet_tutore2/somagep/vendor/laravel/framework/src/Illuminate/Routing/Router.php(753): Illuminate/Routing/Router->dispatchToRoute()
#10 C:/Users/USER/Desktop/projet_tutore2/somagep/vendor/laravel/framework/src/Illuminate/Foundation/Http/Kernel.php(200): Illuminate/Routing/Router->dispatch()
#11 C:/Users/USER/Desktop/projet_tutore2/somagep/vendor/laravel/framework/src/Illuminate/Pipeline/Pipeline.php(180): Illuminate/Foundation/Http/Kernel->{closure:Illuminate/Foundation/Http/Kernel::dispatchToRouter():197}()
#12 C:/Users/USER/Desktop/projet_tutore2/somagep/vendor/laravel/framework/src/Illuminate/Foundation/Http/Middleware/TransformsRequest.php(21): Illuminate/Pipeline/Pipeline->{closure:Illuminate/Pipeline/Pipeline::prepareDestination():178}()
#13 C:/Users/USER/Desktop/projet_tutore2/somagep/vendor/laravel/framework/src/Illuminate/Foundation/Http/Middleware/ConvertEmptyStringsToNull.php(31): Illuminate/Foundation/Http/Middleware/TransformsRequest->handle()
#14 C:/Users/USER/Desktop/projet_tutore2/somagep/vendor/laravel/framework/src/Illuminate/Pipeline/Pipeline.php(219): Illuminate/Foundation/Http/Middleware/ConvertEmptyStringsToNull->handle()
#15 C:/Users/USER/Desktop/projet_tutore2/somagep/vendor/laravel/framework/src/Illuminate/Foundation/Http/Middleware/TransformsRequest.php(21): Illuminate/Pipeline/Pipeline->{closure:{closure:Illuminate/Pipeline/Pipeline::carry():194}:195}()
#16 C:/Users/USER/Desktop/projet_tutore2/somagep/vendor/laravel/framework/src/Illuminate/Foundation/Http/Middleware/TrimStrings.php(51): Illuminate/Foundation/Http/Middleware/TransformsRequest->handle()
#17 C:/Users/USER/Desktop/projet_tutore2/somagep/vendor/laravel/framework/src/Illuminate/Pipeline/Pipeline.php(219): Illuminate/Foundation/Http/Middleware/TrimStrings->handle()
#18 C:/Users/USER/Desktop/projet_tutore2/somagep/vendor/laravel/framework/src/Illuminate/Http/Middleware/ValidatePostSize.php(27): Illuminate/Pipeline/Pipeline->{closure:{closure:Illuminate/Pipeline/Pipeline::carry():194}:195}()
#19 C:/Users/USER/Desktop/projet_tutore2/somagep/vendor/laravel/framework/src/Illuminate/Pipeline/Pipeline.php(219): Illuminate/Http/Middleware/ValidatePostSize->handle()
#20 C:/Users/USER/Desktop/projet_tutore2/somagep/vendor/laravel/framework/src/Illuminate/Foundation/Http/Middleware/PreventRequestsDuringMaintenance.php(109): Illuminate/Pipeline/Pipeline->{closure:{closure:Illuminate/Pipeline/Pipeline::carry():194}:195}()
#21 C:/Users/USER/Desktop/projet_tutore2/somagep/vendor/laravel/framework/src/Illuminate/Pipeline/Pipeline.php(219): Illuminate/Foundation/Http/Middleware/PreventRequestsDuringMaintenance->handle()
#22 C:/Users/USER/Desktop/projet_tutore2/somagep/vendor/laravel/framework/src/Illuminate/Http/Middleware/HandleCors.php(61): Illuminate/Pipeline/Pipeline->{closure:{closure:Illuminate/Pipeline/Pipeline::carry():194}:195}()
#23 C:/Users/USER/Desktop/projet_tutore2/somagep/vendor/laravel/framework/src/Illuminate/Pipeline/Pipeline.php(219): Illuminate/Http/Middleware/HandleCors->handle()
#24 C:/Users/USER/Desktop/projet_tutore2/somagep/vendor/laravel/framework/src/Illuminate/Http/Middleware/TrustProxies.php(58): Illuminate/Pipeline/Pipeline->{closure:{closure:Illuminate/Pipeline/Pipeline::carry():194}:195}()
#25 C:/Users/USER/Desktop/projet_tutore2/somagep/vendor/laravel/framework/src/Illuminate/Pipeline/Pipeline.php(219): Illuminate/Http/Middleware/TrustProxies->handle()
#26 C:/Users/USER/Desktop/projet_tutore2/somagep/vendor/laravel/framework/src/Illuminate/Foundation/Http/Middleware/InvokeDeferredCallbacks.php(22): Illuminate/Pipeline/Pipeline->{closure:{closure:Illuminate/Pipeline/Pipeline::carry():194}:195}()
#27 C:/Users/USER/Desktop/projet_tutore2/somagep/vendor/laravel/framework/src/Illuminate/Pipeline/Pipeline.php(219): Illuminate/Foundation/Http/Middleware/InvokeDeferredCallbacks->handle()
#28 C:/Users/USER/Desktop/projet_tutore2/somagep/vendor/laravel/framework/src/Illuminate/Http/Middleware/ValidatePathEncoding.php(28): Illuminate/Pipeline/Pipeline->{closure:{closure:Illuminate/Pipeline/Pipeline::carry():194}:195}()
#29 C:/Users/USER/Desktop/projet_tutore2/somagep/vendor/laravel/framework/src/Illuminate/Pipeline/Pipeline.php(219): Illuminate/Http/Middleware/ValidatePathEncoding->handle()
#30 C:/Users/USER/Desktop/projet_tutore2/somagep/vendor/laravel/framework/src/Illuminate/Pipeline/Pipeline.php(137): Illuminate/Pipeline/Pipeline->{closure:{closure:Illuminate/Pipeline/Pipeline::carry():194}:195}()
#31 C:/Users/USER/Desktop/projet_tutore2/somagep/vendor/laravel/framework/src/Illuminate/Foundation/Http/Kernel.php(175): Illuminate/Pipeline/Pipeline->then()
#32 C:/Users/USER/Desktop/projet_tutore2/somagep/vendor/laravel/framework/src/Illuminate/Foundation/Http/Kernel.php(144): Illuminate/Foundation/Http/Kernel->sendRequestThroughRouter()
#33 C:/Users/USER/Desktop/projet_tutore2/somagep/vendor/laravel/framework/src/Illuminate/Foundation/Application.php(1220): Illuminate/Foundation/Http/Kernel->handle()
#34 C:/Users/USER/Desktop/projet_tutore2/somagep/public/index.php(20): Illuminate/Foundation/Application->handleRequest()
#35 C:/Users/USER/Desktop/projet_tutore2/somagep/vendor/laravel/framework/src/Illuminate/Foundation/resources/server.php(23): require_once('...')
#36 {main}
"} 
[2026-06-25 17:59:07] local.ERROR: syntax error, unexpected token "`", expecting ";" or "{" {"exception":"[object] (ParseError(code: 0): syntax error, unexpected token \"`\", expecting \";\" or \"{\" at C:/Users/USER/Desktop/projet_tutore2/somagep/app/Http/Controllers/AbonneController.php:75)
[stacktrace]
#0 C:/Users/USER/Desktop/projet_tutore2/somagep/vendor/composer/ClassLoader.php(427): {closure:Composer/Autoload/ClassLoader::initializeIncludeClosure():575}()
#1 [internal function]: Composer/Autoload/ClassLoader->loadClass()
#2 C:/Users/USER/Desktop/projet_tutore2/somagep/vendor/laravel/framework/src/Illuminate/Routing/Route.php(1187): ReflectionClass->__construct()
#3 C:/Users/USER/Desktop/projet_tutore2/somagep/vendor/laravel/framework/src/Illuminate/Routing/Route.php(1137): Illuminate/Routing/Route->attributeProvidedControllerMiddleware()
#4 C:/Users/USER/Desktop/projet_tutore2/somagep/vendor/laravel/framework/src/Illuminate/Routing/Route.php(1074): Illuminate/Routing/Route->controllerMiddleware()
#5 C:/Users/USER/Desktop/projet_tutore2/somagep/vendor/laravel/framework/src/Illuminate/Routing/Router.php(834): Illuminate/Routing/Route->gatherMiddleware()
#6 C:/Users/USER/Desktop/projet_tutore2/somagep/vendor/laravel/framework/src/Illuminate/Routing/Router.php(816): Illuminate/Routing/Router->gatherRouteMiddleware()
#7 C:/Users/USER/Desktop/projet_tutore2/somagep/vendor/laravel/framework/src/Illuminate/Routing/Router.php(800): Illuminate/Routing/Router->runRouteWithinStack()
#8 C:/Users/USER/Desktop/projet_tutore2/somagep/vendor/laravel/framework/src/Illuminate/Routing/Router.php(764): Illuminate/Routing/Router->runRoute()
#9 C:/Users/USER/Desktop/projet_tutore2/somagep/vendor/laravel/framework/src/Illuminate/Routing/Router.php(753): Illuminate/Routing/Router->dispatchToRoute()
#10 C:/Users/USER/Desktop/projet_tutore2/somagep/vendor/laravel/framework/src/Illuminate/Foundation/Http/Kernel.php(200): Illuminate/Routing/Router->dispatch()
#11 C:/Users/USER/Desktop/projet_tutore2/somagep/vendor/laravel/framework/src/Illuminate/Pipeline/Pipeline.php(180): Illuminate/Foundation/Http/Kernel->{closure:Illuminate/Foundation/Http/Kernel::dispatchToRouter():197}()
#12 C:/Users/USER/Desktop/projet_tutore2/somagep/vendor/laravel/framework/src/Illuminate/Foundation/Http/Middleware/TransformsRequest.php(21): Illuminate/Pipeline/Pipeline->{closure:Illuminate/Pipeline/Pipeline::prepareDestination():178}()
#13 C:/Users/USER/Desktop/projet_tutore2/somagep/vendor/laravel/framework/src/Illuminate/Foundation/Http/Middleware/ConvertEmptyStringsToNull.php(31): Illuminate/Foundation/Http/Middleware/TransformsRequest->handle()
#14 C:/Users/USER/Desktop/projet_tutore2/somagep/vendor/laravel/framework/src/Illuminate/Pipeline/Pipeline.php(219): Illuminate/Foundation/Http/Middleware/ConvertEmptyStringsToNull->handle()
#15 C:/Users/USER/Desktop/projet_tutore2/somagep/vendor/laravel/framework/src/Illuminate/Foundation/Http/Middleware/TransformsRequest.php(21): Illuminate/Pipeline/Pipeline->{closure:{closure:Illuminate/Pipeline/Pipeline::carry():194}:195}()
#16 C:/Users/USER/Desktop/projet_tutore2/somagep/vendor/laravel/framework/src/Illuminate/Foundation/Http/Middleware/TrimStrings.php(51): Illuminate/Foundation/Http/Middleware/TransformsRequest->handle()
#17 C:/Users/USER/Desktop/projet_tutore2/somagep/vendor/laravel/framework/src/Illuminate/Pipeline/Pipeline.php(219): Illuminate/Foundation/Http/Middleware/TrimStrings->handle()
#18 C:/Users/USER/Desktop/projet_tutore2/somagep/vendor/laravel/framework/src/Illuminate/Http/Middleware/ValidatePostSize.php(27): Illuminate/Pipeline/Pipeline->{closure:{closure:Illuminate/Pipeline/Pipeline::carry():194}:195}()
#19 C:/Users/USER/Desktop/projet_tutore2/somagep/vendor/laravel/framework/src/Illuminate/Pipeline/Pipeline.php(219): Illuminate/Http/Middleware/ValidatePostSize->handle()
#20 C:/Users/USER/Desktop/projet_tutore2/somagep/vendor/laravel/framework/src/Illuminate/Foundation/Http/Middleware/PreventRequestsDuringMaintenance.php(109): Illuminate/Pipeline/Pipeline->{closure:{closure:Illuminate/Pipeline/Pipeline::carry():194}:195}()
#21 C:/Users/USER/Desktop/projet_tutore2/somagep/vendor/laravel/framework/src/Illuminate/Pipeline/Pipeline.php(219): Illuminate/Foundation/Http/Middleware/PreventRequestsDuringMaintenance->handle()
#22 C:/Users/USER/Desktop/projet_tutore2/somagep/vendor/laravel/framework/src/Illuminate/Http/Middleware/HandleCors.php(61): Illuminate/Pipeline/Pipeline->{closure:{closure:Illuminate/Pipeline/Pipeline::carry():194}:195}()
#23 C:/Users/USER/Desktop/projet_tutore2/somagep/vendor/laravel/framework/src/Illuminate/Pipeline/Pipeline.php(219): Illuminate/Http/Middleware/HandleCors->handle()
#24 C:/Users/USER/Desktop/projet_tutore2/somagep/vendor/laravel/framework/src/Illuminate/Http/Middleware/TrustProxies.php(58): Illuminate/Pipeline/Pipeline->{closure:{closure:Illuminate/Pipeline/Pipeline::carry():194}:195}()
#25 C:/Users/USER/Desktop/projet_tutore2/somagep/vendor/laravel/framework/src/Illuminate/Pipeline/Pipeline.php(219): Illuminate/Http/Middleware/TrustProxies->handle()
#26 C:/Users/USER/Desktop/projet_tutore2/somagep/vendor/laravel/framework/src/Illuminate/Foundation/Http/Middleware/InvokeDeferredCallbacks.php(22): Illuminate/Pipeline/Pipeline->{closure:{closure:Illuminate/Pipeline/Pipeline::carry():194}:195}()
#27 C:/Users/USER/Desktop/projet_tutore2/somagep/vendor/laravel/framework/src/Illuminate/Pipeline/Pipeline.php(219): Illuminate/Foundation/Http/Middleware/InvokeDeferredCallbacks->handle()
#28 C:/Users/USER/Desktop/projet_tutore2/somagep/vendor/laravel/framework/src/Illuminate/Http/Middleware/ValidatePathEncoding.php(28): Illuminate/Pipeline/Pipeline->{closure:{closure:Illuminate/Pipeline/Pipeline::carry():194}:195}()
#29 C:/Users/USER/Desktop/projet_tutore2/somagep/vendor/laravel/framework/src/Illuminate/Pipeline/Pipeline.php(219): Illuminate/Http/Middleware/ValidatePathEncoding->handle()
#30 C:/Users/USER/Desktop/projet_tutore2/somagep/vendor/laravel/framework/src/Illuminate/Pipeline/Pipeline.php(137): Illuminate/Pipeline/Pipeline->{closure:{closure:Illuminate/Pipeline/Pipeline::carry():194}:195}()
#31 C:/Users/USER/Desktop/projet_tutore2/somagep/vendor/laravel/framework/src/Illuminate/Foundation/Http/Kernel.php(175): Illuminate/Pipeline/Pipeline->then()
#32 C:/Users/USER/Desktop/projet_tutore2/somagep/vendor/laravel/framework/src/Illuminate/Foundation/Http/Kernel.php(144): Illuminate/Foundation/Http/Kernel->sendRequestThroughRouter()
#33 C:/Users/USER/Desktop/projet_tutore2/somagep/vendor/laravel/framework/src/Illuminate/Foundation/Application.php(1220): Illuminate/Foundation/Http/Kernel->handle()
#34 C:/Users/USER/Desktop/projet_tutore2/somagep/public/index.php(20): Illuminate/Foundation/Application->handleRequest()
#35 C:/Users/USER/Desktop/projet_tutore2/somagep/vendor/laravel/framework/src/Illuminate/Foundation/resources/server.php(23): require_once('...')
#36 {main}
"} 
[2026-06-25 18:05:20] local.ERROR: syntax error, unexpected token "`", expecting ";" or "{" {"exception":"[object] (ParseError(code: 0): syntax error, unexpected token \"`\", expecting \";\" or \"{\" at C:/Users/USER/Desktop/projet_tutore2/somagep/app/Http/Controllers/AbonneController.php:75)
[stacktrace]
#0 C:/Users/USER/Desktop/projet_tutore2/somagep/vendor/composer/ClassLoader.php(427): {closure:Composer/Autoload/ClassLoader::initializeIncludeClosure():575}()
#1 [internal function]: Composer/Autoload/ClassLoader->loadClass()
#2 C:/Users/USER/Desktop/projet_tutore2/somagep/vendor/laravel/framework/src/Illuminate/Routing/Route.php(1187): ReflectionClass->__construct()
#3 C:/Users/USER/Desktop/projet_tutore2/somagep/vendor/laravel/framework/src/Illuminate/Routing/Route.php(1137): Illuminate/Routing/Route->attributeProvidedControllerMiddleware()
#4 C:/Users/USER/Desktop/projet_tutore2/somagep/vendor/laravel/framework/src/Illuminate/Routing/Route.php(1074): Illuminate/Routing/Route->controllerMiddleware()
#5 C:/Users/USER/Desktop/projet_tutore2/somagep/vendor/laravel/framework/src/Illuminate/Routing/Router.php(834): Illuminate/Routing/Route->gatherMiddleware()
#6 C:/Users/USER/Desktop/projet_tutore2/somagep/vendor/laravel/framework/src/Illuminate/Routing/Router.php(816): Illuminate/Routing/Router->gatherRouteMiddleware()
#7 C:/Users/USER/Desktop/projet_tutore2/somagep/vendor/laravel/framework/src/Illuminate/Routing/Router.php(800): Illuminate/Routing/Router->runRouteWithinStack()
#8 C:/Users/USER/Desktop/projet_tutore2/somagep/vendor/laravel/framework/src/Illuminate/Routing/Router.php(764): Illuminate/Routing/Router->runRoute()
#9 C:/Users/USER/Desktop/projet_tutore2/somagep/vendor/laravel/framework/src/Illuminate/Routing/Router.php(753): Illuminate/Routing/Router->dispatchToRoute()
#10 C:/Users/USER/Desktop/projet_tutore2/somagep/vendor/laravel/framework/src/Illuminate/Foundation/Http/Kernel.php(200): Illuminate/Routing/Router->dispatch()
#11 C:/Users/USER/Desktop/projet_tutore2/somagep/vendor/laravel/framework/src/Illuminate/Pipeline/Pipeline.php(180): Illuminate/Foundation/Http/Kernel->{closure:Illuminate/Foundation/Http/Kernel::dispatchToRouter():197}()
#12 C:/Users/USER/Desktop/projet_tutore2/somagep/vendor/laravel/framework/src/Illuminate/Foundation/Http/Middleware/TransformsRequest.php(21): Illuminate/Pipeline/Pipeline->{closure:Illuminate/Pipeline/Pipeline::prepareDestination():178}()
#13 C:/Users/USER/Desktop/projet_tutore2/somagep/vendor/laravel/framework/src/Illuminate/Foundation/Http/Middleware/ConvertEmptyStringsToNull.php(31): Illuminate/Foundation/Http/Middleware/TransformsRequest->handle()
#14 C:/Users/USER/Desktop/projet_tutore2/somagep/vendor/laravel/framework/src/Illuminate/Pipeline/Pipeline.php(219): Illuminate/Foundation/Http/Middleware/ConvertEmptyStringsToNull->handle()
#15 C:/Users/USER/Desktop/projet_tutore2/somagep/vendor/laravel/framework/src/Illuminate/Foundation/Http/Middleware/TransformsRequest.php(21): Illuminate/Pipeline/Pipeline->{closure:{closure:Illuminate/Pipeline/Pipeline::carry():194}:195}()
#16 C:/Users/USER/Desktop/projet_tutore2/somagep/vendor/laravel/framework/src/Illuminate/Foundation/Http/Middleware/TrimStrings.php(51): Illuminate/Foundation/Http/Middleware/TransformsRequest->handle()
#17 C:/Users/USER/Desktop/projet_tutore2/somagep/vendor/laravel/framework/src/Illuminate/Pipeline/Pipeline.php(219): Illuminate/Foundation/Http/Middleware/TrimStrings->handle()
#18 C:/Users/USER/Desktop/projet_tutore2/somagep/vendor/laravel/framework/src/Illuminate/Http/Middleware/ValidatePostSize.php(27): Illuminate/Pipeline/Pipeline->{closure:{closure:Illuminate/Pipeline/Pipeline::carry():194}:195}()
#19 C:/Users/USER/Desktop/projet_tutore2/somagep/vendor/laravel/framework/src/Illuminate/Pipeline/Pipeline.php(219): Illuminate/Http/Middleware/ValidatePostSize->handle()
#20 C:/Users/USER/Desktop/projet_tutore2/somagep/vendor/laravel/framework/src/Illuminate/Foundation/Http/Middleware/PreventRequestsDuringMaintenance.php(109): Illuminate/Pipeline/Pipeline->{closure:{closure:Illuminate/Pipeline/Pipeline::carry():194}:195}()
#21 C:/Users/USER/Desktop/projet_tutore2/somagep/vendor/laravel/framework/src/Illuminate/Pipeline/Pipeline.php(219): Illuminate/Foundation/Http/Middleware/PreventRequestsDuringMaintenance->handle()
#22 C:/Users/USER/Desktop/projet_tutore2/somagep/vendor/laravel/framework/src/Illuminate/Http/Middleware/HandleCors.php(61): Illuminate/Pipeline/Pipeline->{closure:{closure:Illuminate/Pipeline/Pipeline::carry():194}:195}()
#23 C:/Users/USER/Desktop/projet_tutore2/somagep/vendor/laravel/framework/src/Illuminate/Pipeline/Pipeline.php(219): Illuminate/Http/Middleware/HandleCors->handle()
#24 C:/Users/USER/Desktop/projet_tutore2/somagep/vendor/laravel/framework/src/Illuminate/Http/Middleware/TrustProxies.php(58): Illuminate/Pipeline/Pipeline->{closure:{closure:Illuminate/Pipeline/Pipeline::carry():194}:195}()
#25 C:/Users/USER/Desktop/projet_tutore2/somagep/vendor/laravel/framework/src/Illuminate/Pipeline/Pipeline.php(219): Illuminate/Http/Middleware/TrustProxies->handle()
#26 C:/Users/USER/Desktop/projet_tutore2/somagep/vendor/laravel/framework/src/Illuminate/Foundation/Http/Middleware/InvokeDeferredCallbacks.php(22): Illuminate/Pipeline/Pipeline->{closure:{closure:Illuminate/Pipeline/Pipeline::carry():194}:195}()
#27 C:/Users/USER/Desktop/projet_tutore2/somagep/vendor/laravel/framework/src/Illuminate/Pipeline/Pipeline.php(219): Illuminate/Foundation/Http/Middleware/InvokeDeferredCallbacks->handle()
#28 C:/Users/USER/Desktop/projet_tutore2/somagep/vendor/laravel/framework/src/Illuminate/Http/Middleware/ValidatePathEncoding.php(28): Illuminate/Pipeline/Pipeline->{closure:{closure:Illuminate/Pipeline/Pipeline::carry():194}:195}()
#29 C:/Users/USER/Desktop/projet_tutore2/somagep/vendor/laravel/framework/src/Illuminate/Pipeline/Pipeline.php(219): Illuminate/Http/Middleware/ValidatePathEncoding->handle()
#30 C:/Users/USER/Desktop/projet_tutore2/somagep/vendor/laravel/framework/src/Illuminate/Pipeline/Pipeline.php(137): Illuminate/Pipeline/Pipeline->{closure:{closure:Illuminate/Pipeline/Pipeline::carry():194}:195}()
#31 C:/Users/USER/Desktop/projet_tutore2/somagep/vendor/laravel/framework/src/Illuminate/Foundation/Http/Kernel.php(175): Illuminate/Pipeline/Pipeline->then()
#32 C:/Users/USER/Desktop/projet_tutore2/somagep/vendor/laravel/framework/src/Illuminate/Foundation/Http/Kernel.php(144): Illuminate/Foundation/Http/Kernel->sendRequestThroughRouter()
#33 C:/Users/USER/Desktop/projet_tutore2/somagep/vendor/laravel/framework/src/Illuminate/Foundation/Application.php(1220): Illuminate/Foundation/Http/Kernel->handle()
#34 C:/Users/USER/Desktop/projet_tutore2/somagep/public/index.php(20): Illuminate/Foundation/Application->handleRequest()
#35 C:/Users/USER/Desktop/projet_tutore2/somagep/vendor/laravel/framework/src/Illuminate/Foundation/resources/server.php(23): require_once('...')
#36 {main}
"} 
[2026-06-25 18:05:23] local.ERROR: syntax error, unexpected token "`", expecting ";" or "{" {"exception":"[object] (ParseError(code: 0): syntax error, unexpected token \"`\", expecting \";\" or \"{\" at C:/Users/USER/Desktop/projet_tutore2/somagep/app/Http/Controllers/AbonneController.php:75)
[stacktrace]
#0 C:/Users/USER/Desktop/projet_tutore2/somagep/vendor/composer/ClassLoader.php(427): {closure:Composer/Autoload/ClassLoader::initializeIncludeClosure():575}()
#1 [internal function]: Composer/Autoload/ClassLoader->loadClass()
#2 C:/Users/USER/Desktop/projet_tutore2/somagep/vendor/laravel/framework/src/Illuminate/Routing/Route.php(1187): ReflectionClass->__construct()
#3 C:/Users/USER/Desktop/projet_tutore2/somagep/vendor/laravel/framework/src/Illuminate/Routing/Route.php(1137): Illuminate/Routing/Route->attributeProvidedControllerMiddleware()
#4 C:/Users/USER/Desktop/projet_tutore2/somagep/vendor/laravel/framework/src/Illuminate/Routing/Route.php(1074): Illuminate/Routing/Route->controllerMiddleware()
#5 C:/Users/USER/Desktop/projet_tutore2/somagep/vendor/laravel/framework/src/Illuminate/Routing/Router.php(834): Illuminate/Routing/Route->gatherMiddleware()
#6 C:/Users/USER/Desktop/projet_tutore2/somagep/vendor/laravel/framework/src/Illuminate/Routing/Router.php(816): Illuminate/Routing/Router->gatherRouteMiddleware()
#7 C:/Users/USER/Desktop/projet_tutore2/somagep/vendor/laravel/framework/src/Illuminate/Routing/Router.php(800): Illuminate/Routing/Router->runRouteWithinStack()
#8 C:/Users/USER/Desktop/projet_tutore2/somagep/vendor/laravel/framework/src/Illuminate/Routing/Router.php(764): Illuminate/Routing/Router->runRoute()
#9 C:/Users/USER/Desktop/projet_tutore2/somagep/vendor/laravel/framework/src/Illuminate/Routing/Router.php(753): Illuminate/Routing/Router->dispatchToRoute()
#10 C:/Users/USER/Desktop/projet_tutore2/somagep/vendor/laravel/framework/src/Illuminate/Foundation/Http/Kernel.php(200): Illuminate/Routing/Router->dispatch()
#11 C:/Users/USER/Desktop/projet_tutore2/somagep/vendor/laravel/framework/src/Illuminate/Pipeline/Pipeline.php(180): Illuminate/Foundation/Http/Kernel->{closure:Illuminate/Foundation/Http/Kernel::dispatchToRouter():197}()
#12 C:/Users/USER/Desktop/projet_tutore2/somagep/vendor/laravel/framework/src/Illuminate/Foundation/Http/Middleware/TransformsRequest.php(21): Illuminate/Pipeline/Pipeline->{closure:Illuminate/Pipeline/Pipeline::prepareDestination():178}()
#13 C:/Users/USER/Desktop/projet_tutore2/somagep/vendor/laravel/framework/src/Illuminate/Foundation/Http/Middleware/ConvertEmptyStringsToNull.php(31): Illuminate/Foundation/Http/Middleware/TransformsRequest->handle()
#14 C:/Users/USER/Desktop/projet_tutore2/somagep/vendor/laravel/framework/src/Illuminate/Pipeline/Pipeline.php(219): Illuminate/Foundation/Http/Middleware/ConvertEmptyStringsToNull->handle()
#15 C:/Users/USER/Desktop/projet_tutore2/somagep/vendor/laravel/framework/src/Illuminate/Foundation/Http/Middleware/TransformsRequest.php(21): Illuminate/Pipeline/Pipeline->{closure:{closure:Illuminate/Pipeline/Pipeline::carry():194}:195}()
#16 C:/Users/USER/Desktop/projet_tutore2/somagep/vendor/laravel/framework/src/Illuminate/Foundation/Http/Middleware/TrimStrings.php(51): Illuminate/Foundation/Http/Middleware/TransformsRequest->handle()
#17 C:/Users/USER/Desktop/projet_tutore2/somagep/vendor/laravel/framework/src/Illuminate/Pipeline/Pipeline.php(219): Illuminate/Foundation/Http/Middleware/TrimStrings->handle()
#18 C:/Users/USER/Desktop/projet_tutore2/somagep/vendor/laravel/framework/src/Illuminate/Http/Middleware/ValidatePostSize.php(27): Illuminate/Pipeline/Pipeline->{closure:{closure:Illuminate/Pipeline/Pipeline::carry():194}:195}()
#19 C:/Users/USER/Desktop/projet_tutore2/somagep/vendor/laravel/framework/src/Illuminate/Pipeline/Pipeline.php(219): Illuminate/Http/Middleware/ValidatePostSize->handle()
#20 C:/Users/USER/Desktop/projet_tutore2/somagep/vendor/laravel/framework/src/Illuminate/Foundation/Http/Middleware/PreventRequestsDuringMaintenance.php(109): Illuminate/Pipeline/Pipeline->{closure:{closure:Illuminate/Pipeline/Pipeline::carry():194}:195}()
#21 C:/Users/USER/Desktop/projet_tutore2/somagep/vendor/laravel/framework/src/Illuminate/Pipeline/Pipeline.php(219): Illuminate/Foundation/Http/Middleware/PreventRequestsDuringMaintenance->handle()
#22 C:/Users/USER/Desktop/projet_tutore2/somagep/vendor/laravel/framework/src/Illuminate/Http/Middleware/HandleCors.php(61): Illuminate/Pipeline/Pipeline->{closure:{closure:Illuminate/Pipeline/Pipeline::carry():194}:195}()
#23 C:/Users/USER/Desktop/projet_tutore2/somagep/vendor/laravel/framework/src/Illuminate/Pipeline/Pipeline.php(219): Illuminate/Http/Middleware/HandleCors->handle()
#24 C:/Users/USER/Desktop/projet_tutore2/somagep/vendor/laravel/framework/src/Illuminate/Http/Middleware/TrustProxies.php(58): Illuminate/Pipeline/Pipeline->{closure:{closure:Illuminate/Pipeline/Pipeline::carry():194}:195}()
#25 C:/Users/USER/Desktop/projet_tutore2/somagep/vendor/laravel/framework/src/Illuminate/Pipeline/Pipeline.php(219): Illuminate/Http/Middleware/TrustProxies->handle()
#26 C:/Users/USER/Desktop/projet_tutore2/somagep/vendor/laravel/framework/src/Illuminate/Foundation/Http/Middleware/InvokeDeferredCallbacks.php(22): Illuminate/Pipeline/Pipeline->{closure:{closure:Illuminate/Pipeline/Pipeline::carry():194}:195}()
#27 C:/Users/USER/Desktop/projet_tutore2/somagep/vendor/laravel/framework/src/Illuminate/Pipeline/Pipeline.php(219): Illuminate/Foundation/Http/Middleware/InvokeDeferredCallbacks->handle()
#28 C:/Users/USER/Desktop/projet_tutore2/somagep/vendor/laravel/framework/src/Illuminate/Http/Middleware/ValidatePathEncoding.php(28): Illuminate/Pipeline/Pipeline->{closure:{closure:Illuminate/Pipeline/Pipeline::carry():194}:195}()
#29 C:/Users/USER/Desktop/projet_tutore2/somagep/vendor/laravel/framework/src/Illuminate/Pipeline/Pipeline.php(219): Illuminate/Http/Middleware/ValidatePathEncoding->handle()
#30 C:/Users/USER/Desktop/projet_tutore2/somagep/vendor/laravel/framework/src/Illuminate/Pipeline/Pipeline.php(137): Illuminate/Pipeline/Pipeline->{closure:{closure:Illuminate/Pipeline/Pipeline::carry():194}:195}()
#31 C:/Users/USER/Desktop/projet_tutore2/somagep/vendor/laravel/framework/src/Illuminate/Foundation/Http/Kernel.php(175): Illuminate/Pipeline/Pipeline->then()
#32 C:/Users/USER/Desktop/projet_tutore2/somagep/vendor/laravel/framework/src/Illuminate/Foundation/Http/Kernel.php(144): Illuminate/Foundation/Http/Kernel->sendRequestThroughRouter()
#33 C:/Users/USER/Desktop/projet_tutore2/somagep/vendor/laravel/framework/src/Illuminate/Foundation/Application.php(1220): Illuminate/Foundation/Http/Kernel->handle()
#34 C:/Users/USER/Desktop/projet_tutore2/somagep/public/index.php(20): Illuminate/Foundation/Application->handleRequest()
#35 C:/Users/USER/Desktop/projet_tutore2/somagep/vendor/laravel/framework/src/Illuminate/Foundation/resources/server.php(23): require_once('...')
#36 {main}
"} 
[2026-06-25 18:07:14] local.ERROR: syntax error, unexpected token "`", expecting ";" or "{" {"exception":"[object] (ParseError(code: 0): syntax error, unexpected token \"`\", expecting \";\" or \"{\" at C:/Users/USER/Desktop/projet_tutore2/somagep/app/Http/Controllers/AbonneController.php:75)
[stacktrace]
#0 C:/Users/USER/Desktop/projet_tutore2/somagep/vendor/composer/ClassLoader.php(427): {closure:Composer/Autoload/ClassLoader::initializeIncludeClosure():575}()
#1 [internal function]: Composer/Autoload/ClassLoader->loadClass()
#2 C:/Users/USER/Desktop/projet_tutore2/somagep/vendor/laravel/framework/src/Illuminate/Routing/Route.php(1187): ReflectionClass->__construct()
#3 C:/Users/USER/Desktop/projet_tutore2/somagep/vendor/laravel/framework/src/Illuminate/Routing/Route.php(1137): Illuminate/Routing/Route->attributeProvidedControllerMiddleware()
#4 C:/Users/USER/Desktop/projet_tutore2/somagep/vendor/laravel/framework/src/Illuminate/Routing/Route.php(1074): Illuminate/Routing/Route->controllerMiddleware()
#5 C:/Users/USER/Desktop/projet_tutore2/somagep/vendor/laravel/framework/src/Illuminate/Routing/Router.php(834): Illuminate/Routing/Route->gatherMiddleware()
#6 C:/Users/USER/Desktop/projet_tutore2/somagep/vendor/laravel/framework/src/Illuminate/Routing/Router.php(816): Illuminate/Routing/Router->gatherRouteMiddleware()
#7 C:/Users/USER/Desktop/projet_tutore2/somagep/vendor/laravel/framework/src/Illuminate/Routing/Router.php(800): Illuminate/Routing/Router->runRouteWithinStack()
#8 C:/Users/USER/Desktop/projet_tutore2/somagep/vendor/laravel/framework/src/Illuminate/Routing/Router.php(764): Illuminate/Routing/Router->runRoute()
#9 C:/Users/USER/Desktop/projet_tutore2/somagep/vendor/laravel/framework/src/Illuminate/Routing/Router.php(753): Illuminate/Routing/Router->dispatchToRoute()
#10 C:/Users/USER/Desktop/projet_tutore2/somagep/vendor/laravel/framework/src/Illuminate/Foundation/Http/Kernel.php(200): Illuminate/Routing/Router->dispatch()
#11 C:/Users/USER/Desktop/projet_tutore2/somagep/vendor/laravel/framework/src/Illuminate/Pipeline/Pipeline.php(180): Illuminate/Foundation/Http/Kernel->{closure:Illuminate/Foundation/Http/Kernel::dispatchToRouter():197}()
#12 C:/Users/USER/Desktop/projet_tutore2/somagep/vendor/laravel/framework/src/Illuminate/Foundation/Http/Middleware/TransformsRequest.php(21): Illuminate/Pipeline/Pipeline->{closure:Illuminate/Pipeline/Pipeline::prepareDestination():178}()
#13 C:/Users/USER/Desktop/projet_tutore2/somagep/vendor/laravel/framework/src/Illuminate/Foundation/Http/Middleware/ConvertEmptyStringsToNull.php(31): Illuminate/Foundation/Http/Middleware/TransformsRequest->handle()
#14 C:/Users/USER/Desktop/projet_tutore2/somagep/vendor/laravel/framework/src/Illuminate/Pipeline/Pipeline.php(219): Illuminate/Foundation/Http/Middleware/ConvertEmptyStringsToNull->handle()
#15 C:/Users/USER/Desktop/projet_tutore2/somagep/vendor/laravel/framework/src/Illuminate/Foundation/Http/Middleware/TransformsRequest.php(21): Illuminate/Pipeline/Pipeline->{closure:{closure:Illuminate/Pipeline/Pipeline::carry():194}:195}()
#16 C:/Users/USER/Desktop/projet_tutore2/somagep/vendor/laravel/framework/src/Illuminate/Foundation/Http/Middleware/TrimStrings.php(51): Illuminate/Foundation/Http/Middleware/TransformsRequest->handle()
#17 C:/Users/USER/Desktop/projet_tutore2/somagep/vendor/laravel/framework/src/Illuminate/Pipeline/Pipeline.php(219): Illuminate/Foundation/Http/Middleware/TrimStrings->handle()
#18 C:/Users/USER/Desktop/projet_tutore2/somagep/vendor/laravel/framework/src/Illuminate/Http/Middleware/ValidatePostSize.php(27): Illuminate/Pipeline/Pipeline->{closure:{closure:Illuminate/Pipeline/Pipeline::carry():194}:195}()
#19 C:/Users/USER/Desktop/projet_tutore2/somagep/vendor/laravel/framework/src/Illuminate/Pipeline/Pipeline.php(219): Illuminate/Http/Middleware/ValidatePostSize->handle()
#20 C:/Users/USER/Desktop/projet_tutore2/somagep/vendor/laravel/framework/src/Illuminate/Foundation/Http/Middleware/PreventRequestsDuringMaintenance.php(109): Illuminate/Pipeline/Pipeline->{closure:{closure:Illuminate/Pipeline/Pipeline::carry():194}:195}()
#21 C:/Users/USER/Desktop/projet_tutore2/somagep/vendor/laravel/framework/src/Illuminate/Pipeline/Pipeline.php(219): Illuminate/Foundation/Http/Middleware/PreventRequestsDuringMaintenance->handle()
#22 C:/Users/USER/Desktop/projet_tutore2/somagep/vendor/laravel/framework/src/Illuminate/Http/Middleware/HandleCors.php(61): Illuminate/Pipeline/Pipeline->{closure:{closure:Illuminate/Pipeline/Pipeline::carry():194}:195}()
#23 C:/Users/USER/Desktop/projet_tutore2/somagep/vendor/laravel/framework/src/Illuminate/Pipeline/Pipeline.php(219): Illuminate/Http/Middleware/HandleCors->handle()
#24 C:/Users/USER/Desktop/projet_tutore2/somagep/vendor/laravel/framework/src/Illuminate/Http/Middleware/TrustProxies.php(58): Illuminate/Pipeline/Pipeline->{closure:{closure:Illuminate/Pipeline/Pipeline::carry():194}:195}()
#25 C:/Users/USER/Desktop/projet_tutore2/somagep/vendor/laravel/framework/src/Illuminate/Pipeline/Pipeline.php(219): Illuminate/Http/Middleware/TrustProxies->handle()
#26 C:/Users/USER/Desktop/projet_tutore2/somagep/vendor/laravel/framework/src/Illuminate/Foundation/Http/Middleware/InvokeDeferredCallbacks.php(22): Illuminate/Pipeline/Pipeline->{closure:{closure:Illuminate/Pipeline/Pipeline::carry():194}:195}()
#27 C:/Users/USER/Desktop/projet_tutore2/somagep/vendor/laravel/framework/src/Illuminate/Pipeline/Pipeline.php(219): Illuminate/Foundation/Http/Middleware/InvokeDeferredCallbacks->handle()
#28 C:/Users/USER/Desktop/projet_tutore2/somagep/vendor/laravel/framework/src/Illuminate/Http/Middleware/ValidatePathEncoding.php(28): Illuminate/Pipeline/Pipeline->{closure:{closure:Illuminate/Pipeline/Pipeline::carry():194}:195}()
#29 C:/Users/USER/Desktop/projet_tutore2/somagep/vendor/laravel/framework/src/Illuminate/Pipeline/Pipeline.php(219): Illuminate/Http/Middleware/ValidatePathEncoding->handle()
#30 C:/Users/USER/Desktop/projet_tutore2/somagep/vendor/laravel/framework/src/Illuminate/Pipeline/Pipeline.php(137): Illuminate/Pipeline/Pipeline->{closure:{closure:Illuminate/Pipeline/Pipeline::carry():194}:195}()
#31 C:/Users/USER/Desktop/projet_tutore2/somagep/vendor/laravel/framework/src/Illuminate/Foundation/Http/Kernel.php(175): Illuminate/Pipeline/Pipeline->then()
#32 C:/Users/USER/Desktop/projet_tutore2/somagep/vendor/laravel/framework/src/Illuminate/Foundation/Http/Kernel.php(144): Illuminate/Foundation/Http/Kernel->sendRequestThroughRouter()
#33 C:/Users/USER/Desktop/projet_tutore2/somagep/vendor/laravel/framework/src/Illuminate/Foundation/Application.php(1220): Illuminate/Foundation/Http/Kernel->handle()
#34 C:/Users/USER/Desktop/projet_tutore2/somagep/public/index.php(20): Illuminate/Foundation/Application->handleRequest()
#35 C:/Users/USER/Desktop/projet_tutore2/somagep/vendor/laravel/framework/src/Illuminate/Foundation/resources/server.php(23): require_once('...')
#36 {main}
"} 
[2026-06-25 18:11:36] local.ERROR: syntax error, unexpected token "`", expecting ";" or "{" {"exception":"[object] (ParseError(code: 0): syntax error, unexpected token \"`\", expecting \";\" or \"{\" at C:/Users/USER/Desktop/projet_tutore2/somagep/app/Http/Controllers/AbonneController.php:75)
[stacktrace]
#0 C:/Users/USER/Desktop/projet_tutore2/somagep/vendor/composer/ClassLoader.php(427): {closure:Composer/Autoload/ClassLoader::initializeIncludeClosure():575}()
#1 [internal function]: Composer/Autoload/ClassLoader->loadClass()
#2 C:/Users/USER/Desktop/projet_tutore2/somagep/vendor/laravel/framework/src/Illuminate/Routing/Route.php(1187): ReflectionClass->__construct()
#3 C:/Users/USER/Desktop/projet_tutore2/somagep/vendor/laravel/framework/src/Illuminate/Routing/Route.php(1137): Illuminate/Routing/Route->attributeProvidedControllerMiddleware()
#4 C:/Users/USER/Desktop/projet_tutore2/somagep/vendor/laravel/framework/src/Illuminate/Routing/Route.php(1074): Illuminate/Routing/Route->controllerMiddleware()
#5 C:/Users/USER/Desktop/projet_tutore2/somagep/vendor/laravel/framework/src/Illuminate/Routing/Router.php(834): Illuminate/Routing/Route->gatherMiddleware()
#6 C:/Users/USER/Desktop/projet_tutore2/somagep/vendor/laravel/framework/src/Illuminate/Routing/Router.php(816): Illuminate/Routing/Router->gatherRouteMiddleware()
#7 C:/Users/USER/Desktop/projet_tutore2/somagep/vendor/laravel/framework/src/Illuminate/Routing/Router.php(800): Illuminate/Routing/Router->runRouteWithinStack()
#8 C:/Users/USER/Desktop/projet_tutore2/somagep/vendor/laravel/framework/src/Illuminate/Routing/Router.php(764): Illuminate/Routing/Router->runRoute()
#9 C:/Users/USER/Desktop/projet_tutore2/somagep/vendor/laravel/framework/src/Illuminate/Routing/Router.php(753): Illuminate/Routing/Router->dispatchToRoute()
#10 C:/Users/USER/Desktop/projet_tutore2/somagep/vendor/laravel/framework/src/Illuminate/Foundation/Http/Kernel.php(200): Illuminate/Routing/Router->dispatch()
#11 C:/Users/USER/Desktop/projet_tutore2/somagep/vendor/laravel/framework/src/Illuminate/Pipeline/Pipeline.php(180): Illuminate/Foundation/Http/Kernel->{closure:Illuminate/Foundation/Http/Kernel::dispatchToRouter():197}()
#12 C:/Users/USER/Desktop/projet_tutore2/somagep/vendor/laravel/framework/src/Illuminate/Foundation/Http/Middleware/TransformsRequest.php(21): Illuminate/Pipeline/Pipeline->{closure:Illuminate/Pipeline/Pipeline::prepareDestination():178}()
#13 C:/Users/USER/Desktop/projet_tutore2/somagep/vendor/laravel/framework/src/Illuminate/Foundation/Http/Middleware/ConvertEmptyStringsToNull.php(31): Illuminate/Foundation/Http/Middleware/TransformsRequest->handle()
#14 C:/Users/USER/Desktop/projet_tutore2/somagep/vendor/laravel/framework/src/Illuminate/Pipeline/Pipeline.php(219): Illuminate/Foundation/Http/Middleware/ConvertEmptyStringsToNull->handle()
#15 C:/Users/USER/Desktop/projet_tutore2/somagep/vendor/laravel/framework/src/Illuminate/Foundation/Http/Middleware/TransformsRequest.php(21): Illuminate/Pipeline/Pipeline->{closure:{closure:Illuminate/Pipeline/Pipeline::carry():194}:195}()
#16 C:/Users/USER/Desktop/projet_tutore2/somagep/vendor/laravel/framework/src/Illuminate/Foundation/Http/Middleware/TrimStrings.php(51): Illuminate/Foundation/Http/Middleware/TransformsRequest->handle()
#17 C:/Users/USER/Desktop/projet_tutore2/somagep/vendor/laravel/framework/src/Illuminate/Pipeline/Pipeline.php(219): Illuminate/Foundation/Http/Middleware/TrimStrings->handle()
#18 C:/Users/USER/Desktop/projet_tutore2/somagep/vendor/laravel/framework/src/Illuminate/Http/Middleware/ValidatePostSize.php(27): Illuminate/Pipeline/Pipeline->{closure:{closure:Illuminate/Pipeline/Pipeline::carry():194}:195}()
#19 C:/Users/USER/Desktop/projet_tutore2/somagep/vendor/laravel/framework/src/Illuminate/Pipeline/Pipeline.php(219): Illuminate/Http/Middleware/ValidatePostSize->handle()
#20 C:/Users/USER/Desktop/projet_tutore2/somagep/vendor/laravel/framework/src/Illuminate/Foundation/Http/Middleware/PreventRequestsDuringMaintenance.php(109): Illuminate/Pipeline/Pipeline->{closure:{closure:Illuminate/Pipeline/Pipeline::carry():194}:195}()
#21 C:/Users/USER/Desktop/projet_tutore2/somagep/vendor/laravel/framework/src/Illuminate/Pipeline/Pipeline.php(219): Illuminate/Foundation/Http/Middleware/PreventRequestsDuringMaintenance->handle()
#22 C:/Users/USER/Desktop/projet_tutore2/somagep/vendor/laravel/framework/src/Illuminate/Http/Middleware/HandleCors.php(61): Illuminate/Pipeline/Pipeline->{closure:{closure:Illuminate/Pipeline/Pipeline::carry():194}:195}()
#23 C:/Users/USER/Desktop/projet_tutore2/somagep/vendor/laravel/framework/src/Illuminate/Pipeline/Pipeline.php(219): Illuminate/Http/Middleware/HandleCors->handle()
#24 C:/Users/USER/Desktop/projet_tutore2/somagep/vendor/laravel/framework/src/Illuminate/Http/Middleware/TrustProxies.php(58): Illuminate/Pipeline/Pipeline->{closure:{closure:Illuminate/Pipeline/Pipeline::carry():194}:195}()
#25 C:/Users/USER/Desktop/projet_tutore2/somagep/vendor/laravel/framework/src/Illuminate/Pipeline/Pipeline.php(219): Illuminate/Http/Middleware/TrustProxies->handle()
#26 C:/Users/USER/Desktop/projet_tutore2/somagep/vendor/laravel/framework/src/Illuminate/Foundation/Http/Middleware/InvokeDeferredCallbacks.php(22): Illuminate/Pipeline/Pipeline->{closure:{closure:Illuminate/Pipeline/Pipeline::carry():194}:195}()
#27 C:/Users/USER/Desktop/projet_tutore2/somagep/vendor/laravel/framework/src/Illuminate/Pipeline/Pipeline.php(219): Illuminate/Foundation/Http/Middleware/InvokeDeferredCallbacks->handle()
#28 C:/Users/USER/Desktop/projet_tutore2/somagep/vendor/laravel/framework/src/Illuminate/Http/Middleware/ValidatePathEncoding.php(28): Illuminate/Pipeline/Pipeline->{closure:{closure:Illuminate/Pipeline/Pipeline::carry():194}:195}()
#29 C:/Users/USER/Desktop/projet_tutore2/somagep/vendor/laravel/framework/src/Illuminate/Pipeline/Pipeline.php(219): Illuminate/Http/Middleware/ValidatePathEncoding->handle()
#30 C:/Users/USER/Desktop/projet_tutore2/somagep/vendor/laravel/framework/src/Illuminate/Pipeline/Pipeline.php(137): Illuminate/Pipeline/Pipeline->{closure:{closure:Illuminate/Pipeline/Pipeline::carry():194}:195}()
#31 C:/Users/USER/Desktop/projet_tutore2/somagep/vendor/laravel/framework/src/Illuminate/Foundation/Http/Kernel.php(175): Illuminate/Pipeline/Pipeline->then()
#32 C:/Users/USER/Desktop/projet_tutore2/somagep/vendor/laravel/framework/src/Illuminate/Foundation/Http/Kernel.php(144): Illuminate/Foundation/Http/Kernel->sendRequestThroughRouter()
#33 C:/Users/USER/Desktop/projet_tutore2/somagep/vendor/laravel/framework/src/Illuminate/Foundation/Application.php(1220): Illuminate/Foundation/Http/Kernel->handle()
#34 C:/Users/USER/Desktop/projet_tutore2/somagep/public/index.php(20): Illuminate/Foundation/Application->handleRequest()
#35 C:/Users/USER/Desktop/projet_tutore2/somagep/vendor/laravel/framework/src/Illuminate/Foundation/resources/server.php(23): require_once('...')
#36 {main}
"} 
[2026-06-25 18:13:05] local.ERROR: syntax error, unexpected token "`", expecting ";" or "{" {"exception":"[object] (ParseError(code: 0): syntax error, unexpected token \"`\", expecting \";\" or \"{\" at C:/Users/USER/Desktop/projet_tutore2/somagep/app/Http/Controllers/AbonneController.php:75)
[stacktrace]
#0 C:/Users/USER/Desktop/projet_tutore2/somagep/vendor/composer/ClassLoader.php(427): {closure:Composer/Autoload/ClassLoader::initializeIncludeClosure():575}()
#1 [internal function]: Composer/Autoload/ClassLoader->loadClass()
#2 C:/Users/USER/Desktop/projet_tutore2/somagep/vendor/laravel/framework/src/Illuminate/Routing/Route.php(1187): ReflectionClass->__construct()
#3 C:/Users/USER/Desktop/projet_tutore2/somagep/vendor/laravel/framework/src/Illuminate/Routing/Route.php(1137): Illuminate/Routing/Route->attributeProvidedControllerMiddleware()
#4 C:/Users/USER/Desktop/projet_tutore2/somagep/vendor/laravel/framework/src/Illuminate/Routing/Route.php(1074): Illuminate/Routing/Route->controllerMiddleware()
#5 C:/Users/USER/Desktop/projet_tutore2/somagep/vendor/laravel/framework/src/Illuminate/Routing/Router.php(834): Illuminate/Routing/Route->gatherMiddleware()
#6 C:/Users/USER/Desktop/projet_tutore2/somagep/vendor/laravel/framework/src/Illuminate/Routing/Router.php(816): Illuminate/Routing/Router->gatherRouteMiddleware()
#7 C:/Users/USER/Desktop/projet_tutore2/somagep/vendor/laravel/framework/src/Illuminate/Routing/Router.php(800): Illuminate/Routing/Router->runRouteWithinStack()
#8 C:/Users/USER/Desktop/projet_tutore2/somagep/vendor/laravel/framework/src/Illuminate/Routing/Router.php(764): Illuminate/Routing/Router->runRoute()
#9 C:/Users/USER/Desktop/projet_tutore2/somagep/vendor/laravel/framework/src/Illuminate/Routing/Router.php(753): Illuminate/Routing/Router->dispatchToRoute()
#10 C:/Users/USER/Desktop/projet_tutore2/somagep/vendor/laravel/framework/src/Illuminate/Foundation/Http/Kernel.php(200): Illuminate/Routing/Router->dispatch()
#11 C:/Users/USER/Desktop/projet_tutore2/somagep/vendor/laravel/framework/src/Illuminate/Pipeline/Pipeline.php(180): Illuminate/Foundation/Http/Kernel->{closure:Illuminate/Foundation/Http/Kernel::dispatchToRouter():197}()
#12 C:/Users/USER/Desktop/projet_tutore2/somagep/vendor/laravel/framework/src/Illuminate/Foundation/Http/Middleware/TransformsRequest.php(21): Illuminate/Pipeline/Pipeline->{closure:Illuminate/Pipeline/Pipeline::prepareDestination():178}()
#13 C:/Users/USER/Desktop/projet_tutore2/somagep/vendor/laravel/framework/src/Illuminate/Foundation/Http/Middleware/ConvertEmptyStringsToNull.php(31): Illuminate/Foundation/Http/Middleware/TransformsRequest->handle()
#14 C:/Users/USER/Desktop/projet_tutore2/somagep/vendor/laravel/framework/src/Illuminate/Pipeline/Pipeline.php(219): Illuminate/Foundation/Http/Middleware/ConvertEmptyStringsToNull->handle()
#15 C:/Users/USER/Desktop/projet_tutore2/somagep/vendor/laravel/framework/src/Illuminate/Foundation/Http/Middleware/TransformsRequest.php(21): Illuminate/Pipeline/Pipeline->{closure:{closure:Illuminate/Pipeline/Pipeline::carry():194}:195}()
#16 C:/Users/USER/Desktop/projet_tutore2/somagep/vendor/laravel/framework/src/Illuminate/Foundation/Http/Middleware/TrimStrings.php(51): Illuminate/Foundation/Http/Middleware/TransformsRequest->handle()
#17 C:/Users/USER/Desktop/projet_tutore2/somagep/vendor/laravel/framework/src/Illuminate/Pipeline/Pipeline.php(219): Illuminate/Foundation/Http/Middleware/TrimStrings->handle()
#18 C:/Users/USER/Desktop/projet_tutore2/somagep/vendor/laravel/framework/src/Illuminate/Http/Middleware/ValidatePostSize.php(27): Illuminate/Pipeline/Pipeline->{closure:{closure:Illuminate/Pipeline/Pipeline::carry():194}:195}()
#19 C:/Users/USER/Desktop/projet_tutore2/somagep/vendor/laravel/framework/src/Illuminate/Pipeline/Pipeline.php(219): Illuminate/Http/Middleware/ValidatePostSize->handle()
#20 C:/Users/USER/Desktop/projet_tutore2/somagep/vendor/laravel/framework/src/Illuminate/Foundation/Http/Middleware/PreventRequestsDuringMaintenance.php(109): Illuminate/Pipeline/Pipeline->{closure:{closure:Illuminate/Pipeline/Pipeline::carry():194}:195}()
#21 C:/Users/USER/Desktop/projet_tutore2/somagep/vendor/laravel/framework/src/Illuminate/Pipeline/Pipeline.php(219): Illuminate/Foundation/Http/Middleware/PreventRequestsDuringMaintenance->handle()
#22 C:/Users/USER/Desktop/projet_tutore2/somagep/vendor/laravel/framework/src/Illuminate/Http/Middleware/HandleCors.php(61): Illuminate/Pipeline/Pipeline->{closure:{closure:Illuminate/Pipeline/Pipeline::carry():194}:195}()
#23 C:/Users/USER/Desktop/projet_tutore2/somagep/vendor/laravel/framework/src/Illuminate/Pipeline/Pipeline.php(219): Illuminate/Http/Middleware/HandleCors->handle()
#24 C:/Users/USER/Desktop/projet_tutore2/somagep/vendor/laravel/framework/src/Illuminate/Http/Middleware/TrustProxies.php(58): Illuminate/Pipeline/Pipeline->{closure:{closure:Illuminate/Pipeline/Pipeline::carry():194}:195}()
#25 C:/Users/USER/Desktop/projet_tutore2/somagep/vendor/laravel/framework/src/Illuminate/Pipeline/Pipeline.php(219): Illuminate/Http/Middleware/TrustProxies->handle()
#26 C:/Users/USER/Desktop/projet_tutore2/somagep/vendor/laravel/framework/src/Illuminate/Foundation/Http/Middleware/InvokeDeferredCallbacks.php(22): Illuminate/Pipeline/Pipeline->{closure:{closure:Illuminate/Pipeline/Pipeline::carry():194}:195}()
#27 C:/Users/USER/Desktop/projet_tutore2/somagep/vendor/laravel/framework/src/Illuminate/Pipeline/Pipeline.php(219): Illuminate/Foundation/Http/Middleware/InvokeDeferredCallbacks->handle()
#28 C:/Users/USER/Desktop/projet_tutore2/somagep/vendor/laravel/framework/src/Illuminate/Http/Middleware/ValidatePathEncoding.php(28): Illuminate/Pipeline/Pipeline->{closure:{closure:Illuminate/Pipeline/Pipeline::carry():194}:195}()
#29 C:/Users/USER/Desktop/projet_tutore2/somagep/vendor/laravel/framework/src/Illuminate/Pipeline/Pipeline.php(219): Illuminate/Http/Middleware/ValidatePathEncoding->handle()
#30 C:/Users/USER/Desktop/projet_tutore2/somagep/vendor/laravel/framework/src/Illuminate/Pipeline/Pipeline.php(137): Illuminate/Pipeline/Pipeline->{closure:{closure:Illuminate/Pipeline/Pipeline::carry():194}:195}()
#31 C:/Users/USER/Desktop/projet_tutore2/somagep/vendor/laravel/framework/src/Illuminate/Foundation/Http/Kernel.php(175): Illuminate/Pipeline/Pipeline->then()
#32 C:/Users/USER/Desktop/projet_tutore2/somagep/vendor/laravel/framework/src/Illuminate/Foundation/Http/Kernel.php(144): Illuminate/Foundation/Http/Kernel->sendRequestThroughRouter()
#33 C:/Users/USER/Desktop/projet_tutore2/somagep/vendor/laravel/framework/src/Illuminate/Foundation/Application.php(1220): Illuminate/Foundation/Http/Kernel->handle()
#34 C:/Users/USER/Desktop/projet_tutore2/somagep/public/index.php(20): Illuminate/Foundation/Application->handleRequest()
#35 C:/Users/USER/Desktop/projet_tutore2/somagep/vendor/laravel/framework/src/Illuminate/Foundation/resources/server.php(23): require_once('...')
#36 {main}
"} 
[2026-06-25 18:14:14] local.ERROR: syntax error, unexpected token "`", expecting ";" or "{" {"exception":"[object] (ParseError(code: 0): syntax error, unexpected token \"`\", expecting \";\" or \"{\" at C:/Users/USER/Desktop/projet_tutore2/somagep/app/Http/Controllers/AbonneController.php:75)
[stacktrace]
#0 C:/Users/USER/Desktop/projet_tutore2/somagep/vendor/composer/ClassLoader.php(427): {closure:Composer/Autoload/ClassLoader::initializeIncludeClosure():575}()
#1 [internal function]: Composer/Autoload/ClassLoader->loadClass()
#2 C:/Users/USER/Desktop/projet_tutore2/somagep/vendor/laravel/framework/src/Illuminate/Routing/Route.php(1187): ReflectionClass->__construct()
#3 C:/Users/USER/Desktop/projet_tutore2/somagep/vendor/laravel/framework/src/Illuminate/Routing/Route.php(1137): Illuminate/Routing/Route->attributeProvidedControllerMiddleware()
#4 C:/Users/USER/Desktop/projet_tutore2/somagep/vendor/laravel/framework/src/Illuminate/Routing/Route.php(1074): Illuminate/Routing/Route->controllerMiddleware()
#5 C:/Users/USER/Desktop/projet_tutore2/somagep/vendor/laravel/framework/src/Illuminate/Routing/Router.php(834): Illuminate/Routing/Route->gatherMiddleware()
#6 C:/Users/USER/Desktop/projet_tutore2/somagep/vendor/laravel/framework/src/Illuminate/Routing/Router.php(816): Illuminate/Routing/Router->gatherRouteMiddleware()
#7 C:/Users/USER/Desktop/projet_tutore2/somagep/vendor/laravel/framework/src/Illuminate/Routing/Router.php(800): Illuminate/Routing/Router->runRouteWithinStack()
#8 C:/Users/USER/Desktop/projet_tutore2/somagep/vendor/laravel/framework/src/Illuminate/Routing/Router.php(764): Illuminate/Routing/Router->runRoute()
#9 C:/Users/USER/Desktop/projet_tutore2/somagep/vendor/laravel/framework/src/Illuminate/Routing/Router.php(753): Illuminate/Routing/Router->dispatchToRoute()
#10 C:/Users/USER/Desktop/projet_tutore2/somagep/vendor/laravel/framework/src/Illuminate/Foundation/Http/Kernel.php(200): Illuminate/Routing/Router->dispatch()
#11 C:/Users/USER/Desktop/projet_tutore2/somagep/vendor/laravel/framework/src/Illuminate/Pipeline/Pipeline.php(180): Illuminate/Foundation/Http/Kernel->{closure:Illuminate/Foundation/Http/Kernel::dispatchToRouter():197}()
#12 C:/Users/USER/Desktop/projet_tutore2/somagep/vendor/laravel/framework/src/Illuminate/Foundation/Http/Middleware/TransformsRequest.php(21): Illuminate/Pipeline/Pipeline->{closure:Illuminate/Pipeline/Pipeline::prepareDestination():178}()
#13 C:/Users/USER/Desktop/projet_tutore2/somagep/vendor/laravel/framework/src/Illuminate/Foundation/Http/Middleware/ConvertEmptyStringsToNull.php(31): Illuminate/Foundation/Http/Middleware/TransformsRequest->handle()
#14 C:/Users/USER/Desktop/projet_tutore2/somagep/vendor/laravel/framework/src/Illuminate/Pipeline/Pipeline.php(219): Illuminate/Foundation/Http/Middleware/ConvertEmptyStringsToNull->handle()
#15 C:/Users/USER/Desktop/projet_tutore2/somagep/vendor/laravel/framework/src/Illuminate/Foundation/Http/Middleware/TransformsRequest.php(21): Illuminate/Pipeline/Pipeline->{closure:{closure:Illuminate/Pipeline/Pipeline::carry():194}:195}()
#16 C:/Users/USER/Desktop/projet_tutore2/somagep/vendor/laravel/framework/src/Illuminate/Foundation/Http/Middleware/TrimStrings.php(51): Illuminate/Foundation/Http/Middleware/TransformsRequest->handle()
#17 C:/Users/USER/Desktop/projet_tutore2/somagep/vendor/laravel/framework/src/Illuminate/Pipeline/Pipeline.php(219): Illuminate/Foundation/Http/Middleware/TrimStrings->handle()
#18 C:/Users/USER/Desktop/projet_tutore2/somagep/vendor/laravel/framework/src/Illuminate/Http/Middleware/ValidatePostSize.php(27): Illuminate/Pipeline/Pipeline->{closure:{closure:Illuminate/Pipeline/Pipeline::carry():194}:195}()
#19 C:/Users/USER/Desktop/projet_tutore2/somagep/vendor/laravel/framework/src/Illuminate/Pipeline/Pipeline.php(219): Illuminate/Http/Middleware/ValidatePostSize->handle()
#20 C:/Users/USER/Desktop/projet_tutore2/somagep/vendor/laravel/framework/src/Illuminate/Foundation/Http/Middleware/PreventRequestsDuringMaintenance.php(109): Illuminate/Pipeline/Pipeline->{closure:{closure:Illuminate/Pipeline/Pipeline::carry():194}:195}()
#21 C:/Users/USER/Desktop/projet_tutore2/somagep/vendor/laravel/framework/src/Illuminate/Pipeline/Pipeline.php(219): Illuminate/Foundation/Http/Middleware/PreventRequestsDuringMaintenance->handle()
#22 C:/Users/USER/Desktop/projet_tutore2/somagep/vendor/laravel/framework/src/Illuminate/Http/Middleware/HandleCors.php(61): Illuminate/Pipeline/Pipeline->{closure:{closure:Illuminate/Pipeline/Pipeline::carry():194}:195}()
#23 C:/Users/USER/Desktop/projet_tutore2/somagep/vendor/laravel/framework/src/Illuminate/Pipeline/Pipeline.php(219): Illuminate/Http/Middleware/HandleCors->handle()
#24 C:/Users/USER/Desktop/projet_tutore2/somagep/vendor/laravel/framework/src/Illuminate/Http/Middleware/TrustProxies.php(58): Illuminate/Pipeline/Pipeline->{closure:{closure:Illuminate/Pipeline/Pipeline::carry():194}:195}()
#25 C:/Users/USER/Desktop/projet_tutore2/somagep/vendor/laravel/framework/src/Illuminate/Pipeline/Pipeline.php(219): Illuminate/Http/Middleware/TrustProxies->handle()
#26 C:/Users/USER/Desktop/projet_tutore2/somagep/vendor/laravel/framework/src/Illuminate/Foundation/Http/Middleware/InvokeDeferredCallbacks.php(22): Illuminate/Pipeline/Pipeline->{closure:{closure:Illuminate/Pipeline/Pipeline::carry():194}:195}()
#27 C:/Users/USER/Desktop/projet_tutore2/somagep/vendor/laravel/framework/src/Illuminate/Pipeline/Pipeline.php(219): Illuminate/Foundation/Http/Middleware/InvokeDeferredCallbacks->handle()
#28 C:/Users/USER/Desktop/projet_tutore2/somagep/vendor/laravel/framework/src/Illuminate/Http/Middleware/ValidatePathEncoding.php(28): Illuminate/Pipeline/Pipeline->{closure:{closure:Illuminate/Pipeline/Pipeline::carry():194}:195}()
#29 C:/Users/USER/Desktop/projet_tutore2/somagep/vendor/laravel/framework/src/Illuminate/Pipeline/Pipeline.php(219): Illuminate/Http/Middleware/ValidatePathEncoding->handle()
#30 C:/Users/USER/Desktop/projet_tutore2/somagep/vendor/laravel/framework/src/Illuminate/Pipeline/Pipeline.php(137): Illuminate/Pipeline/Pipeline->{closure:{closure:Illuminate/Pipeline/Pipeline::carry():194}:195}()
#31 C:/Users/USER/Desktop/projet_tutore2/somagep/vendor/laravel/framework/src/Illuminate/Foundation/Http/Kernel.php(175): Illuminate/Pipeline/Pipeline->then()
#32 C:/Users/USER/Desktop/projet_tutore2/somagep/vendor/laravel/framework/src/Illuminate/Foundation/Http/Kernel.php(144): Illuminate/Foundation/Http/Kernel->sendRequestThroughRouter()
#33 C:/Users/USER/Desktop/projet_tutore2/somagep/vendor/laravel/framework/src/Illuminate/Foundation/Application.php(1220): Illuminate/Foundation/Http/Kernel->handle()
#34 C:/Users/USER/Desktop/projet_tutore2/somagep/public/index.php(20): Illuminate/Foundation/Application->handleRequest()
#35 C:/Users/USER/Desktop/projet_tutore2/somagep/vendor/laravel/framework/src/Illuminate/Foundation/resources/server.php(23): require_once('...')
#36 {main}
"} 
[2026-06-25 18:16:12] local.ERROR: syntax error, unexpected token "`", expecting ";" or "{" {"exception":"[object] (ParseError(code: 0): syntax error, unexpected token \"`\", expecting \";\" or \"{\" at C:/Users/USER/Desktop/projet_tutore2/somagep/app/Http/Controllers/AbonneController.php:75)
[stacktrace]
#0 C:/Users/USER/Desktop/projet_tutore2/somagep/vendor/composer/ClassLoader.php(427): {closure:Composer/Autoload/ClassLoader::initializeIncludeClosure():575}()
#1 [internal function]: Composer/Autoload/ClassLoader->loadClass()
#2 C:/Users/USER/Desktop/projet_tutore2/somagep/vendor/laravel/framework/src/Illuminate/Routing/Route.php(1187): ReflectionClass->__construct()
#3 C:/Users/USER/Desktop/projet_tutore2/somagep/vendor/laravel/framework/src/Illuminate/Routing/Route.php(1137): Illuminate/Routing/Route->attributeProvidedControllerMiddleware()
#4 C:/Users/USER/Desktop/projet_tutore2/somagep/vendor/laravel/framework/src/Illuminate/Routing/Route.php(1074): Illuminate/Routing/Route->controllerMiddleware()
#5 C:/Users/USER/Desktop/projet_tutore2/somagep/vendor/laravel/framework/src/Illuminate/Routing/Router.php(834): Illuminate/Routing/Route->gatherMiddleware()
#6 C:/Users/USER/Desktop/projet_tutore2/somagep/vendor/laravel/framework/src/Illuminate/Routing/Router.php(816): Illuminate/Routing/Router->gatherRouteMiddleware()
#7 C:/Users/USER/Desktop/projet_tutore2/somagep/vendor/laravel/framework/src/Illuminate/Routing/Router.php(800): Illuminate/Routing/Router->runRouteWithinStack()
#8 C:/Users/USER/Desktop/projet_tutore2/somagep/vendor/laravel/framework/src/Illuminate/Routing/Router.php(764): Illuminate/Routing/Router->runRoute()
#9 C:/Users/USER/Desktop/projet_tutore2/somagep/vendor/laravel/framework/src/Illuminate/Routing/Router.php(753): Illuminate/Routing/Router->dispatchToRoute()
#10 C:/Users/USER/Desktop/projet_tutore2/somagep/vendor/laravel/framework/src/Illuminate/Foundation/Http/Kernel.php(200): Illuminate/Routing/Router->dispatch()
#11 C:/Users/USER/Desktop/projet_tutore2/somagep/vendor/laravel/framework/src/Illuminate/Pipeline/Pipeline.php(180): Illuminate/Foundation/Http/Kernel->{closure:Illuminate/Foundation/Http/Kernel::dispatchToRouter():197}()
#12 C:/Users/USER/Desktop/projet_tutore2/somagep/vendor/laravel/framework/src/Illuminate/Foundation/Http/Middleware/TransformsRequest.php(21): Illuminate/Pipeline/Pipeline->{closure:Illuminate/Pipeline/Pipeline::prepareDestination():178}()
#13 C:/Users/USER/Desktop/projet_tutore2/somagep/vendor/laravel/framework/src/Illuminate/Foundation/Http/Middleware/ConvertEmptyStringsToNull.php(31): Illuminate/Foundation/Http/Middleware/TransformsRequest->handle()
#14 C:/Users/USER/Desktop/projet_tutore2/somagep/vendor/laravel/framework/src/Illuminate/Pipeline/Pipeline.php(219): Illuminate/Foundation/Http/Middleware/ConvertEmptyStringsToNull->handle()
#15 C:/Users/USER/Desktop/projet_tutore2/somagep/vendor/laravel/framework/src/Illuminate/Foundation/Http/Middleware/TransformsRequest.php(21): Illuminate/Pipeline/Pipeline->{closure:{closure:Illuminate/Pipeline/Pipeline::carry():194}:195}()
#16 C:/Users/USER/Desktop/projet_tutore2/somagep/vendor/laravel/framework/src/Illuminate/Foundation/Http/Middleware/TrimStrings.php(51): Illuminate/Foundation/Http/Middleware/TransformsRequest->handle()
#17 C:/Users/USER/Desktop/projet_tutore2/somagep/vendor/laravel/framework/src/Illuminate/Pipeline/Pipeline.php(219): Illuminate/Foundation/Http/Middleware/TrimStrings->handle()
#18 C:/Users/USER/Desktop/projet_tutore2/somagep/vendor/laravel/framework/src/Illuminate/Http/Middleware/ValidatePostSize.php(27): Illuminate/Pipeline/Pipeline->{closure:{closure:Illuminate/Pipeline/Pipeline::carry():194}:195}()
#19 C:/Users/USER/Desktop/projet_tutore2/somagep/vendor/laravel/framework/src/Illuminate/Pipeline/Pipeline.php(219): Illuminate/Http/Middleware/ValidatePostSize->handle()
#20 C:/Users/USER/Desktop/projet_tutore2/somagep/vendor/laravel/framework/src/Illuminate/Foundation/Http/Middleware/PreventRequestsDuringMaintenance.php(109): Illuminate/Pipeline/Pipeline->{closure:{closure:Illuminate/Pipeline/Pipeline::carry():194}:195}()
#21 C:/Users/USER/Desktop/projet_tutore2/somagep/vendor/laravel/framework/src/Illuminate/Pipeline/Pipeline.php(219): Illuminate/Foundation/Http/Middleware/PreventRequestsDuringMaintenance->handle()
#22 C:/Users/USER/Desktop/projet_tutore2/somagep/vendor/laravel/framework/src/Illuminate/Http/Middleware/HandleCors.php(61): Illuminate/Pipeline/Pipeline->{closure:{closure:Illuminate/Pipeline/Pipeline::carry():194}:195}()
#23 C:/Users/USER/Desktop/projet_tutore2/somagep/vendor/laravel/framework/src/Illuminate/Pipeline/Pipeline.php(219): Illuminate/Http/Middleware/HandleCors->handle()
#24 C:/Users/USER/Desktop/projet_tutore2/somagep/vendor/laravel/framework/src/Illuminate/Http/Middleware/TrustProxies.php(58): Illuminate/Pipeline/Pipeline->{closure:{closure:Illuminate/Pipeline/Pipeline::carry():194}:195}()
#25 C:/Users/USER/Desktop/projet_tutore2/somagep/vendor/laravel/framework/src/Illuminate/Pipeline/Pipeline.php(219): Illuminate/Http/Middleware/TrustProxies->handle()
#26 C:/Users/USER/Desktop/projet_tutore2/somagep/vendor/laravel/framework/src/Illuminate/Foundation/Http/Middleware/InvokeDeferredCallbacks.php(22): Illuminate/Pipeline/Pipeline->{closure:{closure:Illuminate/Pipeline/Pipeline::carry():194}:195}()
#27 C:/Users/USER/Desktop/projet_tutore2/somagep/vendor/laravel/framework/src/Illuminate/Pipeline/Pipeline.php(219): Illuminate/Foundation/Http/Middleware/InvokeDeferredCallbacks->handle()
#28 C:/Users/USER/Desktop/projet_tutore2/somagep/vendor/laravel/framework/src/Illuminate/Http/Middleware/ValidatePathEncoding.php(28): Illuminate/Pipeline/Pipeline->{closure:{closure:Illuminate/Pipeline/Pipeline::carry():194}:195}()
#29 C:/Users/USER/Desktop/projet_tutore2/somagep/vendor/laravel/framework/src/Illuminate/Pipeline/Pipeline.php(219): Illuminate/Http/Middleware/ValidatePathEncoding->handle()
#30 C:/Users/USER/Desktop/projet_tutore2/somagep/vendor/laravel/framework/src/Illuminate/Pipeline/Pipeline.php(137): Illuminate/Pipeline/Pipeline->{closure:{closure:Illuminate/Pipeline/Pipeline::carry():194}:195}()
#31 C:/Users/USER/Desktop/projet_tutore2/somagep/vendor/laravel/framework/src/Illuminate/Foundation/Http/Kernel.php(175): Illuminate/Pipeline/Pipeline->then()
#32 C:/Users/USER/Desktop/projet_tutore2/somagep/vendor/laravel/framework/src/Illuminate/Foundation/Http/Kernel.php(144): Illuminate/Foundation/Http/Kernel->sendRequestThroughRouter()
#33 C:/Users/USER/Desktop/projet_tutore2/somagep/vendor/laravel/framework/src/Illuminate/Foundation/Application.php(1220): Illuminate/Foundation/Http/Kernel->handle()
#34 C:/Users/USER/Desktop/projet_tutore2/somagep/public/index.php(20): Illuminate/Foundation/Application->handleRequest()
#35 C:/Users/USER/Desktop/projet_tutore2/somagep/vendor/laravel/framework/src/Illuminate/Foundation/resources/server.php(23): require_once('...')
#36 {main}
"} 
[2026-06-25 18:17:21] local.ERROR: syntax error, unexpected token "`", expecting ";" or "{" {"exception":"[object] (ParseError(code: 0): syntax error, unexpected token \"`\", expecting \";\" or \"{\" at C:/Users/USER/Desktop/projet_tutore2/somagep/app/Http/Controllers/AbonneController.php:75)
[stacktrace]
#0 C:/Users/USER/Desktop/projet_tutore2/somagep/vendor/composer/ClassLoader.php(427): {closure:Composer/Autoload/ClassLoader::initializeIncludeClosure():575}()
#1 [internal function]: Composer/Autoload/ClassLoader->loadClass()
#2 C:/Users/USER/Desktop/projet_tutore2/somagep/vendor/laravel/framework/src/Illuminate/Routing/Route.php(1187): ReflectionClass->__construct()
#3 C:/Users/USER/Desktop/projet_tutore2/somagep/vendor/laravel/framework/src/Illuminate/Routing/Route.php(1137): Illuminate/Routing/Route->attributeProvidedControllerMiddleware()
#4 C:/Users/USER/Desktop/projet_tutore2/somagep/vendor/laravel/framework/src/Illuminate/Routing/Route.php(1074): Illuminate/Routing/Route->controllerMiddleware()
#5 C:/Users/USER/Desktop/projet_tutore2/somagep/vendor/laravel/framework/src/Illuminate/Routing/Router.php(834): Illuminate/Routing/Route->gatherMiddleware()
#6 C:/Users/USER/Desktop/projet_tutore2/somagep/vendor/laravel/framework/src/Illuminate/Routing/Router.php(816): Illuminate/Routing/Router->gatherRouteMiddleware()
#7 C:/Users/USER/Desktop/projet_tutore2/somagep/vendor/laravel/framework/src/Illuminate/Routing/Router.php(800): Illuminate/Routing/Router->runRouteWithinStack()
#8 C:/Users/USER/Desktop/projet_tutore2/somagep/vendor/laravel/framework/src/Illuminate/Routing/Router.php(764): Illuminate/Routing/Router->runRoute()
#9 C:/Users/USER/Desktop/projet_tutore2/somagep/vendor/laravel/framework/src/Illuminate/Routing/Router.php(753): Illuminate/Routing/Router->dispatchToRoute()
#10 C:/Users/USER/Desktop/projet_tutore2/somagep/vendor/laravel/framework/src/Illuminate/Foundation/Http/Kernel.php(200): Illuminate/Routing/Router->dispatch()
#11 C:/Users/USER/Desktop/projet_tutore2/somagep/vendor/laravel/framework/src/Illuminate/Pipeline/Pipeline.php(180): Illuminate/Foundation/Http/Kernel->{closure:Illuminate/Foundation/Http/Kernel::dispatchToRouter():197}()
#12 C:/Users/USER/Desktop/projet_tutore2/somagep/vendor/laravel/framework/src/Illuminate/Foundation/Http/Middleware/TransformsRequest.php(21): Illuminate/Pipeline/Pipeline->{closure:Illuminate/Pipeline/Pipeline::prepareDestination():178}()
#13 C:/Users/USER/Desktop/projet_tutore2/somagep/vendor/laravel/framework/src/Illuminate/Foundation/Http/Middleware/ConvertEmptyStringsToNull.php(31): Illuminate/Foundation/Http/Middleware/TransformsRequest->handle()
#14 C:/Users/USER/Desktop/projet_tutore2/somagep/vendor/laravel/framework/src/Illuminate/Pipeline/Pipeline.php(219): Illuminate/Foundation/Http/Middleware/ConvertEmptyStringsToNull->handle()
#15 C:/Users/USER/Desktop/projet_tutore2/somagep/vendor/laravel/framework/src/Illuminate/Foundation/Http/Middleware/TransformsRequest.php(21): Illuminate/Pipeline/Pipeline->{closure:{closure:Illuminate/Pipeline/Pipeline::carry():194}:195}()
#16 C:/Users/USER/Desktop/projet_tutore2/somagep/vendor/laravel/framework/src/Illuminate/Foundation/Http/Middleware/TrimStrings.php(51): Illuminate/Foundation/Http/Middleware/TransformsRequest->handle()
#17 C:/Users/USER/Desktop/projet_tutore2/somagep/vendor/laravel/framework/src/Illuminate/Pipeline/Pipeline.php(219): Illuminate/Foundation/Http/Middleware/TrimStrings->handle()
#18 C:/Users/USER/Desktop/projet_tutore2/somagep/vendor/laravel/framework/src/Illuminate/Http/Middleware/ValidatePostSize.php(27): Illuminate/Pipeline/Pipeline->{closure:{closure:Illuminate/Pipeline/Pipeline::carry():194}:195}()
#19 C:/Users/USER/Desktop/projet_tutore2/somagep/vendor/laravel/framework/src/Illuminate/Pipeline/Pipeline.php(219): Illuminate/Http/Middleware/ValidatePostSize->handle()
#20 C:/Users/USER/Desktop/projet_tutore2/somagep/vendor/laravel/framework/src/Illuminate/Foundation/Http/Middleware/PreventRequestsDuringMaintenance.php(109): Illuminate/Pipeline/Pipeline->{closure:{closure:Illuminate/Pipeline/Pipeline::carry():194}:195}()
#21 C:/Users/USER/Desktop/projet_tutore2/somagep/vendor/laravel/framework/src/Illuminate/Pipeline/Pipeline.php(219): Illuminate/Foundation/Http/Middleware/PreventRequestsDuringMaintenance->handle()
#22 C:/Users/USER/Desktop/projet_tutore2/somagep/vendor/laravel/framework/src/Illuminate/Http/Middleware/HandleCors.php(61): Illuminate/Pipeline/Pipeline->{closure:{closure:Illuminate/Pipeline/Pipeline::carry():194}:195}()
#23 C:/Users/USER/Desktop/projet_tutore2/somagep/vendor/laravel/framework/src/Illuminate/Pipeline/Pipeline.php(219): Illuminate/Http/Middleware/HandleCors->handle()
#24 C:/Users/USER/Desktop/projet_tutore2/somagep/vendor/laravel/framework/src/Illuminate/Http/Middleware/TrustProxies.php(58): Illuminate/Pipeline/Pipeline->{closure:{closure:Illuminate/Pipeline/Pipeline::carry():194}:195}()
#25 C:/Users/USER/Desktop/projet_tutore2/somagep/vendor/laravel/framework/src/Illuminate/Pipeline/Pipeline.php(219): Illuminate/Http/Middleware/TrustProxies->handle()
#26 C:/Users/USER/Desktop/projet_tutore2/somagep/vendor/laravel/framework/src/Illuminate/Foundation/Http/Middleware/InvokeDeferredCallbacks.php(22): Illuminate/Pipeline/Pipeline->{closure:{closure:Illuminate/Pipeline/Pipeline::carry():194}:195}()
#27 C:/Users/USER/Desktop/projet_tutore2/somagep/vendor/laravel/framework/src/Illuminate/Pipeline/Pipeline.php(219): Illuminate/Foundation/Http/Middleware/InvokeDeferredCallbacks->handle()
#28 C:/Users/USER/Desktop/projet_tutore2/somagep/vendor/laravel/framework/src/Illuminate/Http/Middleware/ValidatePathEncoding.php(28): Illuminate/Pipeline/Pipeline->{closure:{closure:Illuminate/Pipeline/Pipeline::carry():194}:195}()
#29 C:/Users/USER/Desktop/projet_tutore2/somagep/vendor/laravel/framework/src/Illuminate/Pipeline/Pipeline.php(219): Illuminate/Http/Middleware/ValidatePathEncoding->handle()
#30 C:/Users/USER/Desktop/projet_tutore2/somagep/vendor/laravel/framework/src/Illuminate/Pipeline/Pipeline.php(137): Illuminate/Pipeline/Pipeline->{closure:{closure:Illuminate/Pipeline/Pipeline::carry():194}:195}()
#31 C:/Users/USER/Desktop/projet_tutore2/somagep/vendor/laravel/framework/src/Illuminate/Foundation/Http/Kernel.php(175): Illuminate/Pipeline/Pipeline->then()
#32 C:/Users/USER/Desktop/projet_tutore2/somagep/vendor/laravel/framework/src/Illuminate/Foundation/Http/Kernel.php(144): Illuminate/Foundation/Http/Kernel->sendRequestThroughRouter()
#33 C:/Users/USER/Desktop/projet_tutore2/somagep/vendor/laravel/framework/src/Illuminate/Foundation/Application.php(1220): Illuminate/Foundation/Http/Kernel->handle()
#34 C:/Users/USER/Desktop/projet_tutore2/somagep/public/index.php(20): Illuminate/Foundation/Application->handleRequest()
#35 C:/Users/USER/Desktop/projet_tutore2/somagep/vendor/laravel/framework/src/Illuminate/Foundation/resources/server.php(23): require_once('...')
#36 {main}
"} 
[2026-06-25 18:21:34] local.ERROR: syntax error, unexpected token "`", expecting ";" or "{" {"exception":"[object] (ParseError(code: 0): syntax error, unexpected token \"`\", expecting \";\" or \"{\" at C:/Users/USER/Desktop/projet_tutore2/somagep/app/Http/Controllers/AbonneController.php:75)
[stacktrace]
#0 C:/Users/USER/Desktop/projet_tutore2/somagep/vendor/composer/ClassLoader.php(427): {closure:Composer/Autoload/ClassLoader::initializeIncludeClosure():575}()
#1 [internal function]: Composer/Autoload/ClassLoader->loadClass()
#2 C:/Users/USER/Desktop/projet_tutore2/somagep/vendor/laravel/framework/src/Illuminate/Routing/Route.php(1187): ReflectionClass->__construct()
#3 C:/Users/USER/Desktop/projet_tutore2/somagep/vendor/laravel/framework/src/Illuminate/Routing/Route.php(1137): Illuminate/Routing/Route->attributeProvidedControllerMiddleware()
#4 C:/Users/USER/Desktop/projet_tutore2/somagep/vendor/laravel/framework/src/Illuminate/Routing/Route.php(1074): Illuminate/Routing/Route->controllerMiddleware()
#5 C:/Users/USER/Desktop/projet_tutore2/somagep/vendor/laravel/framework/src/Illuminate/Routing/Router.php(834): Illuminate/Routing/Route->gatherMiddleware()
#6 C:/Users/USER/Desktop/projet_tutore2/somagep/vendor/laravel/framework/src/Illuminate/Routing/Router.php(816): Illuminate/Routing/Router->gatherRouteMiddleware()
#7 C:/Users/USER/Desktop/projet_tutore2/somagep/vendor/laravel/framework/src/Illuminate/Routing/Router.php(800): Illuminate/Routing/Router->runRouteWithinStack()
#8 C:/Users/USER/Desktop/projet_tutore2/somagep/vendor/laravel/framework/src/Illuminate/Routing/Router.php(764): Illuminate/Routing/Router->runRoute()
#9 C:/Users/USER/Desktop/projet_tutore2/somagep/vendor/laravel/framework/src/Illuminate/Routing/Router.php(753): Illuminate/Routing/Router->dispatchToRoute()
#10 C:/Users/USER/Desktop/projet_tutore2/somagep/vendor/laravel/framework/src/Illuminate/Foundation/Http/Kernel.php(200): Illuminate/Routing/Router->dispatch()
#11 C:/Users/USER/Desktop/projet_tutore2/somagep/vendor/laravel/framework/src/Illuminate/Pipeline/Pipeline.php(180): Illuminate/Foundation/Http/Kernel->{closure:Illuminate/Foundation/Http/Kernel::dispatchToRouter():197}()
#12 C:/Users/USER/Desktop/projet_tutore2/somagep/vendor/laravel/framework/src/Illuminate/Foundation/Http/Middleware/TransformsRequest.php(21): Illuminate/Pipeline/Pipeline->{closure:Illuminate/Pipeline/Pipeline::prepareDestination():178}()
#13 C:/Users/USER/Desktop/projet_tutore2/somagep/vendor/laravel/framework/src/Illuminate/Foundation/Http/Middleware/ConvertEmptyStringsToNull.php(31): Illuminate/Foundation/Http/Middleware/TransformsRequest->handle()
#14 C:/Users/USER/Desktop/projet_tutore2/somagep/vendor/laravel/framework/src/Illuminate/Pipeline/Pipeline.php(219): Illuminate/Foundation/Http/Middleware/ConvertEmptyStringsToNull->handle()
#15 C:/Users/USER/Desktop/projet_tutore2/somagep/vendor/laravel/framework/src/Illuminate/Foundation/Http/Middleware/TransformsRequest.php(21): Illuminate/Pipeline/Pipeline->{closure:{closure:Illuminate/Pipeline/Pipeline::carry():194}:195}()
#16 C:/Users/USER/Desktop/projet_tutore2/somagep/vendor/laravel/framework/src/Illuminate/Foundation/Http/Middleware/TrimStrings.php(51): Illuminate/Foundation/Http/Middleware/TransformsRequest->handle()
#17 C:/Users/USER/Desktop/projet_tutore2/somagep/vendor/laravel/framework/src/Illuminate/Pipeline/Pipeline.php(219): Illuminate/Foundation/Http/Middleware/TrimStrings->handle()
#18 C:/Users/USER/Desktop/projet_tutore2/somagep/vendor/laravel/framework/src/Illuminate/Http/Middleware/ValidatePostSize.php(27): Illuminate/Pipeline/Pipeline->{closure:{closure:Illuminate/Pipeline/Pipeline::carry():194}:195}()
#19 C:/Users/USER/Desktop/projet_tutore2/somagep/vendor/laravel/framework/src/Illuminate/Pipeline/Pipeline.php(219): Illuminate/Http/Middleware/ValidatePostSize->handle()
#20 C:/Users/USER/Desktop/projet_tutore2/somagep/vendor/laravel/framework/src/Illuminate/Foundation/Http/Middleware/PreventRequestsDuringMaintenance.php(109): Illuminate/Pipeline/Pipeline->{closure:{closure:Illuminate/Pipeline/Pipeline::carry():194}:195}()
#21 C:/Users/USER/Desktop/projet_tutore2/somagep/vendor/laravel/framework/src/Illuminate/Pipeline/Pipeline.php(219): Illuminate/Foundation/Http/Middleware/PreventRequestsDuringMaintenance->handle()
#22 C:/Users/USER/Desktop/projet_tutore2/somagep/vendor/laravel/framework/src/Illuminate/Http/Middleware/HandleCors.php(61): Illuminate/Pipeline/Pipeline->{closure:{closure:Illuminate/Pipeline/Pipeline::carry():194}:195}()
#23 C:/Users/USER/Desktop/projet_tutore2/somagep/vendor/laravel/framework/src/Illuminate/Pipeline/Pipeline.php(219): Illuminate/Http/Middleware/HandleCors->handle()
#24 C:/Users/USER/Desktop/projet_tutore2/somagep/vendor/laravel/framework/src/Illuminate/Http/Middleware/TrustProxies.php(58): Illuminate/Pipeline/Pipeline->{closure:{closure:Illuminate/Pipeline/Pipeline::carry():194}:195}()
#25 C:/Users/USER/Desktop/projet_tutore2/somagep/vendor/laravel/framework/src/Illuminate/Pipeline/Pipeline.php(219): Illuminate/Http/Middleware/TrustProxies->handle()
#26 C:/Users/USER/Desktop/projet_tutore2/somagep/vendor/laravel/framework/src/Illuminate/Foundation/Http/Middleware/InvokeDeferredCallbacks.php(22): Illuminate/Pipeline/Pipeline->{closure:{closure:Illuminate/Pipeline/Pipeline::carry():194}:195}()
#27 C:/Users/USER/Desktop/projet_tutore2/somagep/vendor/laravel/framework/src/Illuminate/Pipeline/Pipeline.php(219): Illuminate/Foundation/Http/Middleware/InvokeDeferredCallbacks->handle()
#28 C:/Users/USER/Desktop/projet_tutore2/somagep/vendor/laravel/framework/src/Illuminate/Http/Middleware/ValidatePathEncoding.php(28): Illuminate/Pipeline/Pipeline->{closure:{closure:Illuminate/Pipeline/Pipeline::carry():194}:195}()
#29 C:/Users/USER/Desktop/projet_tutore2/somagep/vendor/laravel/framework/src/Illuminate/Pipeline/Pipeline.php(219): Illuminate/Http/Middleware/ValidatePathEncoding->handle()
#30 C:/Users/USER/Desktop/projet_tutore2/somagep/vendor/laravel/framework/src/Illuminate/Pipeline/Pipeline.php(137): Illuminate/Pipeline/Pipeline->{closure:{closure:Illuminate/Pipeline/Pipeline::carry():194}:195}()
#31 C:/Users/USER/Desktop/projet_tutore2/somagep/vendor/laravel/framework/src/Illuminate/Foundation/Http/Kernel.php(175): Illuminate/Pipeline/Pipeline->then()
#32 C:/Users/USER/Desktop/projet_tutore2/somagep/vendor/laravel/framework/src/Illuminate/Foundation/Http/Kernel.php(144): Illuminate/Foundation/Http/Kernel->sendRequestThroughRouter()
#33 C:/Users/USER/Desktop/projet_tutore2/somagep/vendor/laravel/framework/src/Illuminate/Foundation/Application.php(1220): Illuminate/Foundation/Http/Kernel->handle()
#34 C:/Users/USER/Desktop/projet_tutore2/somagep/public/index.php(20): Illuminate/Foundation/Application->handleRequest()
#35 C:/Users/USER/Desktop/projet_tutore2/somagep/vendor/laravel/framework/src/Illuminate/Foundation/resources/server.php(23): require_once('...')
#36 {main}
"} 
[2026-06-25 18:21:38] local.ERROR: syntax error, unexpected token "`", expecting ";" or "{" {"exception":"[object] (ParseError(code: 0): syntax error, unexpected token \"`\", expecting \";\" or \"{\" at C:/Users/USER/Desktop/projet_tutore2/somagep/app/Http/Controllers/AbonneController.php:75)
[stacktrace]
#0 C:/Users/USER/Desktop/projet_tutore2/somagep/vendor/composer/ClassLoader.php(427): {closure:Composer/Autoload/ClassLoader::initializeIncludeClosure():575}()
#1 [internal function]: Composer/Autoload/ClassLoader->loadClass()
#2 C:/Users/USER/Desktop/projet_tutore2/somagep/vendor/laravel/framework/src/Illuminate/Routing/Route.php(1187): ReflectionClass->__construct()
#3 C:/Users/USER/Desktop/projet_tutore2/somagep/vendor/laravel/framework/src/Illuminate/Routing/Route.php(1137): Illuminate/Routing/Route->attributeProvidedControllerMiddleware()
#4 C:/Users/USER/Desktop/projet_tutore2/somagep/vendor/laravel/framework/src/Illuminate/Routing/Route.php(1074): Illuminate/Routing/Route->controllerMiddleware()
#5 C:/Users/USER/Desktop/projet_tutore2/somagep/vendor/laravel/framework/src/Illuminate/Routing/Router.php(834): Illuminate/Routing/Route->gatherMiddleware()
#6 C:/Users/USER/Desktop/projet_tutore2/somagep/vendor/laravel/framework/src/Illuminate/Routing/Router.php(816): Illuminate/Routing/Router->gatherRouteMiddleware()
#7 C:/Users/USER/Desktop/projet_tutore2/somagep/vendor/laravel/framework/src/Illuminate/Routing/Router.php(800): Illuminate/Routing/Router->runRouteWithinStack()
#8 C:/Users/USER/Desktop/projet_tutore2/somagep/vendor/laravel/framework/src/Illuminate/Routing/Router.php(764): Illuminate/Routing/Router->runRoute()
#9 C:/Users/USER/Desktop/projet_tutore2/somagep/vendor/laravel/framework/src/Illuminate/Routing/Router.php(753): Illuminate/Routing/Router->dispatchToRoute()
#10 C:/Users/USER/Desktop/projet_tutore2/somagep/vendor/laravel/framework/src/Illuminate/Foundation/Http/Kernel.php(200): Illuminate/Routing/Router->dispatch()
#11 C:/Users/USER/Desktop/projet_tutore2/somagep/vendor/laravel/framework/src/Illuminate/Pipeline/Pipeline.php(180): Illuminate/Foundation/Http/Kernel->{closure:Illuminate/Foundation/Http/Kernel::dispatchToRouter():197}()
#12 C:/Users/USER/Desktop/projet_tutore2/somagep/vendor/laravel/framework/src/Illuminate/Foundation/Http/Middleware/TransformsRequest.php(21): Illuminate/Pipeline/Pipeline->{closure:Illuminate/Pipeline/Pipeline::prepareDestination():178}()
#13 C:/Users/USER/Desktop/projet_tutore2/somagep/vendor/laravel/framework/src/Illuminate/Foundation/Http/Middleware/ConvertEmptyStringsToNull.php(31): Illuminate/Foundation/Http/Middleware/TransformsRequest->handle()
#14 C:/Users/USER/Desktop/projet_tutore2/somagep/vendor/laravel/framework/src/Illuminate/Pipeline/Pipeline.php(219): Illuminate/Foundation/Http/Middleware/ConvertEmptyStringsToNull->handle()
#15 C:/Users/USER/Desktop/projet_tutore2/somagep/vendor/laravel/framework/src/Illuminate/Foundation/Http/Middleware/TransformsRequest.php(21): Illuminate/Pipeline/Pipeline->{closure:{closure:Illuminate/Pipeline/Pipeline::carry():194}:195}()
#16 C:/Users/USER/Desktop/projet_tutore2/somagep/vendor/laravel/framework/src/Illuminate/Foundation/Http/Middleware/TrimStrings.php(51): Illuminate/Foundation/Http/Middleware/TransformsRequest->handle()
#17 C:/Users/USER/Desktop/projet_tutore2/somagep/vendor/laravel/framework/src/Illuminate/Pipeline/Pipeline.php(219): Illuminate/Foundation/Http/Middleware/TrimStrings->handle()
#18 C:/Users/USER/Desktop/projet_tutore2/somagep/vendor/laravel/framework/src/Illuminate/Http/Middleware/ValidatePostSize.php(27): Illuminate/Pipeline/Pipeline->{closure:{closure:Illuminate/Pipeline/Pipeline::carry():194}:195}()
#19 C:/Users/USER/Desktop/projet_tutore2/somagep/vendor/laravel/framework/src/Illuminate/Pipeline/Pipeline.php(219): Illuminate/Http/Middleware/ValidatePostSize->handle()
#20 C:/Users/USER/Desktop/projet_tutore2/somagep/vendor/laravel/framework/src/Illuminate/Foundation/Http/Middleware/PreventRequestsDuringMaintenance.php(109): Illuminate/Pipeline/Pipeline->{closure:{closure:Illuminate/Pipeline/Pipeline::carry():194}:195}()
#21 C:/Users/USER/Desktop/projet_tutore2/somagep/vendor/laravel/framework/src/Illuminate/Pipeline/Pipeline.php(219): Illuminate/Foundation/Http/Middleware/PreventRequestsDuringMaintenance->handle()
#22 C:/Users/USER/Desktop/projet_tutore2/somagep/vendor/laravel/framework/src/Illuminate/Http/Middleware/HandleCors.php(61): Illuminate/Pipeline/Pipeline->{closure:{closure:Illuminate/Pipeline/Pipeline::carry():194}:195}()
#23 C:/Users/USER/Desktop/projet_tutore2/somagep/vendor/laravel/framework/src/Illuminate/Pipeline/Pipeline.php(219): Illuminate/Http/Middleware/HandleCors->handle()
#24 C:/Users/USER/Desktop/projet_tutore2/somagep/vendor/laravel/framework/src/Illuminate/Http/Middleware/TrustProxies.php(58): Illuminate/Pipeline/Pipeline->{closure:{closure:Illuminate/Pipeline/Pipeline::carry():194}:195}()
#25 C:/Users/USER/Desktop/projet_tutore2/somagep/vendor/laravel/framework/src/Illuminate/Pipeline/Pipeline.php(219): Illuminate/Http/Middleware/TrustProxies->handle()
#26 C:/Users/USER/Desktop/projet_tutore2/somagep/vendor/laravel/framework/src/Illuminate/Foundation/Http/Middleware/InvokeDeferredCallbacks.php(22): Illuminate/Pipeline/Pipeline->{closure:{closure:Illuminate/Pipeline/Pipeline::carry():194}:195}()
#27 C:/Users/USER/Desktop/projet_tutore2/somagep/vendor/laravel/framework/src/Illuminate/Pipeline/Pipeline.php(219): Illuminate/Foundation/Http/Middleware/InvokeDeferredCallbacks->handle()
#28 C:/Users/USER/Desktop/projet_tutore2/somagep/vendor/laravel/framework/src/Illuminate/Http/Middleware/ValidatePathEncoding.php(28): Illuminate/Pipeline/Pipeline->{closure:{closure:Illuminate/Pipeline/Pipeline::carry():194}:195}()
#29 C:/Users/USER/Desktop/projet_tutore2/somagep/vendor/laravel/framework/src/Illuminate/Pipeline/Pipeline.php(219): Illuminate/Http/Middleware/ValidatePathEncoding->handle()
#30 C:/Users/USER/Desktop/projet_tutore2/somagep/vendor/laravel/framework/src/Illuminate/Pipeline/Pipeline.php(137): Illuminate/Pipeline/Pipeline->{closure:{closure:Illuminate/Pipeline/Pipeline::carry():194}:195}()
#31 C:/Users/USER/Desktop/projet_tutore2/somagep/vendor/laravel/framework/src/Illuminate/Foundation/Http/Kernel.php(175): Illuminate/Pipeline/Pipeline->then()
#32 C:/Users/USER/Desktop/projet_tutore2/somagep/vendor/laravel/framework/src/Illuminate/Foundation/Http/Kernel.php(144): Illuminate/Foundation/Http/Kernel->sendRequestThroughRouter()
#33 C:/Users/USER/Desktop/projet_tutore2/somagep/vendor/laravel/framework/src/Illuminate/Foundation/Application.php(1220): Illuminate/Foundation/Http/Kernel->handle()
#34 C:/Users/USER/Desktop/projet_tutore2/somagep/public/index.php(20): Illuminate/Foundation/Application->handleRequest()
#35 C:/Users/USER/Desktop/projet_tutore2/somagep/vendor/laravel/framework/src/Illuminate/Foundation/resources/server.php(23): require_once('...')
#36 {main}
"} 
[2026-06-25 18:21:50] local.ERROR: syntax error, unexpected token "`", expecting ";" or "{" {"exception":"[object] (ParseError(code: 0): syntax error, unexpected token \"`\", expecting \";\" or \"{\" at C:/Users/USER/Desktop/projet_tutore2/somagep/app/Http/Controllers/AbonneController.php:75)
[stacktrace]
#0 C:/Users/USER/Desktop/projet_tutore2/somagep/vendor/composer/ClassLoader.php(427): {closure:Composer/Autoload/ClassLoader::initializeIncludeClosure():575}()
#1 [internal function]: Composer/Autoload/ClassLoader->loadClass()
#2 C:/Users/USER/Desktop/projet_tutore2/somagep/vendor/laravel/framework/src/Illuminate/Routing/Route.php(1187): ReflectionClass->__construct()
#3 C:/Users/USER/Desktop/projet_tutore2/somagep/vendor/laravel/framework/src/Illuminate/Routing/Route.php(1137): Illuminate/Routing/Route->attributeProvidedControllerMiddleware()
#4 C:/Users/USER/Desktop/projet_tutore2/somagep/vendor/laravel/framework/src/Illuminate/Routing/Route.php(1074): Illuminate/Routing/Route->controllerMiddleware()
#5 C:/Users/USER/Desktop/projet_tutore2/somagep/vendor/laravel/framework/src/Illuminate/Routing/Router.php(834): Illuminate/Routing/Route->gatherMiddleware()
#6 C:/Users/USER/Desktop/projet_tutore2/somagep/vendor/laravel/framework/src/Illuminate/Routing/Router.php(816): Illuminate/Routing/Router->gatherRouteMiddleware()
#7 C:/Users/USER/Desktop/projet_tutore2/somagep/vendor/laravel/framework/src/Illuminate/Routing/Router.php(800): Illuminate/Routing/Router->runRouteWithinStack()
#8 C:/Users/USER/Desktop/projet_tutore2/somagep/vendor/laravel/framework/src/Illuminate/Routing/Router.php(764): Illuminate/Routing/Router->runRoute()
#9 C:/Users/USER/Desktop/projet_tutore2/somagep/vendor/laravel/framework/src/Illuminate/Routing/Router.php(753): Illuminate/Routing/Router->dispatchToRoute()
#10 C:/Users/USER/Desktop/projet_tutore2/somagep/vendor/laravel/framework/src/Illuminate/Foundation/Http/Kernel.php(200): Illuminate/Routing/Router->dispatch()
#11 C:/Users/USER/Desktop/projet_tutore2/somagep/vendor/laravel/framework/src/Illuminate/Pipeline/Pipeline.php(180): Illuminate/Foundation/Http/Kernel->{closure:Illuminate/Foundation/Http/Kernel::dispatchToRouter():197}()
#12 C:/Users/USER/Desktop/projet_tutore2/somagep/vendor/laravel/framework/src/Illuminate/Foundation/Http/Middleware/TransformsRequest.php(21): Illuminate/Pipeline/Pipeline->{closure:Illuminate/Pipeline/Pipeline::prepareDestination():178}()
#13 C:/Users/USER/Desktop/projet_tutore2/somagep/vendor/laravel/framework/src/Illuminate/Foundation/Http/Middleware/ConvertEmptyStringsToNull.php(31): Illuminate/Foundation/Http/Middleware/TransformsRequest->handle()
#14 C:/Users/USER/Desktop/projet_tutore2/somagep/vendor/laravel/framework/src/Illuminate/Pipeline/Pipeline.php(219): Illuminate/Foundation/Http/Middleware/ConvertEmptyStringsToNull->handle()
#15 C:/Users/USER/Desktop/projet_tutore2/somagep/vendor/laravel/framework/src/Illuminate/Foundation/Http/Middleware/TransformsRequest.php(21): Illuminate/Pipeline/Pipeline->{closure:{closure:Illuminate/Pipeline/Pipeline::carry():194}:195}()
#16 C:/Users/USER/Desktop/projet_tutore2/somagep/vendor/laravel/framework/src/Illuminate/Foundation/Http/Middleware/TrimStrings.php(51): Illuminate/Foundation/Http/Middleware/TransformsRequest->handle()
#17 C:/Users/USER/Desktop/projet_tutore2/somagep/vendor/laravel/framework/src/Illuminate/Pipeline/Pipeline.php(219): Illuminate/Foundation/Http/Middleware/TrimStrings->handle()
#18 C:/Users/USER/Desktop/projet_tutore2/somagep/vendor/laravel/framework/src/Illuminate/Http/Middleware/ValidatePostSize.php(27): Illuminate/Pipeline/Pipeline->{closure:{closure:Illuminate/Pipeline/Pipeline::carry():194}:195}()
#19 C:/Users/USER/Desktop/projet_tutore2/somagep/vendor/laravel/framework/src/Illuminate/Pipeline/Pipeline.php(219): Illuminate/Http/Middleware/ValidatePostSize->handle()
#20 C:/Users/USER/Desktop/projet_tutore2/somagep/vendor/laravel/framework/src/Illuminate/Foundation/Http/Middleware/PreventRequestsDuringMaintenance.php(109): Illuminate/Pipeline/Pipeline->{closure:{closure:Illuminate/Pipeline/Pipeline::carry():194}:195}()
#21 C:/Users/USER/Desktop/projet_tutore2/somagep/vendor/laravel/framework/src/Illuminate/Pipeline/Pipeline.php(219): Illuminate/Foundation/Http/Middleware/PreventRequestsDuringMaintenance->handle()
#22 C:/Users/USER/Desktop/projet_tutore2/somagep/vendor/laravel/framework/src/Illuminate/Http/Middleware/HandleCors.php(61): Illuminate/Pipeline/Pipeline->{closure:{closure:Illuminate/Pipeline/Pipeline::carry():194}:195}()
#23 C:/Users/USER/Desktop/projet_tutore2/somagep/vendor/laravel/framework/src/Illuminate/Pipeline/Pipeline.php(219): Illuminate/Http/Middleware/HandleCors->handle()
#24 C:/Users/USER/Desktop/projet_tutore2/somagep/vendor/laravel/framework/src/Illuminate/Http/Middleware/TrustProxies.php(58): Illuminate/Pipeline/Pipeline->{closure:{closure:Illuminate/Pipeline/Pipeline::carry():194}:195}()
#25 C:/Users/USER/Desktop/projet_tutore2/somagep/vendor/laravel/framework/src/Illuminate/Pipeline/Pipeline.php(219): Illuminate/Http/Middleware/TrustProxies->handle()
#26 C:/Users/USER/Desktop/projet_tutore2/somagep/vendor/laravel/framework/src/Illuminate/Foundation/Http/Middleware/InvokeDeferredCallbacks.php(22): Illuminate/Pipeline/Pipeline->{closure:{closure:Illuminate/Pipeline/Pipeline::carry():194}:195}()
#27 C:/Users/USER/Desktop/projet_tutore2/somagep/vendor/laravel/framework/src/Illuminate/Pipeline/Pipeline.php(219): Illuminate/Foundation/Http/Middleware/InvokeDeferredCallbacks->handle()
#28 C:/Users/USER/Desktop/projet_tutore2/somagep/vendor/laravel/framework/src/Illuminate/Http/Middleware/ValidatePathEncoding.php(28): Illuminate/Pipeline/Pipeline->{closure:{closure:Illuminate/Pipeline/Pipeline::carry():194}:195}()
#29 C:/Users/USER/Desktop/projet_tutore2/somagep/vendor/laravel/framework/src/Illuminate/Pipeline/Pipeline.php(219): Illuminate/Http/Middleware/ValidatePathEncoding->handle()
#30 C:/Users/USER/Desktop/projet_tutore2/somagep/vendor/laravel/framework/src/Illuminate/Pipeline/Pipeline.php(137): Illuminate/Pipeline/Pipeline->{closure:{closure:Illuminate/Pipeline/Pipeline::carry():194}:195}()
#31 C:/Users/USER/Desktop/projet_tutore2/somagep/vendor/laravel/framework/src/Illuminate/Foundation/Http/Kernel.php(175): Illuminate/Pipeline/Pipeline->then()
#32 C:/Users/USER/Desktop/projet_tutore2/somagep/vendor/laravel/framework/src/Illuminate/Foundation/Http/Kernel.php(144): Illuminate/Foundation/Http/Kernel->sendRequestThroughRouter()
#33 C:/Users/USER/Desktop/projet_tutore2/somagep/vendor/laravel/framework/src/Illuminate/Foundation/Application.php(1220): Illuminate/Foundation/Http/Kernel->handle()
#34 C:/Users/USER/Desktop/projet_tutore2/somagep/public/index.php(20): Illuminate/Foundation/Application->handleRequest()
#35 C:/Users/USER/Desktop/projet_tutore2/somagep/vendor/laravel/framework/src/Illuminate/Foundation/resources/server.php(23): require_once('...')
#36 {main}
"} 
[2026-06-25 18:22:09] local.ERROR: syntax error, unexpected token "`", expecting ";" or "{" {"exception":"[object] (ParseError(code: 0): syntax error, unexpected token \"`\", expecting \";\" or \"{\" at C:/Users/USER/Desktop/projet_tutore2/somagep/app/Http/Controllers/AbonneController.php:75)
[stacktrace]
#0 C:/Users/USER/Desktop/projet_tutore2/somagep/vendor/composer/ClassLoader.php(427): {closure:Composer/Autoload/ClassLoader::initializeIncludeClosure():575}()
#1 [internal function]: Composer/Autoload/ClassLoader->loadClass()
#2 C:/Users/USER/Desktop/projet_tutore2/somagep/vendor/laravel/framework/src/Illuminate/Routing/Route.php(1187): ReflectionClass->__construct()
#3 C:/Users/USER/Desktop/projet_tutore2/somagep/vendor/laravel/framework/src/Illuminate/Routing/Route.php(1137): Illuminate/Routing/Route->attributeProvidedControllerMiddleware()
#4 C:/Users/USER/Desktop/projet_tutore2/somagep/vendor/laravel/framework/src/Illuminate/Routing/Route.php(1074): Illuminate/Routing/Route->controllerMiddleware()
#5 C:/Users/USER/Desktop/projet_tutore2/somagep/vendor/laravel/framework/src/Illuminate/Routing/Router.php(834): Illuminate/Routing/Route->gatherMiddleware()
#6 C:/Users/USER/Desktop/projet_tutore2/somagep/vendor/laravel/framework/src/Illuminate/Routing/Router.php(816): Illuminate/Routing/Router->gatherRouteMiddleware()
#7 C:/Users/USER/Desktop/projet_tutore2/somagep/vendor/laravel/framework/src/Illuminate/Routing/Router.php(800): Illuminate/Routing/Router->runRouteWithinStack()
#8 C:/Users/USER/Desktop/projet_tutore2/somagep/vendor/laravel/framework/src/Illuminate/Routing/Router.php(764): Illuminate/Routing/Router->runRoute()
#9 C:/Users/USER/Desktop/projet_tutore2/somagep/vendor/laravel/framework/src/Illuminate/Routing/Router.php(753): Illuminate/Routing/Router->dispatchToRoute()
#10 C:/Users/USER/Desktop/projet_tutore2/somagep/vendor/laravel/framework/src/Illuminate/Foundation/Http/Kernel.php(200): Illuminate/Routing/Router->dispatch()
#11 C:/Users/USER/Desktop/projet_tutore2/somagep/vendor/laravel/framework/src/Illuminate/Pipeline/Pipeline.php(180): Illuminate/Foundation/Http/Kernel->{closure:Illuminate/Foundation/Http/Kernel::dispatchToRouter():197}()
#12 C:/Users/USER/Desktop/projet_tutore2/somagep/vendor/laravel/framework/src/Illuminate/Foundation/Http/Middleware/TransformsRequest.php(21): Illuminate/Pipeline/Pipeline->{closure:Illuminate/Pipeline/Pipeline::prepareDestination():178}()
#13 C:/Users/USER/Desktop/projet_tutore2/somagep/vendor/laravel/framework/src/Illuminate/Foundation/Http/Middleware/ConvertEmptyStringsToNull.php(31): Illuminate/Foundation/Http/Middleware/TransformsRequest->handle()
#14 C:/Users/USER/Desktop/projet_tutore2/somagep/vendor/laravel/framework/src/Illuminate/Pipeline/Pipeline.php(219): Illuminate/Foundation/Http/Middleware/ConvertEmptyStringsToNull->handle()
#15 C:/Users/USER/Desktop/projet_tutore2/somagep/vendor/laravel/framework/src/Illuminate/Foundation/Http/Middleware/TransformsRequest.php(21): Illuminate/Pipeline/Pipeline->{closure:{closure:Illuminate/Pipeline/Pipeline::carry():194}:195}()
#16 C:/Users/USER/Desktop/projet_tutore2/somagep/vendor/laravel/framework/src/Illuminate/Foundation/Http/Middleware/TrimStrings.php(51): Illuminate/Foundation/Http/Middleware/TransformsRequest->handle()
#17 C:/Users/USER/Desktop/projet_tutore2/somagep/vendor/laravel/framework/src/Illuminate/Pipeline/Pipeline.php(219): Illuminate/Foundation/Http/Middleware/TrimStrings->handle()
#18 C:/Users/USER/Desktop/projet_tutore2/somagep/vendor/laravel/framework/src/Illuminate/Http/Middleware/ValidatePostSize.php(27): Illuminate/Pipeline/Pipeline->{closure:{closure:Illuminate/Pipeline/Pipeline::carry():194}:195}()
#19 C:/Users/USER/Desktop/projet_tutore2/somagep/vendor/laravel/framework/src/Illuminate/Pipeline/Pipeline.php(219): Illuminate/Http/Middleware/ValidatePostSize->handle()
#20 C:/Users/USER/Desktop/projet_tutore2/somagep/vendor/laravel/framework/src/Illuminate/Foundation/Http/Middleware/PreventRequestsDuringMaintenance.php(109): Illuminate/Pipeline/Pipeline->{closure:{closure:Illuminate/Pipeline/Pipeline::carry():194}:195}()
#21 C:/Users/USER/Desktop/projet_tutore2/somagep/vendor/laravel/framework/src/Illuminate/Pipeline/Pipeline.php(219): Illuminate/Foundation/Http/Middleware/PreventRequestsDuringMaintenance->handle()
#22 C:/Users/USER/Desktop/projet_tutore2/somagep/vendor/laravel/framework/src/Illuminate/Http/Middleware/HandleCors.php(61): Illuminate/Pipeline/Pipeline->{closure:{closure:Illuminate/Pipeline/Pipeline::carry():194}:195}()
#23 C:/Users/USER/Desktop/projet_tutore2/somagep/vendor/laravel/framework/src/Illuminate/Pipeline/Pipeline.php(219): Illuminate/Http/Middleware/HandleCors->handle()
#24 C:/Users/USER/Desktop/projet_tutore2/somagep/vendor/laravel/framework/src/Illuminate/Http/Middleware/TrustProxies.php(58): Illuminate/Pipeline/Pipeline->{closure:{closure:Illuminate/Pipeline/Pipeline::carry():194}:195}()
#25 C:/Users/USER/Desktop/projet_tutore2/somagep/vendor/laravel/framework/src/Illuminate/Pipeline/Pipeline.php(219): Illuminate/Http/Middleware/TrustProxies->handle()
#26 C:/Users/USER/Desktop/projet_tutore2/somagep/vendor/laravel/framework/src/Illuminate/Foundation/Http/Middleware/InvokeDeferredCallbacks.php(22): Illuminate/Pipeline/Pipeline->{closure:{closure:Illuminate/Pipeline/Pipeline::carry():194}:195}()
#27 C:/Users/USER/Desktop/projet_tutore2/somagep/vendor/laravel/framework/src/Illuminate/Pipeline/Pipeline.php(219): Illuminate/Foundation/Http/Middleware/InvokeDeferredCallbacks->handle()
#28 C:/Users/USER/Desktop/projet_tutore2/somagep/vendor/laravel/framework/src/Illuminate/Http/Middleware/ValidatePathEncoding.php(28): Illuminate/Pipeline/Pipeline->{closure:{closure:Illuminate/Pipeline/Pipeline::carry():194}:195}()
#29 C:/Users/USER/Desktop/projet_tutore2/somagep/vendor/laravel/framework/src/Illuminate/Pipeline/Pipeline.php(219): Illuminate/Http/Middleware/ValidatePathEncoding->handle()
#30 C:/Users/USER/Desktop/projet_tutore2/somagep/vendor/laravel/framework/src/Illuminate/Pipeline/Pipeline.php(137): Illuminate/Pipeline/Pipeline->{closure:{closure:Illuminate/Pipeline/Pipeline::carry():194}:195}()
#31 C:/Users/USER/Desktop/projet_tutore2/somagep/vendor/laravel/framework/src/Illuminate/Foundation/Http/Kernel.php(175): Illuminate/Pipeline/Pipeline->then()
#32 C:/Users/USER/Desktop/projet_tutore2/somagep/vendor/laravel/framework/src/Illuminate/Foundation/Http/Kernel.php(144): Illuminate/Foundation/Http/Kernel->sendRequestThroughRouter()
#33 C:/Users/USER/Desktop/projet_tutore2/somagep/vendor/laravel/framework/src/Illuminate/Foundation/Application.php(1220): Illuminate/Foundation/Http/Kernel->handle()
#34 C:/Users/USER/Desktop/projet_tutore2/somagep/public/index.php(20): Illuminate/Foundation/Application->handleRequest()
#35 C:/Users/USER/Desktop/projet_tutore2/somagep/vendor/laravel/framework/src/Illuminate/Foundation/resources/server.php(23): require_once('...')
#36 {main}
"} 
[2026-06-25 18:23:28] local.ERROR: syntax error, unexpected token "`", expecting ";" or "{" {"exception":"[object] (ParseError(code: 0): syntax error, unexpected token \"`\", expecting \";\" or \"{\" at C:/Users/USER/Desktop/projet_tutore2/somagep/app/Http/Controllers/AbonneController.php:75)
[stacktrace]
#0 C:/Users/USER/Desktop/projet_tutore2/somagep/vendor/composer/ClassLoader.php(427): {closure:Composer/Autoload/ClassLoader::initializeIncludeClosure():575}()
#1 [internal function]: Composer/Autoload/ClassLoader->loadClass()
#2 C:/Users/USER/Desktop/projet_tutore2/somagep/vendor/laravel/framework/src/Illuminate/Routing/Route.php(1187): ReflectionClass->__construct()
#3 C:/Users/USER/Desktop/projet_tutore2/somagep/vendor/laravel/framework/src/Illuminate/Routing/Route.php(1137): Illuminate/Routing/Route->attributeProvidedControllerMiddleware()
#4 C:/Users/USER/Desktop/projet_tutore2/somagep/vendor/laravel/framework/src/Illuminate/Routing/Route.php(1074): Illuminate/Routing/Route->controllerMiddleware()
#5 C:/Users/USER/Desktop/projet_tutore2/somagep/vendor/laravel/framework/src/Illuminate/Routing/Router.php(834): Illuminate/Routing/Route->gatherMiddleware()
#6 C:/Users/USER/Desktop/projet_tutore2/somagep/vendor/laravel/framework/src/Illuminate/Routing/Router.php(816): Illuminate/Routing/Router->gatherRouteMiddleware()
#7 C:/Users/USER/Desktop/projet_tutore2/somagep/vendor/laravel/framework/src/Illuminate/Routing/Router.php(800): Illuminate/Routing/Router->runRouteWithinStack()
#8 C:/Users/USER/Desktop/projet_tutore2/somagep/vendor/laravel/framework/src/Illuminate/Routing/Router.php(764): Illuminate/Routing/Router->runRoute()
#9 C:/Users/USER/Desktop/projet_tutore2/somagep/vendor/laravel/framework/src/Illuminate/Routing/Router.php(753): Illuminate/Routing/Router->dispatchToRoute()
#10 C:/Users/USER/Desktop/projet_tutore2/somagep/vendor/laravel/framework/src/Illuminate/Foundation/Http/Kernel.php(200): Illuminate/Routing/Router->dispatch()
#11 C:/Users/USER/Desktop/projet_tutore2/somagep/vendor/laravel/framework/src/Illuminate/Pipeline/Pipeline.php(180): Illuminate/Foundation/Http/Kernel->{closure:Illuminate/Foundation/Http/Kernel::dispatchToRouter():197}()
#12 C:/Users/USER/Desktop/projet_tutore2/somagep/vendor/laravel/framework/src/Illuminate/Foundation/Http/Middleware/TransformsRequest.php(21): Illuminate/Pipeline/Pipeline->{closure:Illuminate/Pipeline/Pipeline::prepareDestination():178}()
#13 C:/Users/USER/Desktop/projet_tutore2/somagep/vendor/laravel/framework/src/Illuminate/Foundation/Http/Middleware/ConvertEmptyStringsToNull.php(31): Illuminate/Foundation/Http/Middleware/TransformsRequest->handle()
#14 C:/Users/USER/Desktop/projet_tutore2/somagep/vendor/laravel/framework/src/Illuminate/Pipeline/Pipeline.php(219): Illuminate/Foundation/Http/Middleware/ConvertEmptyStringsToNull->handle()
#15 C:/Users/USER/Desktop/projet_tutore2/somagep/vendor/laravel/framework/src/Illuminate/Foundation/Http/Middleware/TransformsRequest.php(21): Illuminate/Pipeline/Pipeline->{closure:{closure:Illuminate/Pipeline/Pipeline::carry():194}:195}()
#16 C:/Users/USER/Desktop/projet_tutore2/somagep/vendor/laravel/framework/src/Illuminate/Foundation/Http/Middleware/TrimStrings.php(51): Illuminate/Foundation/Http/Middleware/TransformsRequest->handle()
#17 C:/Users/USER/Desktop/projet_tutore2/somagep/vendor/laravel/framework/src/Illuminate/Pipeline/Pipeline.php(219): Illuminate/Foundation/Http/Middleware/TrimStrings->handle()
#18 C:/Users/USER/Desktop/projet_tutore2/somagep/vendor/laravel/framework/src/Illuminate/Http/Middleware/ValidatePostSize.php(27): Illuminate/Pipeline/Pipeline->{closure:{closure:Illuminate/Pipeline/Pipeline::carry():194}:195}()
#19 C:/Users/USER/Desktop/projet_tutore2/somagep/vendor/laravel/framework/src/Illuminate/Pipeline/Pipeline.php(219): Illuminate/Http/Middleware/ValidatePostSize->handle()
#20 C:/Users/USER/Desktop/projet_tutore2/somagep/vendor/laravel/framework/src/Illuminate/Foundation/Http/Middleware/PreventRequestsDuringMaintenance.php(109): Illuminate/Pipeline/Pipeline->{closure:{closure:Illuminate/Pipeline/Pipeline::carry():194}:195}()
#21 C:/Users/USER/Desktop/projet_tutore2/somagep/vendor/laravel/framework/src/Illuminate/Pipeline/Pipeline.php(219): Illuminate/Foundation/Http/Middleware/PreventRequestsDuringMaintenance->handle()
#22 C:/Users/USER/Desktop/projet_tutore2/somagep/vendor/laravel/framework/src/Illuminate/Http/Middleware/HandleCors.php(61): Illuminate/Pipeline/Pipeline->{closure:{closure:Illuminate/Pipeline/Pipeline::carry():194}:195}()
#23 C:/Users/USER/Desktop/projet_tutore2/somagep/vendor/laravel/framework/src/Illuminate/Pipeline/Pipeline.php(219): Illuminate/Http/Middleware/HandleCors->handle()
#24 C:/Users/USER/Desktop/projet_tutore2/somagep/vendor/laravel/framework/src/Illuminate/Http/Middleware/TrustProxies.php(58): Illuminate/Pipeline/Pipeline->{closure:{closure:Illuminate/Pipeline/Pipeline::carry():194}:195}()
#25 C:/Users/USER/Desktop/projet_tutore2/somagep/vendor/laravel/framework/src/Illuminate/Pipeline/Pipeline.php(219): Illuminate/Http/Middleware/TrustProxies->handle()
#26 C:/Users/USER/Desktop/projet_tutore2/somagep/vendor/laravel/framework/src/Illuminate/Foundation/Http/Middleware/InvokeDeferredCallbacks.php(22): Illuminate/Pipeline/Pipeline->{closure:{closure:Illuminate/Pipeline/Pipeline::carry():194}:195}()
#27 C:/Users/USER/Desktop/projet_tutore2/somagep/vendor/laravel/framework/src/Illuminate/Pipeline/Pipeline.php(219): Illuminate/Foundation/Http/Middleware/InvokeDeferredCallbacks->handle()
#28 C:/Users/USER/Desktop/projet_tutore2/somagep/vendor/laravel/framework/src/Illuminate/Http/Middleware/ValidatePathEncoding.php(28): Illuminate/Pipeline/Pipeline->{closure:{closure:Illuminate/Pipeline/Pipeline::carry():194}:195}()
#29 C:/Users/USER/Desktop/projet_tutore2/somagep/vendor/laravel/framework/src/Illuminate/Pipeline/Pipeline.php(219): Illuminate/Http/Middleware/ValidatePathEncoding->handle()
#30 C:/Users/USER/Desktop/projet_tutore2/somagep/vendor/laravel/framework/src/Illuminate/Pipeline/Pipeline.php(137): Illuminate/Pipeline/Pipeline->{closure:{closure:Illuminate/Pipeline/Pipeline::carry():194}:195}()
#31 C:/Users/USER/Desktop/projet_tutore2/somagep/vendor/laravel/framework/src/Illuminate/Foundation/Http/Kernel.php(175): Illuminate/Pipeline/Pipeline->then()
#32 C:/Users/USER/Desktop/projet_tutore2/somagep/vendor/laravel/framework/src/Illuminate/Foundation/Http/Kernel.php(144): Illuminate/Foundation/Http/Kernel->sendRequestThroughRouter()
#33 C:/Users/USER/Desktop/projet_tutore2/somagep/vendor/laravel/framework/src/Illuminate/Foundation/Application.php(1220): Illuminate/Foundation/Http/Kernel->handle()
#34 C:/Users/USER/Desktop/projet_tutore2/somagep/public/index.php(20): Illuminate/Foundation/Application->handleRequest()
#35 C:/Users/USER/Desktop/projet_tutore2/somagep/vendor/laravel/framework/src/Illuminate/Foundation/resources/server.php(23): require_once('...')
#36 {main}
"} 
[2026-06-25 18:24:50] local.ERROR: syntax error, unexpected token "`", expecting ";" or "{" {"exception":"[object] (ParseError(code: 0): syntax error, unexpected token \"`\", expecting \";\" or \"{\" at C:/Users/USER/Desktop/projet_tutore2/somagep/app/Http/Controllers/AbonneController.php:75)
[stacktrace]
#0 C:/Users/USER/Desktop/projet_tutore2/somagep/vendor/composer/ClassLoader.php(427): {closure:Composer/Autoload/ClassLoader::initializeIncludeClosure():575}()
#1 [internal function]: Composer/Autoload/ClassLoader->loadClass()
#2 C:/Users/USER/Desktop/projet_tutore2/somagep/vendor/laravel/framework/src/Illuminate/Routing/Route.php(1187): ReflectionClass->__construct()
#3 C:/Users/USER/Desktop/projet_tutore2/somagep/vendor/laravel/framework/src/Illuminate/Routing/Route.php(1137): Illuminate/Routing/Route->attributeProvidedControllerMiddleware()
#4 C:/Users/USER/Desktop/projet_tutore2/somagep/vendor/laravel/framework/src/Illuminate/Routing/Route.php(1074): Illuminate/Routing/Route->controllerMiddleware()
#5 C:/Users/USER/Desktop/projet_tutore2/somagep/vendor/laravel/framework/src/Illuminate/Routing/Router.php(834): Illuminate/Routing/Route->gatherMiddleware()
#6 C:/Users/USER/Desktop/projet_tutore2/somagep/vendor/laravel/framework/src/Illuminate/Routing/Router.php(816): Illuminate/Routing/Router->gatherRouteMiddleware()
#7 C:/Users/USER/Desktop/projet_tutore2/somagep/vendor/laravel/framework/src/Illuminate/Routing/Router.php(800): Illuminate/Routing/Router->runRouteWithinStack()
#8 C:/Users/USER/Desktop/projet_tutore2/somagep/vendor/laravel/framework/src/Illuminate/Routing/Router.php(764): Illuminate/Routing/Router->runRoute()
#9 C:/Users/USER/Desktop/projet_tutore2/somagep/vendor/laravel/framework/src/Illuminate/Routing/Router.php(753): Illuminate/Routing/Router->dispatchToRoute()
#10 C:/Users/USER/Desktop/projet_tutore2/somagep/vendor/laravel/framework/src/Illuminate/Foundation/Http/Kernel.php(200): Illuminate/Routing/Router->dispatch()
#11 C:/Users/USER/Desktop/projet_tutore2/somagep/vendor/laravel/framework/src/Illuminate/Pipeline/Pipeline.php(180): Illuminate/Foundation/Http/Kernel->{closure:Illuminate/Foundation/Http/Kernel::dispatchToRouter():197}()
#12 C:/Users/USER/Desktop/projet_tutore2/somagep/vendor/laravel/framework/src/Illuminate/Foundation/Http/Middleware/TransformsRequest.php(21): Illuminate/Pipeline/Pipeline->{closure:Illuminate/Pipeline/Pipeline::prepareDestination():178}()
#13 C:/Users/USER/Desktop/projet_tutore2/somagep/vendor/laravel/framework/src/Illuminate/Foundation/Http/Middleware/ConvertEmptyStringsToNull.php(31): Illuminate/Foundation/Http/Middleware/TransformsRequest->handle()
#14 C:/Users/USER/Desktop/projet_tutore2/somagep/vendor/laravel/framework/src/Illuminate/Pipeline/Pipeline.php(219): Illuminate/Foundation/Http/Middleware/ConvertEmptyStringsToNull->handle()
#15 C:/Users/USER/Desktop/projet_tutore2/somagep/vendor/laravel/framework/src/Illuminate/Foundation/Http/Middleware/TransformsRequest.php(21): Illuminate/Pipeline/Pipeline->{closure:{closure:Illuminate/Pipeline/Pipeline::carry():194}:195}()
#16 C:/Users/USER/Desktop/projet_tutore2/somagep/vendor/laravel/framework/src/Illuminate/Foundation/Http/Middleware/TrimStrings.php(51): Illuminate/Foundation/Http/Middleware/TransformsRequest->handle()
#17 C:/Users/USER/Desktop/projet_tutore2/somagep/vendor/laravel/framework/src/Illuminate/Pipeline/Pipeline.php(219): Illuminate/Foundation/Http/Middleware/TrimStrings->handle()
#18 C:/Users/USER/Desktop/projet_tutore2/somagep/vendor/laravel/framework/src/Illuminate/Http/Middleware/ValidatePostSize.php(27): Illuminate/Pipeline/Pipeline->{closure:{closure:Illuminate/Pipeline/Pipeline::carry():194}:195}()
#19 C:/Users/USER/Desktop/projet_tutore2/somagep/vendor/laravel/framework/src/Illuminate/Pipeline/Pipeline.php(219): Illuminate/Http/Middleware/ValidatePostSize->handle()
#20 C:/Users/USER/Desktop/projet_tutore2/somagep/vendor/laravel/framework/src/Illuminate/Foundation/Http/Middleware/PreventRequestsDuringMaintenance.php(109): Illuminate/Pipeline/Pipeline->{closure:{closure:Illuminate/Pipeline/Pipeline::carry():194}:195}()
#21 C:/Users/USER/Desktop/projet_tutore2/somagep/vendor/laravel/framework/src/Illuminate/Pipeline/Pipeline.php(219): Illuminate/Foundation/Http/Middleware/PreventRequestsDuringMaintenance->handle()
#22 C:/Users/USER/Desktop/projet_tutore2/somagep/vendor/laravel/framework/src/Illuminate/Http/Middleware/HandleCors.php(61): Illuminate/Pipeline/Pipeline->{closure:{closure:Illuminate/Pipeline/Pipeline::carry():194}:195}()
#23 C:/Users/USER/Desktop/projet_tutore2/somagep/vendor/laravel/framework/src/Illuminate/Pipeline/Pipeline.php(219): Illuminate/Http/Middleware/HandleCors->handle()
#24 C:/Users/USER/Desktop/projet_tutore2/somagep/vendor/laravel/framework/src/Illuminate/Http/Middleware/TrustProxies.php(58): Illuminate/Pipeline/Pipeline->{closure:{closure:Illuminate/Pipeline/Pipeline::carry():194}:195}()
#25 C:/Users/USER/Desktop/projet_tutore2/somagep/vendor/laravel/framework/src/Illuminate/Pipeline/Pipeline.php(219): Illuminate/Http/Middleware/TrustProxies->handle()
#26 C:/Users/USER/Desktop/projet_tutore2/somagep/vendor/laravel/framework/src/Illuminate/Foundation/Http/Middleware/InvokeDeferredCallbacks.php(22): Illuminate/Pipeline/Pipeline->{closure:{closure:Illuminate/Pipeline/Pipeline::carry():194}:195}()
#27 C:/Users/USER/Desktop/projet_tutore2/somagep/vendor/laravel/framework/src/Illuminate/Pipeline/Pipeline.php(219): Illuminate/Foundation/Http/Middleware/InvokeDeferredCallbacks->handle()
#28 C:/Users/USER/Desktop/projet_tutore2/somagep/vendor/laravel/framework/src/Illuminate/Http/Middleware/ValidatePathEncoding.php(28): Illuminate/Pipeline/Pipeline->{closure:{closure:Illuminate/Pipeline/Pipeline::carry():194}:195}()
#29 C:/Users/USER/Desktop/projet_tutore2/somagep/vendor/laravel/framework/src/Illuminate/Pipeline/Pipeline.php(219): Illuminate/Http/Middleware/ValidatePathEncoding->handle()
#30 C:/Users/USER/Desktop/projet_tutore2/somagep/vendor/laravel/framework/src/Illuminate/Pipeline/Pipeline.php(137): Illuminate/Pipeline/Pipeline->{closure:{closure:Illuminate/Pipeline/Pipeline::carry():194}:195}()
#31 C:/Users/USER/Desktop/projet_tutore2/somagep/vendor/laravel/framework/src/Illuminate/Foundation/Http/Kernel.php(175): Illuminate/Pipeline/Pipeline->then()
#32 C:/Users/USER/Desktop/projet_tutore2/somagep/vendor/laravel/framework/src/Illuminate/Foundation/Http/Kernel.php(144): Illuminate/Foundation/Http/Kernel->sendRequestThroughRouter()
#33 C:/Users/USER/Desktop/projet_tutore2/somagep/vendor/laravel/framework/src/Illuminate/Foundation/Application.php(1220): Illuminate/Foundation/Http/Kernel->handle()
#34 C:/Users/USER/Desktop/projet_tutore2/somagep/public/index.php(20): Illuminate/Foundation/Application->handleRequest()
#35 C:/Users/USER/Desktop/projet_tutore2/somagep/vendor/laravel/framework/src/Illuminate/Foundation/resources/server.php(23): require_once('...')
#36 {main}
"} 
